Datetime (UTC),Country,Zone name,Zone id,Carbon intensity gCO₂eq/kWh (direct),Carbon intensity gCO₂eq/kWh (Life cycle),Carbon-free energy percentage (CFE%),Renewable energy percentage (RE%),Data source,Data estimated,Data estimation method
2025-01-01T00:00:00.000000,Canada,Québec,CA-QC,12.36,43.0,97.12,92.66,hydroquebec.com,false,""
2025-01-01T01:00:00.000000,Canada,Québec,CA-QC,11.85,42.42,97.27,92.15,hydroquebec.com,false,""
2025-01-01T02:00:00.000000,Canada,Québec,CA-QC,10.94,41.29,97.54,92.23,hydroquebec.com,false,""
2025-01-01T03:00:00.000000,Canada,Québec,CA-QC,11.3,41.76,97.46,91.88,hydroquebec.com,false,""
2025-01-01T04:00:00.000000,Canada,Québec,CA-QC,11.23,41.86,97.51,92.07,hydroquebec.com,false,""
2025-01-01T05:00:00.000000,Canada,Québec,CA-QC,10.51,40.85,97.71,91.56,hydroquebec.com,false,""
2025-01-01T06:00:00.000000,Canada,Québec,CA-QC,10.22,40.4,97.79,91.31,hydroquebec.com,false,""
2025-01-01T07:00:00.000000,Canada,Québec,CA-QC,10.15,40.3,97.8,91.33,hydroquebec.com,false,""
2025-01-01T08:00:00.000000,Canada,Québec,CA-QC,10.4,40.44,97.76,91.12,hydroquebec.com,false,""
2025-01-01T09:00:00.000000,Canada,Québec,CA-QC,10.51,40.46,97.73,91.18,hydroquebec.com,false,""
2025-01-01T10:00:00.000000,Canada,Québec,CA-QC,10.54,40.41,97.71,91.39,hydroquebec.com,false,""
2025-01-01T11:00:00.000000,Canada,Québec,CA-QC,10.14,39.79,97.79,91.58,hydroquebec.com,false,""
2025-01-01T12:00:00.000000,Canada,Québec,CA-QC,9.57,39.21,97.9,92.36,hydroquebec.com,false,""
2025-01-01T13:00:00.000000,Canada,Québec,CA-QC,9.2,38.73,97.98,92.71,hydroquebec.com,false,""
2025-01-01T14:00:00.000000,Canada,Québec,CA-QC,9.34,38.69,97.93,92.72,hydroquebec.com,false,""
2025-01-01T15:00:00.000000,Canada,Québec,CA-QC,8.92,37.94,98.04,92.96,hydroquebec.com,false,""
2025-01-01T16:00:00.000000,Canada,Québec,CA-QC,8.94,37.98,98.03,93.49,hydroquebec.com,false,""
2025-01-01T17:00:00.000000,Canada,Québec,CA-QC,9.49,38.57,97.87,93.13,hydroquebec.com,false,""
2025-01-01T18:00:00.000000,Canada,Québec,CA-QC,9.9,39.13,97.75,93.08,hydroquebec.com,false,""
2025-01-01T19:00:00.000000,Canada,Québec,CA-QC,9.62,38.95,97.78,93.27,hydroquebec.com,false,""
2025-01-01T20:00:00.000000,Canada,Québec,CA-QC,9.96,39.46,97.68,93.35,hydroquebec.com,false,""
2025-01-01T21:00:00.000000,Canada,Québec,CA-QC,10.11,39.55,97.63,93.45,hydroquebec.com,false,""
2025-01-01T22:00:00.000000,Canada,Québec,CA-QC,9.46,38.92,97.81,94.64,hydroquebec.com,false,""
2025-01-01T23:00:00.000000,Canada,Québec,CA-QC,10.05,39.55,97.65,94.0,hydroquebec.com,false,""
2025-01-02T00:00:00.000000,Canada,Québec,CA-QC,11.19,40.92,97.4,93.18,hydroquebec.com,false,""
2025-01-02T01:00:00.000000,Canada,Québec,CA-QC,10.9,40.55,97.49,93.01,hydroquebec.com,false,""
2025-01-02T02:00:00.000000,Canada,Québec,CA-QC,10.86,40.6,97.52,92.8,hydroquebec.com,false,""
2025-01-02T03:00:00.000000,Canada,Québec,CA-QC,10.43,40.07,97.64,92.63,hydroquebec.com,false,""
2025-01-02T04:00:00.000000,Canada,Québec,CA-QC,9.43,38.7,97.92,92.6,hydroquebec.com,false,""
2025-01-02T05:00:00.000000,Canada,Québec,CA-QC,8.31,37.25,98.19,92.49,hydroquebec.com,false,""
2025-01-02T06:00:00.000000,Canada,Québec,CA-QC,7.97,36.91,98.28,92.47,hydroquebec.com,false,""
2025-01-02T07:00:00.000000,Canada,Québec,CA-QC,8.12,37.15,98.24,92.37,hydroquebec.com,false,""
2025-01-02T08:00:00.000000,Canada,Québec,CA-QC,8.38,37.51,98.18,92.35,hydroquebec.com,false,""
2025-01-02T09:00:00.000000,Canada,Québec,CA-QC,9.28,38.68,97.93,92.27,hydroquebec.com,false,""
2025-01-02T10:00:00.000000,Canada,Québec,CA-QC,10.41,40.15,97.62,92.3,hydroquebec.com,false,""
2025-01-02T11:00:00.000000,Canada,Québec,CA-QC,10.78,40.57,97.51,92.72,hydroquebec.com,false,""
2025-01-02T12:00:00.000000,Canada,Québec,CA-QC,10.77,40.52,97.5,93.13,hydroquebec.com,false,""
2025-01-02T13:00:00.000000,Canada,Québec,CA-QC,8.77,38.13,97.95,93.92,hydroquebec.com,false,""
2025-01-02T14:00:00.000000,Canada,Québec,CA-QC,10.45,40.04,97.6,93.47,hydroquebec.com,false,""
2025-01-02T15:00:00.000000,Canada,Québec,CA-QC,10.57,40.1,97.57,93.41,hydroquebec.com,false,""
2025-01-02T16:00:00.000000,Canada,Québec,CA-QC,10.11,39.49,97.66,93.62,hydroquebec.com,false,""
2025-01-02T17:00:00.000000,Canada,Québec,CA-QC,9.76,39.05,97.76,94.18,hydroquebec.com,false,""
2025-01-02T18:00:00.000000,Canada,Québec,CA-QC,10.35,39.58,97.6,93.52,hydroquebec.com,false,""
2025-01-02T19:00:00.000000,Canada,Québec,CA-QC,10.59,39.82,97.54,93.46,hydroquebec.com,false,""
2025-01-02T20:00:00.000000,Canada,Québec,CA-QC,9.51,38.48,97.76,93.97,hydroquebec.com,false,""
2025-01-02T21:00:00.000000,Canada,Québec,CA-QC,9.71,38.62,97.7,94.27,hydroquebec.com,false,""
2025-01-02T22:00:00.000000,Canada,Québec,CA-QC,5.76,33.81,98.55,95.65,hydroquebec.com,false,""
2025-01-02T23:00:00.000000,Canada,Québec,CA-QC,6.13,34.19,98.47,95.61,hydroquebec.com,false,""
2025-01-03T00:00:00.000000,Canada,Québec,CA-QC,5.35,33.33,98.67,95.93,hydroquebec.com,false,""
2025-01-03T01:00:00.000000,Canada,Québec,CA-QC,7.59,36.01,98.15,94.97,hydroquebec.com,false,""
2025-01-03T02:00:00.000000,Canada,Québec,CA-QC,9.41,38.26,97.74,94.28,hydroquebec.com,false,""
2025-01-03T03:00:00.000000,Canada,Québec,CA-QC,7.95,36.53,98.11,94.55,hydroquebec.com,false,""
2025-01-03T04:00:00.000000,Canada,Québec,CA-QC,9.46,38.24,97.8,93.59,hydroquebec.com,false,""
2025-01-03T05:00:00.000000,Canada,Québec,CA-QC,9.65,38.39,97.78,93.24,hydroquebec.com,false,""
2025-01-03T06:00:00.000000,Canada,Québec,CA-QC,10.62,39.56,97.56,92.81,hydroquebec.com,false,""
2025-01-03T07:00:00.000000,Canada,Québec,CA-QC,11.03,40.1,97.45,92.63,hydroquebec.com,false,""
2025-01-03T08:00:00.000000,Canada,Québec,CA-QC,11.0,40.05,97.46,92.6,hydroquebec.com,false,""
2025-01-03T09:00:00.000000,Canada,Québec,CA-QC,11.54,40.74,97.31,92.54,hydroquebec.com,false,""
2025-01-03T10:00:00.000000,Canada,Québec,CA-QC,11.23,40.53,97.35,92.96,hydroquebec.com,false,""
2025-01-03T11:00:00.000000,Canada,Québec,CA-QC,8.46,37.33,97.99,94.77,hydroquebec.com,false,""
2025-01-03T12:00:00.000000,Canada,Québec,CA-QC,5.8,33.97,98.54,95.52,hydroquebec.com,false,""
2025-01-03T13:00:00.000000,Canada,Québec,CA-QC,6.64,34.91,98.36,95.53,hydroquebec.com,false,""
2025-01-03T14:00:00.000000,Canada,Québec,CA-QC,10.75,39.85,97.43,94.18,hydroquebec.com,false,""
2025-01-03T15:00:00.000000,Canada,Québec,CA-QC,8.97,37.71,97.84,94.68,hydroquebec.com,false,""
2025-01-03T16:00:00.000000,Canada,Québec,CA-QC,9.79,38.6,97.68,94.42,hydroquebec.com,false,""
2025-01-03T17:00:00.000000,Canada,Québec,CA-QC,8.83,37.46,97.91,94.59,hydroquebec.com,false,""
2025-01-03T18:00:00.000000,Canada,Québec,CA-QC,9.54,38.28,97.76,94.36,hydroquebec.com,false,""
2025-01-03T19:00:00.000000,Canada,Québec,CA-QC,8.83,37.32,97.94,94.83,hydroquebec.com,false,""
2025-01-03T20:00:00.000000,Canada,Québec,CA-QC,5.93,33.76,98.58,95.97,hydroquebec.com,false,""
2025-01-03T21:00:00.000000,Canada,Québec,CA-QC,2.56,29.78,99.33,97.21,hydroquebec.com,false,""
2025-01-03T22:00:00.000000,Canada,Québec,CA-QC,2.13,29.27,99.42,97.49,hydroquebec.com,false,""
2025-01-03T23:00:00.000000,Canada,Québec,CA-QC,2.37,29.48,99.36,97.37,hydroquebec.com,false,""
2025-01-04T00:00:00.000000,Canada,Québec,CA-QC,2.33,29.51,99.37,97.41,hydroquebec.com,false,""
2025-01-04T01:00:00.000000,Canada,Québec,CA-QC,2.42,29.69,99.35,97.29,hydroquebec.com,false,""
2025-01-04T02:00:00.000000,Canada,Québec,CA-QC,4.84,32.55,98.84,96.61,hydroquebec.com,false,""
2025-01-04T03:00:00.000000,Canada,Québec,CA-QC,6.68,34.75,98.4,95.47,hydroquebec.com,false,""
2025-01-04T04:00:00.000000,Canada,Québec,CA-QC,7.33,35.58,98.29,95.21,hydroquebec.com,false,""
2025-01-04T05:00:00.000000,Canada,Québec,CA-QC,7.26,35.47,98.33,95.08,hydroquebec.com,false,""
2025-01-04T06:00:00.000000,Canada,Québec,CA-QC,6.0,33.98,98.62,95.47,hydroquebec.com,false,""
2025-01-04T07:00:00.000000,Canada,Québec,CA-QC,5.46,33.35,98.74,95.59,hydroquebec.com,false,""
2025-01-04T08:00:00.000000,Canada,Québec,CA-QC,5.45,33.36,98.75,95.79,hydroquebec.com,false,""
2025-01-04T09:00:00.000000,Canada,Québec,CA-QC,5.79,33.68,98.67,95.66,hydroquebec.com,false,""
2025-01-04T10:00:00.000000,Canada,Québec,CA-QC,6.25,34.18,98.57,95.6,hydroquebec.com,false,""
2025-01-04T11:00:00.000000,Canada,Québec,CA-QC,6.29,34.13,98.57,95.64,hydroquebec.com,false,""
2025-01-04T12:00:00.000000,Canada,Québec,CA-QC,6.52,34.38,98.5,95.71,hydroquebec.com,false,""
2025-01-04T13:00:00.000000,Canada,Québec,CA-QC,5.53,33.19,98.71,96.04,hydroquebec.com,false,""
2025-01-04T14:00:00.000000,Canada,Québec,CA-QC,4.07,31.52,99.03,96.66,hydroquebec.com,false,""
2025-01-04T15:00:00.000000,Canada,Québec,CA-QC,2.42,29.58,99.39,97.18,hydroquebec.com,false,""
2025-01-04T16:00:00.000000,Canada,Québec,CA-QC,1.83,28.93,99.53,97.57,hydroquebec.com,false,""
2025-01-04T17:00:00.000000,Canada,Québec,CA-QC,2.97,30.28,99.27,97.17,hydroquebec.com,false,""
2025-01-04T18:00:00.000000,Canada,Québec,CA-QC,3.1,30.46,99.24,97.14,hydroquebec.com,false,""
2025-01-04T19:00:00.000000,Canada,Québec,CA-QC,4.03,31.54,99.02,96.72,hydroquebec.com,false,""
2025-01-04T20:00:00.000000,Canada,Québec,CA-QC,1.89,28.99,99.49,97.47,hydroquebec.com,false,""
2025-01-04T21:00:00.000000,Canada,Québec,CA-QC,1.83,28.89,99.51,97.66,hydroquebec.com,false,""
2025-01-04T22:00:00.000000,Canada,Québec,CA-QC,2.56,29.73,99.31,97.35,hydroquebec.com,false,""
2025-01-04T23:00:00.000000,Canada,Québec,CA-QC,2.7,29.93,99.27,97.33,hydroquebec.com,false,""
2025-01-05T00:00:00.000000,Canada,Québec,CA-QC,2.52,29.76,99.32,97.31,hydroquebec.com,false,""
2025-01-05T01:00:00.000000,Canada,Québec,CA-QC,1.89,29.1,99.49,97.64,hydroquebec.com,false,""
2025-01-05T02:00:00.000000,Canada,Québec,CA-QC,2.04,29.39,99.46,97.61,hydroquebec.com,false,""
2025-01-05T03:00:00.000000,Canada,Québec,CA-QC,1.71,29.04,99.56,97.58,hydroquebec.com,false,""
2025-01-05T04:00:00.000000,Canada,Québec,CA-QC,2.04,29.51,99.49,97.39,hydroquebec.com,false,""
2025-01-05T05:00:00.000000,Canada,Québec,CA-QC,2.25,29.77,99.46,97.2,hydroquebec.com,false,""
2025-01-05T06:00:00.000000,Canada,Québec,CA-QC,1.66,29.12,99.59,97.47,hydroquebec.com,false,""
2025-01-05T07:00:00.000000,Canada,Québec,CA-QC,2.74,30.34,99.33,96.73,hydroquebec.com,false,""
2025-01-05T08:00:00.000000,Canada,Québec,CA-QC,2.91,30.61,99.27,96.63,hydroquebec.com,false,""
2025-01-05T09:00:00.000000,Canada,Québec,CA-QC,2.06,29.6,99.47,97.1,hydroquebec.com,false,""
2025-01-05T10:00:00.000000,Canada,Québec,CA-QC,1.83,29.27,99.52,97.22,hydroquebec.com,false,""
2025-01-05T11:00:00.000000,Canada,Québec,CA-QC,3.94,31.65,99.06,96.49,hydroquebec.com,false,""
2025-01-05T12:00:00.000000,Canada,Québec,CA-QC,4.44,32.17,98.91,96.2,hydroquebec.com,false,""
2025-01-05T13:00:00.000000,Canada,Québec,CA-QC,4.85,32.63,98.79,96.2,hydroquebec.com,false,""
2025-01-05T14:00:00.000000,Canada,Québec,CA-QC,4.88,32.67,98.76,96.18,hydroquebec.com,false,""
2025-01-05T15:00:00.000000,Canada,Québec,CA-QC,4.01,31.7,98.94,96.53,hydroquebec.com,false,""
2025-01-05T16:00:00.000000,Canada,Québec,CA-QC,4.26,32.04,98.87,96.41,hydroquebec.com,false,""
2025-01-05T17:00:00.000000,Canada,Québec,CA-QC,4.44,32.5,98.82,96.32,hydroquebec.com,false,""
2025-01-05T18:00:00.000000,Canada,Québec,CA-QC,4.49,32.79,98.8,96.3,hydroquebec.com,false,""
2025-01-05T19:00:00.000000,Canada,Québec,CA-QC,3.76,31.9,98.98,96.8,hydroquebec.com,false,""
2025-01-05T20:00:00.000000,Canada,Québec,CA-QC,3.72,31.73,99.0,96.94,hydroquebec.com,false,""
2025-01-05T21:00:00.000000,Canada,Québec,CA-QC,4.15,32.1,98.94,97.0,hydroquebec.com,false,""
2025-01-05T22:00:00.000000,Canada,Québec,CA-QC,3.23,30.93,99.18,97.73,hydroquebec.com,false,""
2025-01-05T23:00:00.000000,Canada,Québec,CA-QC,1.93,29.35,99.5,98.57,hydroquebec.com,false,""
2025-01-06T00:00:00.000000,Canada,Québec,CA-QC,2.18,29.62,99.44,98.31,hydroquebec.com,false,""
2025-01-06T01:00:00.000000,Canada,Québec,CA-QC,3.51,31.19,99.1,97.34,hydroquebec.com,false,""
2025-01-06T02:00:00.000000,Canada,Québec,CA-QC,3.83,31.68,98.98,97.0,hydroquebec.com,false,""
2025-01-06T03:00:00.000000,Canada,Québec,CA-QC,3.86,31.8,98.96,96.75,hydroquebec.com,false,""
2025-01-06T04:00:00.000000,Canada,Québec,CA-QC,3.81,31.77,98.98,96.58,hydroquebec.com,false,""
2025-01-06T05:00:00.000000,Canada,Québec,CA-QC,3.25,31.11,99.12,96.78,hydroquebec.com,false,""
2025-01-06T06:00:00.000000,Canada,Québec,CA-QC,3.16,30.98,99.15,96.76,hydroquebec.com,false,""
2025-01-06T07:00:00.000000,Canada,Québec,CA-QC,3.11,30.95,99.16,96.85,hydroquebec.com,false,""
2025-01-06T08:00:00.000000,Canada,Québec,CA-QC,3.25,31.09,99.12,96.81,hydroquebec.com,false,""
2025-01-06T09:00:00.000000,Canada,Québec,CA-QC,3.12,30.85,99.16,96.9,hydroquebec.com,false,""
2025-01-06T10:00:00.000000,Canada,Québec,CA-QC,2.89,30.55,99.22,97.15,hydroquebec.com,false,""
2025-01-06T11:00:00.000000,Canada,Québec,CA-QC,2.41,30.0,99.35,97.68,hydroquebec.com,false,""
2025-01-06T12:00:00.000000,Canada,Québec,CA-QC,1.87,29.38,99.49,98.36,hydroquebec.com,false,""
2025-01-06T13:00:00.000000,Canada,Québec,CA-QC,2.59,30.18,99.3,97.96,hydroquebec.com,false,""
2025-01-06T14:00:00.000000,Canada,Québec,CA-QC,3.95,31.77,98.93,97.05,hydroquebec.com,false,""
2025-01-06T15:00:00.000000,Canada,Québec,CA-QC,3.82,31.68,98.97,97.13,hydroquebec.com,false,""
2025-01-06T16:00:00.000000,Canada,Québec,CA-QC,3.12,30.79,99.16,97.52,hydroquebec.com,false,""
2025-01-06T17:00:00.000000,Canada,Québec,CA-QC,3.23,30.84,99.13,97.38,hydroquebec.com,false,""
2025-01-06T18:00:00.000000,Canada,Québec,CA-QC,3.53,31.3,99.05,97.15,hydroquebec.com,false,""
2025-01-06T19:00:00.000000,Canada,Québec,CA-QC,3.58,31.38,99.03,97.14,hydroquebec.com,false,""
2025-01-06T20:00:00.000000,Canada,Québec,CA-QC,3.3,30.93,99.11,97.27,hydroquebec.com,false,""
2025-01-06T21:00:00.000000,Canada,Québec,CA-QC,2.99,30.53,99.19,97.52,hydroquebec.com,false,""
2025-01-06T22:00:00.000000,Canada,Québec,CA-QC,3.03,30.61,99.18,97.63,hydroquebec.com,false,""
2025-01-06T23:00:00.000000,Canada,Québec,CA-QC,3.77,31.56,98.98,97.2,hydroquebec.com,false,""
2025-01-07T00:00:00.000000,Canada,Québec,CA-QC,3.84,31.76,98.97,97.19,hydroquebec.com,false,""
2025-01-07T01:00:00.000000,Canada,Québec,CA-QC,3.58,31.52,99.07,97.38,hydroquebec.com,false,""
2025-01-07T02:00:00.000000,Canada,Québec,CA-QC,2.73,30.64,99.27,97.98,hydroquebec.com,false,""
2025-01-07T03:00:00.000000,Canada,Québec,CA-QC,3.88,32.04,98.96,96.91,hydroquebec.com,false,""
2025-01-07T04:00:00.000000,Canada,Québec,CA-QC,3.05,31.17,99.18,97.24,hydroquebec.com,false,""
2025-01-07T05:00:00.000000,Canada,Québec,CA-QC,2.6,30.64,99.3,97.21,hydroquebec.com,false,""
2025-01-07T06:00:00.000000,Canada,Québec,CA-QC,2.58,30.57,99.3,96.9,hydroquebec.com,false,""
2025-01-07T07:00:00.000000,Canada,Québec,CA-QC,2.58,30.54,99.3,96.68,hydroquebec.com,false,""
2025-01-07T08:00:00.000000,Canada,Québec,CA-QC,2.39,30.33,99.35,96.88,hydroquebec.com,false,""
2025-01-07T09:00:00.000000,Canada,Québec,CA-QC,2.07,30.02,99.44,97.53,hydroquebec.com,false,""
2025-01-07T10:00:00.000000,Canada,Québec,CA-QC,1.97,29.85,99.47,97.77,hydroquebec.com,false,""
2025-01-07T11:00:00.000000,Canada,Québec,CA-QC,1.55,29.27,99.58,98.25,hydroquebec.com,false,""
2025-01-07T12:00:00.000000,Canada,Québec,CA-QC,2.4,30.14,99.35,97.83,hydroquebec.com,false,""
2025-01-07T13:00:00.000000,Canada,Québec,CA-QC,1.89,29.54,99.49,98.27,hydroquebec.com,false,""
2025-01-07T14:00:00.000000,Canada,Québec,CA-QC,1.81,29.46,99.51,98.31,hydroquebec.com,false,""
2025-01-07T15:00:00.000000,Canada,Québec,CA-QC,1.55,29.22,99.58,98.42,hydroquebec.com,false,""
2025-01-07T16:00:00.000000,Canada,Québec,CA-QC,1.95,29.71,99.48,98.06,hydroquebec.com,false,""
2025-01-07T17:00:00.000000,Canada,Québec,CA-QC,1.99,29.82,99.48,98.1,hydroquebec.com,false,""
2025-01-07T18:00:00.000000,Canada,Québec,CA-QC,1.56,29.34,99.58,98.42,hydroquebec.com,false,""
2025-01-07T19:00:00.000000,Canada,Québec,CA-QC,1.56,29.29,99.58,98.42,hydroquebec.com,false,""
2025-01-07T20:00:00.000000,Canada,Québec,CA-QC,2.2,29.96,99.42,97.95,hydroquebec.com,false,""
2025-01-07T21:00:00.000000,Canada,Québec,CA-QC,2.57,30.32,99.32,97.86,hydroquebec.com,false,""
2025-01-07T22:00:00.000000,Canada,Québec,CA-QC,3.0,30.72,99.2,97.84,hydroquebec.com,false,""
2025-01-07T23:00:00.000000,Canada,Québec,CA-QC,2.95,30.59,99.22,97.84,hydroquebec.com,false,""
2025-01-08T00:00:00.000000,Canada,Québec,CA-QC,2.91,30.55,99.23,97.82,hydroquebec.com,false,""
2025-01-08T01:00:00.000000,Canada,Québec,CA-QC,2.37,29.97,99.36,98.1,hydroquebec.com,false,""
2025-01-08T02:00:00.000000,Canada,Québec,CA-QC,2.96,30.73,99.21,97.76,hydroquebec.com,false,""
2025-01-08T03:00:00.000000,Canada,Québec,CA-QC,2.6,30.32,99.33,97.96,hydroquebec.com,false,""
2025-01-08T04:00:00.000000,Canada,Québec,CA-QC,2.31,30.04,99.41,98.15,hydroquebec.com,false,""
2025-01-08T05:00:00.000000,Canada,Québec,CA-QC,1.42,29.05,99.62,98.53,hydroquebec.com,false,""
2025-01-08T06:00:00.000000,Canada,Québec,CA-QC,2.3,30.05,99.41,98.17,hydroquebec.com,false,""
2025-01-08T07:00:00.000000,Canada,Québec,CA-QC,1.94,29.64,99.5,98.43,hydroquebec.com,false,""
2025-01-08T08:00:00.000000,Canada,Québec,CA-QC,1.99,29.67,99.49,98.42,hydroquebec.com,false,""
2025-01-08T09:00:00.000000,Canada,Québec,CA-QC,1.79,29.39,99.54,98.57,hydroquebec.com,false,""
2025-01-08T10:00:00.000000,Canada,Québec,CA-QC,1.66,29.18,99.57,98.62,hydroquebec.com,false,""
2025-01-08T11:00:00.000000,Canada,Québec,CA-QC,0.9,28.22,99.76,99.2,hydroquebec.com,false,""
2025-01-08T12:00:00.000000,Canada,Québec,CA-QC,0.33,27.47,99.91,99.75,hydroquebec.com,false,""
2025-01-08T13:00:00.000000,Canada,Québec,CA-QC,0.88,28.02,99.76,99.31,hydroquebec.com,false,""
2025-01-08T14:00:00.000000,Canada,Québec,CA-QC,1.54,28.76,99.58,98.84,hydroquebec.com,false,""
2025-01-08T15:00:00.000000,Canada,Québec,CA-QC,2.06,29.33,99.45,98.44,hydroquebec.com,false,""
2025-01-08T16:00:00.000000,Canada,Québec,CA-QC,2.17,29.48,99.42,98.32,hydroquebec.com,false,""
2025-01-08T17:00:00.000000,Canada,Québec,CA-QC,2.67,30.09,99.28,97.96,hydroquebec.com,false,""
2025-01-08T18:00:00.000000,Canada,Québec,CA-QC,2.32,29.69,99.37,98.26,hydroquebec.com,false,""
2025-01-08T19:00:00.000000,Canada,Québec,CA-QC,3.21,30.72,99.13,97.66,hydroquebec.com,false,""
2025-01-08T20:00:00.000000,Canada,Québec,CA-QC,1.83,29.04,99.51,98.56,hydroquebec.com,false,""
2025-01-08T21:00:00.000000,Canada,Québec,CA-QC,1.87,29.06,99.49,98.49,hydroquebec.com,false,""
2025-01-08T22:00:00.000000,Canada,Québec,CA-QC,2.6,29.96,99.31,98.14,hydroquebec.com,false,""
2025-01-08T23:00:00.000000,Canada,Québec,CA-QC,1.85,29.09,99.52,98.72,hydroquebec.com,false,""
2025-01-09T00:00:00.000000,Canada,Québec,CA-QC,1.33,28.52,99.64,99.01,hydroquebec.com,false,""
2025-01-09T01:00:00.000000,Canada,Québec,CA-QC,2.29,29.63,99.38,98.22,hydroquebec.com,false,""
2025-01-09T02:00:00.000000,Canada,Québec,CA-QC,2.67,30.15,99.28,98.05,hydroquebec.com,false,""
2025-01-09T03:00:00.000000,Canada,Québec,CA-QC,2.94,30.59,99.21,98.0,hydroquebec.com,false,""
2025-01-09T04:00:00.000000,Canada,Québec,CA-QC,2.48,30.12,99.33,98.28,hydroquebec.com,false,""
2025-01-09T05:00:00.000000,Canada,Québec,CA-QC,3.29,31.15,99.11,97.66,hydroquebec.com,false,""
2025-01-09T06:00:00.000000,Canada,Québec,CA-QC,3.4,31.32,99.08,97.53,hydroquebec.com,false,""
2025-01-09T07:00:00.000000,Canada,Québec,CA-QC,3.72,31.73,98.99,97.36,hydroquebec.com,false,""
2025-01-09T08:00:00.000000,Canada,Québec,CA-QC,3.1,30.97,99.16,97.71,hydroquebec.com,false,""
2025-01-09T09:00:00.000000,Canada,Québec,CA-QC,3.49,31.4,99.06,97.51,hydroquebec.com,false,""
2025-01-09T10:00:00.000000,Canada,Québec,CA-QC,3.6,31.48,99.03,97.54,hydroquebec.com,false,""
2025-01-09T11:00:00.000000,Canada,Québec,CA-QC,3.06,30.67,99.17,97.85,hydroquebec.com,false,""
2025-01-09T12:00:00.000000,Canada,Québec,CA-QC,3.24,30.79,99.13,97.92,hydroquebec.com,false,""
2025-01-09T13:00:00.000000,Canada,Québec,CA-QC,2.98,30.43,99.21,98.14,hydroquebec.com,false,""
2025-01-09T14:00:00.000000,Canada,Québec,CA-QC,2.78,30.22,99.27,98.26,hydroquebec.com,false,""
2025-01-09T15:00:00.000000,Canada,Québec,CA-QC,2.46,29.95,99.34,98.39,hydroquebec.com,false,""
2025-01-09T16:00:00.000000,Canada,Québec,CA-QC,2.68,30.31,99.28,98.19,hydroquebec.com,false,""
2025-01-09T17:00:00.000000,Canada,Québec,CA-QC,2.57,30.25,99.31,98.14,hydroquebec.com,false,""
2025-01-09T18:00:00.000000,Canada,Québec,CA-QC,3.51,31.34,99.05,97.47,hydroquebec.com,false,""
2025-01-09T19:00:00.000000,Canada,Québec,CA-QC,3.54,31.3,99.07,97.52,hydroquebec.com,false,""
2025-01-09T20:00:00.000000,Canada,Québec,CA-QC,2.19,29.71,99.43,98.49,hydroquebec.com,false,""
2025-01-09T21:00:00.000000,Canada,Québec,CA-QC,2.18,29.61,99.46,98.67,hydroquebec.com,false,""
2025-01-09T22:00:00.000000,Canada,Québec,CA-QC,2.55,29.94,99.37,98.57,hydroquebec.com,false,""
2025-01-09T23:00:00.000000,Canada,Québec,CA-QC,2.45,29.83,99.38,98.59,hydroquebec.com,false,""
2025-01-10T00:00:00.000000,Canada,Québec,CA-QC,2.25,29.71,99.42,98.66,hydroquebec.com,false,""
2025-01-10T01:00:00.000000,Canada,Québec,CA-QC,3.1,30.83,99.2,98.1,hydroquebec.com,false,""
2025-01-10T02:00:00.000000,Canada,Québec,CA-QC,3.98,31.96,98.97,97.57,hydroquebec.com,false,""
2025-01-10T03:00:00.000000,Canada,Québec,CA-QC,3.7,31.75,99.04,97.7,hydroquebec.com,false,""
2025-01-10T04:00:00.000000,Canada,Québec,CA-QC,4.59,32.89,98.8,97.04,hydroquebec.com,false,""
2025-01-10T05:00:00.000000,Canada,Québec,CA-QC,4.52,32.93,98.79,96.91,hydroquebec.com,false,""
2025-01-10T06:00:00.000000,Canada,Québec,CA-QC,3.74,32.08,98.99,97.32,hydroquebec.com,false,""
2025-01-10T07:00:00.000000,Canada,Québec,CA-QC,4.1,32.52,98.89,97.07,hydroquebec.com,false,""
2025-01-10T08:00:00.000000,Canada,Québec,CA-QC,3.66,31.98,99.01,97.26,hydroquebec.com,false,""
2025-01-10T09:00:00.000000,Canada,Québec,CA-QC,3.8,32.11,98.97,97.21,hydroquebec.com,false,""
2025-01-10T10:00:00.000000,Canada,Québec,CA-QC,4.08,32.34,98.9,97.04,hydroquebec.com,false,""
2025-01-10T11:00:00.000000,Canada,Québec,CA-QC,1.75,29.43,99.53,98.67,hydroquebec.com,false,""
2025-01-10T12:00:00.000000,Canada,Québec,CA-QC,2.99,30.69,99.2,97.91,hydroquebec.com,false,""
2025-01-10T13:00:00.000000,Canada,Québec,CA-QC,3.04,30.76,99.18,97.89,hydroquebec.com,false,""
2025-01-10T14:00:00.000000,Canada,Québec,CA-QC,2.46,30.11,99.35,98.26,hydroquebec.com,false,""
2025-01-10T15:00:00.000000,Canada,Québec,CA-QC,2.99,30.92,99.21,98.01,hydroquebec.com,false,""
2025-01-10T16:00:00.000000,Canada,Québec,CA-QC,3.3,31.5,99.11,97.75,hydroquebec.com,false,""
2025-01-10T17:00:00.000000,Canada,Québec,CA-QC,3.81,32.16,98.98,97.4,hydroquebec.com,false,""
2025-01-10T18:00:00.000000,Canada,Québec,CA-QC,3.85,32.36,98.96,97.41,hydroquebec.com,false,""
2025-01-10T19:00:00.000000,Canada,Québec,CA-QC,2.88,31.31,99.23,98.08,hydroquebec.com,false,""
2025-01-10T20:00:00.000000,Canada,Québec,CA-QC,3.08,31.53,99.17,98.0,hydroquebec.com,false,""
2025-01-10T21:00:00.000000,Canada,Québec,CA-QC,1.88,29.94,99.49,98.77,hydroquebec.com,false,""
2025-01-10T22:00:00.000000,Canada,Québec,CA-QC,1.92,29.74,99.48,98.73,hydroquebec.com,false,""
2025-01-10T23:00:00.000000,Canada,Québec,CA-QC,2.76,30.69,99.26,98.22,hydroquebec.com,false,""
2025-01-11T00:00:00.000000,Canada,Québec,CA-QC,3.31,31.44,99.11,97.86,hydroquebec.com,false,""
2025-01-11T01:00:00.000000,Canada,Québec,CA-QC,4.18,32.58,98.88,97.34,hydroquebec.com,false,""
2025-01-11T02:00:00.000000,Canada,Québec,CA-QC,3.21,31.54,99.15,97.92,hydroquebec.com,false,""
2025-01-11T03:00:00.000000,Canada,Québec,CA-QC,3.82,32.35,98.99,97.42,hydroquebec.com,false,""
2025-01-11T04:00:00.000000,Canada,Québec,CA-QC,4.0,32.69,98.96,97.23,hydroquebec.com,false,""
2025-01-11T05:00:00.000000,Canada,Québec,CA-QC,3.98,32.73,98.93,96.95,hydroquebec.com,false,""
2025-01-11T06:00:00.000000,Canada,Québec,CA-QC,3.72,32.46,98.99,97.02,hydroquebec.com,false,""
2025-01-11T07:00:00.000000,Canada,Québec,CA-QC,3.4,32.08,99.1,97.13,hydroquebec.com,false,""
2025-01-11T08:00:00.000000,Canada,Québec,CA-QC,4.3,33.14,98.84,96.43,hydroquebec.com,false,""
2025-01-11T09:00:00.000000,Canada,Québec,CA-QC,4.08,32.89,98.9,96.68,hydroquebec.com,false,""
2025-01-11T10:00:00.000000,Canada,Québec,CA-QC,4.02,32.77,98.92,96.74,hydroquebec.com,false,""
2025-01-11T11:00:00.000000,Canada,Québec,CA-QC,3.22,31.74,99.13,97.19,hydroquebec.com,false,""
2025-01-11T12:00:00.000000,Canada,Québec,CA-QC,3.23,31.67,99.13,97.29,hydroquebec.com,false,""
2025-01-11T13:00:00.000000,Canada,Québec,CA-QC,2.19,30.36,99.41,98.2,hydroquebec.com,false,""
2025-01-11T14:00:00.000000,Canada,Québec,CA-QC,1.79,29.82,99.52,98.56,hydroquebec.com,false,""
2025-01-11T15:00:00.000000,Canada,Québec,CA-QC,3.09,31.35,99.18,97.71,hydroquebec.com,false,""
2025-01-11T16:00:00.000000,Canada,Québec,CA-QC,4.29,32.81,98.89,97.0,hydroquebec.com,false,""
2025-01-11T17:00:00.000000,Canada,Québec,CA-QC,4.02,32.56,98.96,97.18,hydroquebec.com,false,""
2025-01-11T18:00:00.000000,Canada,Québec,CA-QC,3.81,32.37,99.0,97.27,hydroquebec.com,false,""
2025-01-11T19:00:00.000000,Canada,Québec,CA-QC,3.82,32.44,99.0,97.25,hydroquebec.com,false,""
2025-01-11T20:00:00.000000,Canada,Québec,CA-QC,3.57,32.15,99.06,97.42,hydroquebec.com,false,""
2025-01-11T21:00:00.000000,Canada,Québec,CA-QC,3.63,32.13,99.03,97.33,hydroquebec.com,false,""
2025-01-11T22:00:00.000000,Canada,Québec,CA-QC,2.17,30.31,99.43,98.36,hydroquebec.com,false,""
2025-01-11T23:00:00.000000,Canada,Québec,CA-QC,3.7,32.0,99.06,97.35,hydroquebec.com,false,""
2025-01-12T00:00:00.000000,Canada,Québec,CA-QC,3.75,32.19,99.02,97.27,hydroquebec.com,false,""
2025-01-12T01:00:00.000000,Canada,Québec,CA-QC,3.79,32.28,99.0,97.14,hydroquebec.com,false,""
2025-01-12T02:00:00.000000,Canada,Québec,CA-QC,3.24,31.73,99.13,97.41,hydroquebec.com,false,""
2025-01-12T03:00:00.000000,Canada,Québec,CA-QC,3.5,32.12,99.06,97.06,hydroquebec.com,false,""
2025-01-12T04:00:00.000000,Canada,Québec,CA-QC,4.27,33.08,98.9,96.59,hydroquebec.com,false,""
2025-01-12T05:00:00.000000,Canada,Québec,CA-QC,3.93,32.75,98.94,96.1,hydroquebec.com,false,""
2025-01-12T06:00:00.000000,Canada,Québec,CA-QC,3.6,32.41,99.03,96.07,hydroquebec.com,false,""
2025-01-12T07:00:00.000000,Canada,Québec,CA-QC,6.58,35.81,98.4,95.15,hydroquebec.com,false,""
2025-01-12T08:00:00.000000,Canada,Québec,CA-QC,7.96,37.48,98.09,94.71,hydroquebec.com,false,""
2025-01-12T09:00:00.000000,Canada,Québec,CA-QC,8.42,38.0,97.98,94.51,hydroquebec.com,false,""
2025-01-12T10:00:00.000000,Canada,Québec,CA-QC,4.81,33.69,98.77,95.73,hydroquebec.com,false,""
2025-01-12T11:00:00.000000,Canada,Québec,CA-QC,7.47,36.73,98.19,94.92,hydroquebec.com,false,""
2025-01-12T12:00:00.000000,Canada,Québec,CA-QC,8.29,37.62,98.01,94.92,hydroquebec.com,false,""
2025-01-12T13:00:00.000000,Canada,Québec,CA-QC,9.09,38.5,97.84,94.79,hydroquebec.com,false,""
2025-01-12T14:00:00.000000,Canada,Québec,CA-QC,9.43,38.95,97.77,94.67,hydroquebec.com,false,""
2025-01-12T15:00:00.000000,Canada,Québec,CA-QC,9.03,38.61,97.86,94.82,hydroquebec.com,false,""
2025-01-12T16:00:00.000000,Canada,Québec,CA-QC,8.86,38.5,97.9,94.87,hydroquebec.com,false,""
2025-01-12T17:00:00.000000,Canada,Québec,CA-QC,9.65,39.49,97.73,94.59,hydroquebec.com,false,""
2025-01-12T18:00:00.000000,Canada,Québec,CA-QC,7.82,37.41,98.12,95.08,hydroquebec.com,false,""
2025-01-12T19:00:00.000000,Canada,Québec,CA-QC,8.74,38.52,97.94,94.77,hydroquebec.com,false,""
2025-01-12T20:00:00.000000,Canada,Québec,CA-QC,5.95,35.19,98.53,95.75,hydroquebec.com,false,""
2025-01-12T21:00:00.000000,Canada,Québec,CA-QC,2.42,30.74,99.35,97.46,hydroquebec.com,false,""
2025-01-12T22:00:00.000000,Canada,Québec,CA-QC,1.93,29.89,99.48,98.01,hydroquebec.com,false,""
2025-01-12T23:00:00.000000,Canada,Québec,CA-QC,2.2,30.08,99.41,97.74,hydroquebec.com,false,""
2025-01-13T00:00:00.000000,Canada,Québec,CA-QC,2.1,30.04,99.43,97.68,hydroquebec.com,false,""
2025-01-13T01:00:00.000000,Canada,Québec,CA-QC,1.9,29.9,99.49,97.76,hydroquebec.com,false,""
2025-01-13T02:00:00.000000,Canada,Québec,CA-QC,1.6,29.64,99.57,97.95,hydroquebec.com,false,""
2025-01-13T03:00:00.000000,Canada,Québec,CA-QC,3.85,32.37,99.07,96.87,hydroquebec.com,false,""
2025-01-13T04:00:00.000000,Canada,Québec,CA-QC,5.84,34.85,98.65,95.98,hydroquebec.com,false,""
2025-01-13T05:00:00.000000,Canada,Québec,CA-QC,6.73,35.83,98.46,95.11,hydroquebec.com,false,""
2025-01-13T06:00:00.000000,Canada,Québec,CA-QC,7.26,36.5,98.37,95.18,hydroquebec.com,false,""
2025-01-13T07:00:00.000000,Canada,Québec,CA-QC,6.6,35.71,98.52,95.44,hydroquebec.com,false,""
2025-01-13T08:00:00.000000,Canada,Québec,CA-QC,7.55,36.82,98.3,95.15,hydroquebec.com,false,""
2025-01-13T09:00:00.000000,Canada,Québec,CA-QC,4.1,32.75,99.02,96.14,hydroquebec.com,false,""
2025-01-13T10:00:00.000000,Canada,Québec,CA-QC,2.1,30.28,99.43,96.94,hydroquebec.com,false,""
2025-01-13T11:00:00.000000,Canada,Québec,CA-QC,1.54,29.57,99.58,98.02,hydroquebec.com,false,""
2025-01-13T12:00:00.000000,Canada,Québec,CA-QC,1.55,29.43,99.58,98.2,hydroquebec.com,false,""
2025-01-13T13:00:00.000000,Canada,Québec,CA-QC,1.59,29.37,99.57,98.16,hydroquebec.com,false,""
2025-01-13T14:00:00.000000,Canada,Québec,CA-QC,1.9,29.76,99.49,97.8,hydroquebec.com,false,""
2025-01-13T15:00:00.000000,Canada,Québec,CA-QC,1.83,29.81,99.51,97.87,hydroquebec.com,false,""
2025-01-13T16:00:00.000000,Canada,Québec,CA-QC,3.72,32.09,99.08,97.15,hydroquebec.com,false,""
2025-01-13T17:00:00.000000,Canada,Québec,CA-QC,3.55,31.95,99.11,97.13,hydroquebec.com,false,""
2025-01-13T18:00:00.000000,Canada,Québec,CA-QC,2.98,31.38,99.24,97.52,hydroquebec.com,false,""
2025-01-13T19:00:00.000000,Canada,Québec,CA-QC,3.39,31.92,99.16,97.55,hydroquebec.com,false,""
2025-01-13T20:00:00.000000,Canada,Québec,CA-QC,2.26,30.51,99.39,97.63,hydroquebec.com,false,""
2025-01-13T21:00:00.000000,Canada,Québec,CA-QC,2.36,30.53,99.36,97.69,hydroquebec.com,false,""
2025-01-13T22:00:00.000000,Canada,Québec,CA-QC,2.78,30.94,99.25,97.52,hydroquebec.com,false,""
2025-01-13T23:00:00.000000,Canada,Québec,CA-QC,2.73,30.87,99.26,97.58,hydroquebec.com,false,""
2025-01-14T00:00:00.000000,Canada,Québec,CA-QC,2.52,30.66,99.32,97.68,hydroquebec.com,false,""
2025-01-14T01:00:00.000000,Canada,Québec,CA-QC,1.92,30.02,99.48,98.06,hydroquebec.com,false,""
2025-01-14T02:00:00.000000,Canada,Québec,CA-QC,2.87,31.23,99.28,97.66,hydroquebec.com,false,""
2025-01-14T03:00:00.000000,Canada,Québec,CA-QC,5.22,34.06,98.74,96.39,hydroquebec.com,false,""
2025-01-14T04:00:00.000000,Canada,Québec,CA-QC,9.11,38.69,97.89,94.82,hydroquebec.com,false,""
2025-01-14T05:00:00.000000,Canada,Québec,CA-QC,9.29,39.04,97.87,94.78,hydroquebec.com,false,""
2025-01-14T06:00:00.000000,Canada,Québec,CA-QC,9.36,39.11,97.86,94.65,hydroquebec.com,false,""
2025-01-14T07:00:00.000000,Canada,Québec,CA-QC,7.97,37.52,98.17,95.25,hydroquebec.com,false,""
2025-01-14T08:00:00.000000,Canada,Québec,CA-QC,9.39,39.2,97.84,94.74,hydroquebec.com,false,""
2025-01-14T09:00:00.000000,Canada,Québec,CA-QC,8.54,38.26,98.02,95.34,hydroquebec.com,false,""
2025-01-14T10:00:00.000000,Canada,Québec,CA-QC,8.17,37.7,98.07,95.41,hydroquebec.com,false,""
2025-01-14T11:00:00.000000,Canada,Québec,CA-QC,4.02,32.73,98.98,97.13,hydroquebec.com,false,""
2025-01-14T12:00:00.000000,Canada,Québec,CA-QC,2.45,30.67,99.34,98.0,hydroquebec.com,false,""
2025-01-14T13:00:00.000000,Canada,Québec,CA-QC,1.64,29.61,99.56,98.67,hydroquebec.com,false,""
2025-01-14T14:00:00.000000,Canada,Québec,CA-QC,2.14,30.19,99.42,98.23,hydroquebec.com,false,""
2025-01-14T15:00:00.000000,Canada,Québec,CA-QC,1.71,29.81,99.54,98.55,hydroquebec.com,false,""
2025-01-14T16:00:00.000000,Canada,Québec,CA-QC,1.91,30.1,99.48,98.4,hydroquebec.com,false,""
2025-01-14T17:00:00.000000,Canada,Québec,CA-QC,2.5,30.79,99.32,97.99,hydroquebec.com,false,""
2025-01-14T18:00:00.000000,Canada,Québec,CA-QC,3.13,31.55,99.15,97.55,hydroquebec.com,false,""
2025-01-14T19:00:00.000000,Canada,Québec,CA-QC,3.19,31.63,99.14,97.57,hydroquebec.com,false,""
2025-01-14T20:00:00.000000,Canada,Québec,CA-QC,2.54,30.8,99.31,98.12,hydroquebec.com,false,""
2025-01-14T21:00:00.000000,Canada,Québec,CA-QC,1.34,29.23,99.64,98.99,hydroquebec.com,false,""
2025-01-14T22:00:00.000000,Canada,Québec,CA-QC,0.69,28.32,99.81,99.48,hydroquebec.com,false,""
2025-01-14T23:00:00.000000,Canada,Québec,CA-QC,0.43,27.93,99.88,99.62,hydroquebec.com,false,""
2025-01-15T00:00:00.000000,Canada,Québec,CA-QC,0.9,28.47,99.76,99.22,hydroquebec.com,false,""
2025-01-15T01:00:00.000000,Canada,Québec,CA-QC,1.54,29.24,99.58,98.62,hydroquebec.com,false,""
2025-01-15T02:00:00.000000,Canada,Québec,CA-QC,1.69,29.47,99.54,98.38,hydroquebec.com,false,""
2025-01-15T03:00:00.000000,Canada,Québec,CA-QC,2.04,29.92,99.45,97.78,hydroquebec.com,false,""
2025-01-15T04:00:00.000000,Canada,Québec,CA-QC,2.64,30.79,99.29,97.4,hydroquebec.com,false,""
2025-01-15T05:00:00.000000,Canada,Québec,CA-QC,2.28,30.46,99.38,97.66,hydroquebec.com,false,""
2025-01-15T06:00:00.000000,Canada,Québec,CA-QC,2.04,30.12,99.45,97.59,hydroquebec.com,false,""
2025-01-15T07:00:00.000000,Canada,Québec,CA-QC,2.19,30.28,99.41,97.49,hydroquebec.com,false,""
2025-01-15T08:00:00.000000,Canada,Québec,CA-QC,2.25,30.28,99.39,97.56,hydroquebec.com,false,""
2025-01-15T09:00:00.000000,Canada,Québec,CA-QC,2.21,30.17,99.4,97.65,hydroquebec.com,false,""
2025-01-15T10:00:00.000000,Canada,Québec,CA-QC,2.02,29.86,99.46,97.96,hydroquebec.com,false,""
2025-01-15T11:00:00.000000,Canada,Québec,CA-QC,1.75,29.41,99.53,98.42,hydroquebec.com,false,""
2025-01-15T12:00:00.000000,Canada,Québec,CA-QC,1.75,29.28,99.53,98.66,hydroquebec.com,false,""
2025-01-15T13:00:00.000000,Canada,Québec,CA-QC,0.98,28.31,99.73,99.19,hydroquebec.com,false,""
2025-01-15T14:00:00.000000,Canada,Québec,CA-QC,0.74,28.06,99.8,99.42,hydroquebec.com,false,""
2025-01-15T15:00:00.000000,Canada,Québec,CA-QC,0.5,27.86,99.87,99.63,hydroquebec.com,false,""
2025-01-15T16:00:00.000000,Canada,Québec,CA-QC,1.94,29.6,99.47,98.51,hydroquebec.com,false,""
2025-01-15T17:00:00.000000,Canada,Québec,CA-QC,2.32,30.09,99.37,98.14,hydroquebec.com,false,""
2025-01-15T18:00:00.000000,Canada,Québec,CA-QC,1.6,29.33,99.57,98.68,hydroquebec.com,false,""
2025-01-15T19:00:00.000000,Canada,Québec,CA-QC,1.67,29.43,99.55,98.61,hydroquebec.com,false,""
2025-01-15T20:00:00.000000,Canada,Québec,CA-QC,1.46,29.11,99.6,98.81,hydroquebec.com,false,""
2025-01-15T21:00:00.000000,Canada,Québec,CA-QC,0.7,28.07,99.81,99.44,hydroquebec.com,false,""
2025-01-15T22:00:00.000000,Canada,Québec,CA-QC,1.65,29.05,99.55,98.7,hydroquebec.com,false,""
2025-01-15T23:00:00.000000,Canada,Québec,CA-QC,1.55,28.95,99.58,98.77,hydroquebec.com,false,""
2025-01-16T00:00:00.000000,Canada,Québec,CA-QC,1.25,28.66,99.66,98.93,hydroquebec.com,false,""
2025-01-16T01:00:00.000000,Canada,Québec,CA-QC,1.82,29.37,99.51,98.38,hydroquebec.com,false,""
2025-01-16T02:00:00.000000,Canada,Québec,CA-QC,1.99,29.67,99.46,98.19,hydroquebec.com,false,""
2025-01-16T03:00:00.000000,Canada,Québec,CA-QC,2.24,29.98,99.39,97.78,hydroquebec.com,false,""
2025-01-16T04:00:00.000000,Canada,Québec,CA-QC,1.54,29.25,99.58,98.14,hydroquebec.com,false,""
2025-01-16T05:00:00.000000,Canada,Québec,CA-QC,1.21,28.84,99.67,98.04,hydroquebec.com,false,""
2025-01-16T06:00:00.000000,Canada,Québec,CA-QC,1.4,29.06,99.62,97.71,hydroquebec.com,false,""
2025-01-16T07:00:00.000000,Canada,Québec,CA-QC,1.53,29.29,99.59,97.7,hydroquebec.com,false,""
2025-01-16T08:00:00.000000,Canada,Québec,CA-QC,1.73,29.59,99.53,97.68,hydroquebec.com,false,""
2025-01-16T09:00:00.000000,Canada,Québec,CA-QC,1.91,29.74,99.48,97.57,hydroquebec.com,false,""
2025-01-16T10:00:00.000000,Canada,Québec,CA-QC,2.07,29.83,99.44,97.53,hydroquebec.com,false,""
2025-01-16T11:00:00.000000,Canada,Québec,CA-QC,2.13,29.92,99.42,97.73,hydroquebec.com,false,""
2025-01-16T12:00:00.000000,Canada,Québec,CA-QC,2.3,30.11,99.38,97.91,hydroquebec.com,false,""
2025-01-16T13:00:00.000000,Canada,Québec,CA-QC,1.78,29.47,99.52,98.38,hydroquebec.com,false,""
2025-01-16T14:00:00.000000,Canada,Québec,CA-QC,1.87,29.59,99.5,98.41,hydroquebec.com,false,""
2025-01-16T15:00:00.000000,Canada,Québec,CA-QC,2.15,29.95,99.42,98.35,hydroquebec.com,false,""
2025-01-16T16:00:00.000000,Canada,Québec,CA-QC,1.58,29.3,99.58,98.68,hydroquebec.com,false,""
2025-01-16T17:00:00.000000,Canada,Québec,CA-QC,1.84,29.66,99.51,98.53,hydroquebec.com,false,""
2025-01-16T18:00:00.000000,Canada,Québec,CA-QC,1.9,29.8,99.49,98.5,hydroquebec.com,false,""
2025-01-16T19:00:00.000000,Canada,Québec,CA-QC,2.59,30.61,99.3,97.97,hydroquebec.com,false,""
2025-01-16T20:00:00.000000,Canada,Québec,CA-QC,3.14,31.21,99.17,97.61,hydroquebec.com,false,""
2025-01-16T21:00:00.000000,Canada,Québec,CA-QC,2.78,30.75,99.27,97.89,hydroquebec.com,false,""
2025-01-16T22:00:00.000000,Canada,Québec,CA-QC,2.81,30.72,99.25,97.91,hydroquebec.com,false,""
2025-01-16T23:00:00.000000,Canada,Québec,CA-QC,2.34,30.12,99.39,98.19,hydroquebec.com,false,""
2025-01-17T00:00:00.000000,Canada,Québec,CA-QC,1.4,29.06,99.63,98.81,hydroquebec.com,false,""
2025-01-17T01:00:00.000000,Canada,Québec,CA-QC,1.78,29.49,99.54,98.46,hydroquebec.com,false,""
2025-01-17T02:00:00.000000,Canada,Québec,CA-QC,1.37,29.09,99.64,98.67,hydroquebec.com,false,""
2025-01-17T03:00:00.000000,Canada,Québec,CA-QC,1.65,29.43,99.55,98.12,hydroquebec.com,false,""
2025-01-17T04:00:00.000000,Canada,Québec,CA-QC,1.83,29.71,99.51,97.72,hydroquebec.com,false,""
2025-01-17T05:00:00.000000,Canada,Québec,CA-QC,1.53,29.46,99.59,97.88,hydroquebec.com,false,""
2025-01-17T06:00:00.000000,Canada,Québec,CA-QC,1.49,29.48,99.6,97.91,hydroquebec.com,false,""
2025-01-17T07:00:00.000000,Canada,Québec,CA-QC,2.12,30.14,99.43,97.16,hydroquebec.com,false,""
2025-01-17T08:00:00.000000,Canada,Québec,CA-QC,2.5,30.65,99.32,97.05,hydroquebec.com,false,""
2025-01-17T09:00:00.000000,Canada,Québec,CA-QC,2.23,30.35,99.4,97.46,hydroquebec.com,false,""
2025-01-17T10:00:00.000000,Canada,Québec,CA-QC,3.05,31.2,99.18,96.97,hydroquebec.com,false,""
2025-01-17T11:00:00.000000,Canada,Québec,CA-QC,1.44,29.28,99.61,98.6,hydroquebec.com,false,""
2025-01-17T12:00:00.000000,Canada,Québec,CA-QC,1.32,28.99,99.64,98.82,hydroquebec.com,false,""
2025-01-17T13:00:00.000000,Canada,Québec,CA-QC,1.22,28.82,99.67,98.95,hydroquebec.com,false,""
2025-01-17T14:00:00.000000,Canada,Québec,CA-QC,2.29,30.08,99.38,98.13,hydroquebec.com,false,""
2025-01-17T15:00:00.000000,Canada,Québec,CA-QC,2.39,30.25,99.35,97.99,hydroquebec.com,false,""
2025-01-17T16:00:00.000000,Canada,Québec,CA-QC,2.7,30.61,99.27,97.54,hydroquebec.com,false,""
2025-01-17T17:00:00.000000,Canada,Québec,CA-QC,2.57,30.4,99.31,97.17,hydroquebec.com,false,""
2025-01-17T18:00:00.000000,Canada,Québec,CA-QC,2.36,30.15,99.36,97.1,hydroquebec.com,false,""
2025-01-17T19:00:00.000000,Canada,Québec,CA-QC,1.88,29.65,99.5,97.4,hydroquebec.com,false,""
2025-01-17T20:00:00.000000,Canada,Québec,CA-QC,1.44,29.21,99.61,97.94,hydroquebec.com,false,""
2025-01-17T21:00:00.000000,Canada,Québec,CA-QC,0.86,28.55,99.77,98.76,hydroquebec.com,false,""
2025-01-17T22:00:00.000000,Canada,Québec,CA-QC,0.92,28.5,99.75,98.74,hydroquebec.com,false,""
2025-01-17T23:00:00.000000,Canada,Québec,CA-QC,0.89,28.44,99.76,98.78,hydroquebec.com,false,""
2025-01-18T00:00:00.000000,Canada,Québec,CA-QC,1.3,28.79,99.65,98.05,hydroquebec.com,false,""
2025-01-18T01:00:00.000000,Canada,Québec,CA-QC,1.76,29.33,99.52,97.54,hydroquebec.com,false,""
2025-01-18T02:00:00.000000,Canada,Québec,CA-QC,2.01,29.69,99.46,97.27,hydroquebec.com,false,""
2025-01-18T03:00:00.000000,Canada,Québec,CA-QC,1.68,29.32,99.55,97.27,hydroquebec.com,false,""
2025-01-18T04:00:00.000000,Canada,Québec,CA-QC,1.33,28.94,99.64,97.49,hydroquebec.com,false,""
2025-01-18T05:00:00.000000,Canada,Québec,CA-QC,0.88,28.49,99.76,97.95,hydroquebec.com,false,""
2025-01-18T06:00:00.000000,Canada,Québec,CA-QC,2.33,30.1,99.46,97.24,hydroquebec.com,false,""
2025-01-18T07:00:00.000000,Canada,Québec,CA-QC,5.01,33.18,98.9,96.34,hydroquebec.com,false,""
2025-01-18T08:00:00.000000,Canada,Québec,CA-QC,2.49,30.07,99.44,96.74,hydroquebec.com,false,""
2025-01-18T09:00:00.000000,Canada,Québec,CA-QC,2.53,30.05,99.41,96.79,hydroquebec.com,false,""
2025-01-18T10:00:00.000000,Canada,Québec,CA-QC,0.98,28.18,99.74,97.47,hydroquebec.com,false,""
2025-01-18T11:00:00.000000,Canada,Québec,CA-QC,3.89,31.59,99.09,96.64,hydroquebec.com,false,""
2025-01-18T12:00:00.000000,Canada,Québec,CA-QC,5.85,34.09,98.66,96.49,hydroquebec.com,false,""
2025-01-18T13:00:00.000000,Canada,Québec,CA-QC,5.55,33.77,98.73,96.67,hydroquebec.com,false,""
2025-01-18T14:00:00.000000,Canada,Québec,CA-QC,2.69,30.39,99.36,97.9,hydroquebec.com,false,""
2025-01-18T15:00:00.000000,Canada,Québec,CA-QC,1.78,29.22,99.54,98.04,hydroquebec.com,false,""
2025-01-18T16:00:00.000000,Canada,Québec,CA-QC,2.34,29.79,99.37,97.37,hydroquebec.com,false,""
2025-01-18T17:00:00.000000,Canada,Québec,CA-QC,2.63,30.12,99.29,97.12,hydroquebec.com,false,""
2025-01-18T18:00:00.000000,Canada,Québec,CA-QC,3.05,30.72,99.17,96.92,hydroquebec.com,false,""
2025-01-18T19:00:00.000000,Canada,Québec,CA-QC,3.01,30.83,99.19,97.28,hydroquebec.com,false,""
2025-01-18T20:00:00.000000,Canada,Québec,CA-QC,3.06,30.84,99.17,97.21,hydroquebec.com,false,""
2025-01-18T21:00:00.000000,Canada,Québec,CA-QC,2.22,29.81,99.4,97.83,hydroquebec.com,false,""
2025-01-18T22:00:00.000000,Canada,Québec,CA-QC,1.6,29.05,99.57,98.55,hydroquebec.com,false,""
2025-01-18T23:00:00.000000,Canada,Québec,CA-QC,2.15,29.64,99.42,98.25,hydroquebec.com,false,""
2025-01-19T00:00:00.000000,Canada,Québec,CA-QC,2.0,29.62,99.46,98.43,hydroquebec.com,false,""
2025-01-19T01:00:00.000000,Canada,Québec,CA-QC,3.12,31.1,99.16,97.65,hydroquebec.com,false,""
2025-01-19T02:00:00.000000,Canada,Québec,CA-QC,3.98,32.27,98.92,97.01,hydroquebec.com,false,""
2025-01-19T03:00:00.000000,Canada,Québec,CA-QC,3.39,31.71,99.08,97.33,hydroquebec.com,false,""
2025-01-19T04:00:00.000000,Canada,Québec,CA-QC,4.63,33.25,98.75,96.31,hydroquebec.com,false,""
2025-01-19T05:00:00.000000,Canada,Québec,CA-QC,4.55,33.24,98.77,96.32,hydroquebec.com,false,""
2025-01-19T06:00:00.000000,Canada,Québec,CA-QC,4.52,33.25,98.78,96.38,hydroquebec.com,false,""
2025-01-19T07:00:00.000000,Canada,Québec,CA-QC,4.23,33.09,98.86,96.61,hydroquebec.com,false,""
2025-01-19T08:00:00.000000,Canada,Québec,CA-QC,3.88,32.71,98.96,96.72,hydroquebec.com,false,""
2025-01-19T09:00:00.000000,Canada,Québec,CA-QC,3.49,32.2,99.07,97.16,hydroquebec.com,false,""
2025-01-19T10:00:00.000000,Canada,Québec,CA-QC,2.47,30.93,99.35,97.96,hydroquebec.com,false,""
2025-01-19T11:00:00.000000,Canada,Québec,CA-QC,2.32,30.55,99.38,97.96,hydroquebec.com,false,""
2025-01-19T12:00:00.000000,Canada,Québec,CA-QC,0.79,28.62,99.79,99.3,hydroquebec.com,false,""
2025-01-19T13:00:00.000000,Canada,Québec,CA-QC,0.75,28.38,99.8,99.4,hydroquebec.com,false,""
2025-01-19T14:00:00.000000,Canada,Québec,CA-QC,1.04,28.66,99.72,99.2,hydroquebec.com,false,""
2025-01-19T15:00:00.000000,Canada,Québec,CA-QC,0.23,27.72,99.94,99.84,hydroquebec.com,false,""
2025-01-19T16:00:00.000000,Canada,Québec,CA-QC,0.0,27.46,100.0,100.0,hydroquebec.com,false,""
2025-01-19T17:00:00.000000,Canada,Québec,CA-QC,0.0,27.48,100.0,100.0,hydroquebec.com,false,""
2025-01-19T18:00:00.000000,Canada,Québec,CA-QC,0.0,27.5,100.0,100.0,hydroquebec.com,false,""
2025-01-19T19:00:00.000000,Canada,Québec,CA-QC,0.0,27.47,100.0,100.0,hydroquebec.com,false,""
2025-01-19T20:00:00.000000,Canada,Québec,CA-QC,0.44,27.9,99.89,99.65,hydroquebec.com,false,""
2025-01-19T21:00:00.000000,Canada,Québec,CA-QC,0.76,28.17,99.82,99.45,hydroquebec.com,false,""
2025-01-19T22:00:00.000000,Canada,Québec,CA-QC,2.45,30.01,99.41,98.45,hydroquebec.com,false,""
2025-01-19T23:00:00.000000,Canada,Québec,CA-QC,2.28,29.83,99.45,98.63,hydroquebec.com,false,""
2025-01-20T00:00:00.000000,Canada,Québec,CA-QC,1.15,28.54,99.72,99.29,hydroquebec.com,false,""
2025-01-20T01:00:00.000000,Canada,Québec,CA-QC,1.12,28.51,99.73,99.24,hydroquebec.com,false,""
2025-01-20T02:00:00.000000,Canada,Québec,CA-QC,1.01,28.38,99.76,99.25,hydroquebec.com,false,""
2025-01-20T03:00:00.000000,Canada,Québec,CA-QC,1.41,28.86,99.66,98.89,hydroquebec.com,false,""
2025-01-20T04:00:00.000000,Canada,Québec,CA-QC,2.44,30.09,99.41,98.09,hydroquebec.com,false,""
2025-01-20T05:00:00.000000,Canada,Québec,CA-QC,2.64,30.41,99.35,97.92,hydroquebec.com,false,""
2025-01-20T06:00:00.000000,Canada,Québec,CA-QC,3.53,31.44,99.14,97.2,hydroquebec.com,false,""
2025-01-20T07:00:00.000000,Canada,Québec,CA-QC,4.21,32.3,98.93,96.78,hydroquebec.com,false,""
2025-01-20T08:00:00.000000,Canada,Québec,CA-QC,4.13,32.21,98.91,96.83,hydroquebec.com,false,""
2025-01-20T09:00:00.000000,Canada,Québec,CA-QC,3.94,31.9,98.95,96.97,hydroquebec.com,false,""
2025-01-20T10:00:00.000000,Canada,Québec,CA-QC,4.1,31.91,98.95,97.02,hydroquebec.com,false,""
2025-01-20T11:00:00.000000,Canada,Québec,CA-QC,3.05,30.5,99.21,97.76,hydroquebec.com,false,""
2025-01-20T12:00:00.000000,Canada,Québec,CA-QC,5.75,33.55,98.61,97.07,hydroquebec.com,false,""
2025-01-20T13:00:00.000000,Canada,Québec,CA-QC,5.59,33.37,98.66,97.31,hydroquebec.com,false,""
2025-01-20T14:00:00.000000,Canada,Québec,CA-QC,2.39,29.68,99.35,98.27,hydroquebec.com,false,""
2025-01-20T15:00:00.000000,Canada,Québec,CA-QC,2.5,29.82,99.32,98.15,hydroquebec.com,false,""
2025-01-20T16:00:00.000000,Canada,Québec,CA-QC,3.06,30.45,99.18,97.7,hydroquebec.com,false,""
2025-01-20T17:00:00.000000,Canada,Québec,CA-QC,3.71,31.12,99.01,97.14,hydroquebec.com,false,""
2025-01-20T18:00:00.000000,Canada,Québec,CA-QC,3.4,30.71,99.08,97.4,hydroquebec.com,false,""
2025-01-20T19:00:00.000000,Canada,Québec,CA-QC,3.85,31.2,98.96,97.12,hydroquebec.com,false,""
2025-01-20T20:00:00.000000,Canada,Québec,CA-QC,2.93,30.05,99.23,97.78,hydroquebec.com,false,""
2025-01-20T21:00:00.000000,Canada,Québec,CA-QC,3.08,30.06,99.24,97.82,hydroquebec.com,false,""
2025-01-20T22:00:00.000000,Canada,Québec,CA-QC,3.77,30.84,99.03,97.49,hydroquebec.com,false,""
2025-01-20T23:00:00.000000,Canada,Québec,CA-QC,3.44,30.46,99.08,97.68,hydroquebec.com,false,""
2025-01-21T00:00:00.000000,Canada,Québec,CA-QC,3.46,30.37,99.08,97.63,hydroquebec.com,false,""
2025-01-21T01:00:00.000000,Canada,Québec,CA-QC,3.73,30.71,98.99,97.39,hydroquebec.com,false,""
2025-01-21T02:00:00.000000,Canada,Québec,CA-QC,4.56,31.77,98.81,97.03,hydroquebec.com,false,""
2025-01-21T03:00:00.000000,Canada,Québec,CA-QC,4.47,31.69,98.83,96.97,hydroquebec.com,false,""
2025-01-21T04:00:00.000000,Canada,Québec,CA-QC,7.18,34.97,98.25,96.07,hydroquebec.com,false,""
2025-01-21T05:00:00.000000,Canada,Québec,CA-QC,5.54,33.06,98.62,96.47,hydroquebec.com,false,""
2025-01-21T06:00:00.000000,Canada,Québec,CA-QC,6.36,34.02,98.43,96.25,hydroquebec.com,false,""
2025-01-21T07:00:00.000000,Canada,Québec,CA-QC,6.66,34.4,98.34,96.17,hydroquebec.com,false,""
2025-01-21T08:00:00.000000,Canada,Québec,CA-QC,6.93,34.79,98.28,96.09,hydroquebec.com,false,""
2025-01-21T09:00:00.000000,Canada,Québec,CA-QC,6.58,34.43,98.35,96.26,hydroquebec.com,false,""
2025-01-21T10:00:00.000000,Canada,Québec,CA-QC,3.52,30.76,99.05,97.38,hydroquebec.com,false,""
2025-01-21T11:00:00.000000,Canada,Québec,CA-QC,3.58,30.81,99.03,97.35,hydroquebec.com,false,""
2025-01-21T12:00:00.000000,Canada,Québec,CA-QC,4.42,31.86,98.83,97.1,hydroquebec.com,false,""
2025-01-21T13:00:00.000000,Canada,Québec,CA-QC,3.88,31.21,98.95,97.31,hydroquebec.com,false,""
2025-01-21T14:00:00.000000,Canada,Québec,CA-QC,3.52,30.8,99.05,97.58,hydroquebec.com,false,""
2025-01-21T15:00:00.000000,Canada,Québec,CA-QC,5.96,33.7,98.48,96.55,hydroquebec.com,false,""
2025-01-21T16:00:00.000000,Canada,Québec,CA-QC,6.82,34.81,98.28,96.3,hydroquebec.com,false,""
2025-01-21T17:00:00.000000,Canada,Québec,CA-QC,4.78,32.36,98.71,96.71,hydroquebec.com,false,""
2025-01-21T18:00:00.000000,Canada,Québec,CA-QC,4.35,31.8,98.82,96.86,hydroquebec.com,false,""
2025-01-21T19:00:00.000000,Canada,Québec,CA-QC,3.0,30.26,99.19,97.85,hydroquebec.com,false,""
2025-01-21T20:00:00.000000,Canada,Québec,CA-QC,3.87,31.37,98.95,97.4,hydroquebec.com,false,""
2025-01-21T21:00:00.000000,Canada,Québec,CA-QC,4.23,31.84,98.86,97.12,hydroquebec.com,false,""
2025-01-21T22:00:00.000000,Canada,Québec,CA-QC,4.31,31.94,98.85,97.18,hydroquebec.com,false,""
2025-01-21T23:00:00.000000,Canada,Québec,CA-QC,5.45,33.24,98.57,96.76,hydroquebec.com,false,""
2025-01-22T00:00:00.000000,Canada,Québec,CA-QC,3.94,31.36,98.93,97.43,hydroquebec.com,false,""
2025-01-22T01:00:00.000000,Canada,Québec,CA-QC,3.85,31.11,98.97,97.37,hydroquebec.com,false,""
2025-01-22T02:00:00.000000,Canada,Québec,CA-QC,3.75,31.0,98.99,97.43,hydroquebec.com,false,""
2025-01-22T03:00:00.000000,Canada,Québec,CA-QC,5.9,33.55,98.48,96.44,hydroquebec.com,false,""
2025-01-22T04:00:00.000000,Canada,Québec,CA-QC,5.49,33.05,98.59,96.58,hydroquebec.com,false,""
2025-01-22T05:00:00.000000,Canada,Québec,CA-QC,6.94,34.77,98.27,96.06,hydroquebec.com,false,""
2025-01-22T06:00:00.000000,Canada,Québec,CA-QC,8.61,36.83,97.89,95.49,hydroquebec.com,false,""
2025-01-22T07:00:00.000000,Canada,Québec,CA-QC,6.83,34.77,98.26,96.03,hydroquebec.com,false,""
2025-01-22T08:00:00.000000,Canada,Québec,CA-QC,9.61,38.07,97.66,95.27,hydroquebec.com,false,""
2025-01-22T09:00:00.000000,Canada,Québec,CA-QC,6.42,34.26,98.36,96.24,hydroquebec.com,false,""
2025-01-22T10:00:00.000000,Canada,Québec,CA-QC,4.88,32.34,98.7,96.61,hydroquebec.com,false,""
2025-01-22T11:00:00.000000,Canada,Québec,CA-QC,8.04,36.13,98.0,95.76,hydroquebec.com,false,""
2025-01-22T12:00:00.000000,Canada,Québec,CA-QC,8.87,37.14,97.8,95.62,hydroquebec.com,false,""
2025-01-22T13:00:00.000000,Canada,Québec,CA-QC,6.36,34.09,98.36,96.35,hydroquebec.com,false,""
2025-01-22T14:00:00.000000,Canada,Québec,CA-QC,4.16,31.43,98.88,97.01,hydroquebec.com,false,""
2025-01-22T15:00:00.000000,Canada,Québec,CA-QC,4.29,31.65,98.84,96.96,hydroquebec.com,false,""
2025-01-22T16:00:00.000000,Canada,Québec,CA-QC,4.55,32.07,98.77,96.86,hydroquebec.com,false,""
2025-01-22T17:00:00.000000,Canada,Québec,CA-QC,6.5,34.36,98.35,96.17,hydroquebec.com,false,""
2025-01-22T18:00:00.000000,Canada,Québec,CA-QC,4.63,32.12,98.75,96.66,hydroquebec.com,false,""
2025-01-22T19:00:00.000000,Canada,Québec,CA-QC,4.52,32.01,98.78,96.8,hydroquebec.com,false,""
2025-01-22T20:00:00.000000,Canada,Québec,CA-QC,4.67,32.25,98.74,96.71,hydroquebec.com,false,""
2025-01-22T21:00:00.000000,Canada,Québec,CA-QC,6.46,34.3,98.41,96.35,hydroquebec.com,false,""
2025-01-22T22:00:00.000000,Canada,Québec,CA-QC,8.39,36.47,97.99,95.87,hydroquebec.com,false,""
2025-01-22T23:00:00.000000,Canada,Québec,CA-QC,6.68,34.34,98.33,96.35,hydroquebec.com,false,""
2025-01-23T00:00:00.000000,Canada,Québec,CA-QC,5.96,33.4,98.51,96.73,hydroquebec.com,false,""
2025-01-23T01:00:00.000000,Canada,Québec,CA-QC,4.05,31.13,98.91,97.17,hydroquebec.com,false,""
2025-01-23T02:00:00.000000,Canada,Québec,CA-QC,4.24,31.36,98.85,96.98,hydroquebec.com,false,""
2025-01-23T03:00:00.000000,Canada,Québec,CA-QC,4.96,32.29,98.69,96.74,hydroquebec.com,false,""
2025-01-23T04:00:00.000000,Canada,Québec,CA-QC,5.61,33.09,98.56,96.39,hydroquebec.com,false,""
2025-01-23T05:00:00.000000,Canada,Québec,CA-QC,3.62,30.74,99.02,97.01,hydroquebec.com,false,""
2025-01-23T06:00:00.000000,Canada,Québec,CA-QC,3.38,30.41,99.09,97.07,hydroquebec.com,false,""
2025-01-23T07:00:00.000000,Canada,Québec,CA-QC,3.59,30.66,99.03,96.84,hydroquebec.com,false,""
2025-01-23T08:00:00.000000,Canada,Québec,CA-QC,3.79,30.99,98.97,96.89,hydroquebec.com,false,""
2025-01-23T09:00:00.000000,Canada,Québec,CA-QC,3.95,31.22,98.93,96.9,hydroquebec.com,false,""
2025-01-23T10:00:00.000000,Canada,Québec,CA-QC,3.46,30.63,99.06,97.37,hydroquebec.com,false,""
2025-01-23T11:00:00.000000,Canada,Québec,CA-QC,2.65,29.65,99.28,97.87,hydroquebec.com,false,""
2025-01-23T12:00:00.000000,Canada,Québec,CA-QC,3.26,30.43,99.12,97.7,hydroquebec.com,false,""
2025-01-23T13:00:00.000000,Canada,Québec,CA-QC,3.35,30.58,99.09,97.72,hydroquebec.com,false,""
2025-01-23T14:00:00.000000,Canada,Québec,CA-QC,3.67,31.05,99.01,97.6,hydroquebec.com,false,""
2025-01-23T15:00:00.000000,Canada,Québec,CA-QC,3.66,31.1,99.01,97.54,hydroquebec.com,false,""
2025-01-23T16:00:00.000000,Canada,Québec,CA-QC,3.2,30.62,99.14,97.78,hydroquebec.com,false,""
2025-01-23T17:00:00.000000,Canada,Québec,CA-QC,3.82,31.45,98.97,97.36,hydroquebec.com,false,""
2025-01-23T18:00:00.000000,Canada,Québec,CA-QC,3.53,31.28,99.05,97.61,hydroquebec.com,false,""
2025-01-23T19:00:00.000000,Canada,Québec,CA-QC,3.61,31.49,99.02,97.6,hydroquebec.com,false,""
2025-01-23T20:00:00.000000,Canada,Québec,CA-QC,4.32,32.36,98.83,97.16,hydroquebec.com,false,""
2025-01-23T21:00:00.000000,Canada,Québec,CA-QC,4.36,32.31,98.84,97.13,hydroquebec.com,false,""
2025-01-23T22:00:00.000000,Canada,Québec,CA-QC,4.61,32.52,98.75,97.03,hydroquebec.com,false,""
2025-01-23T23:00:00.000000,Canada,Québec,CA-QC,4.61,32.43,98.75,97.09,hydroquebec.com,false,""
2025-01-24T00:00:00.000000,Canada,Québec,CA-QC,4.31,31.98,98.84,97.18,hydroquebec.com,false,""
2025-01-24T01:00:00.000000,Canada,Québec,CA-QC,4.19,31.8,98.87,97.18,hydroquebec.com,false,""
2025-01-24T02:00:00.000000,Canada,Québec,CA-QC,3.66,31.18,99.01,97.39,hydroquebec.com,false,""
2025-01-24T03:00:00.000000,Canada,Québec,CA-QC,4.22,31.93,98.86,97.0,hydroquebec.com,false,""
2025-01-24T04:00:00.000000,Canada,Québec,CA-QC,4.19,31.99,98.87,96.94,hydroquebec.com,false,""
2025-01-24T05:00:00.000000,Canada,Québec,CA-QC,4.23,32.04,98.86,96.84,hydroquebec.com,false,""
2025-01-24T06:00:00.000000,Canada,Québec,CA-QC,3.04,30.62,99.18,97.49,hydroquebec.com,false,""
2025-01-24T07:00:00.000000,Canada,Québec,CA-QC,2.89,30.45,99.22,97.61,hydroquebec.com,false,""
2025-01-24T08:00:00.000000,Canada,Québec,CA-QC,3.05,30.63,99.18,97.57,hydroquebec.com,false,""
2025-01-24T09:00:00.000000,Canada,Québec,CA-QC,4.02,31.76,98.91,97.07,hydroquebec.com,false,""
2025-01-24T10:00:00.000000,Canada,Québec,CA-QC,3.92,31.6,98.94,97.34,hydroquebec.com,false,""
2025-01-24T11:00:00.000000,Canada,Québec,CA-QC,4.16,31.77,98.88,97.08,hydroquebec.com,false,""
2025-01-24T12:00:00.000000,Canada,Québec,CA-QC,4.23,31.82,98.86,97.26,hydroquebec.com,false,""
2025-01-24T13:00:00.000000,Canada,Québec,CA-QC,4.81,32.44,98.7,96.98,hydroquebec.com,false,""
2025-01-24T14:00:00.000000,Canada,Québec,CA-QC,3.83,31.25,98.96,97.56,hydroquebec.com,false,""
2025-01-24T15:00:00.000000,Canada,Québec,CA-QC,3.24,30.61,99.12,97.93,hydroquebec.com,false,""
2025-01-24T16:00:00.000000,Canada,Québec,CA-QC,2.86,30.18,99.23,98.11,hydroquebec.com,false,""
2025-01-24T17:00:00.000000,Canada,Québec,CA-QC,2.32,29.55,99.37,98.4,hydroquebec.com,false,""
2025-01-24T18:00:00.000000,Canada,Québec,CA-QC,3.47,30.89,99.08,97.66,hydroquebec.com,false,""
2025-01-24T19:00:00.000000,Canada,Québec,CA-QC,3.18,30.51,99.17,97.89,hydroquebec.com,false,""
2025-01-24T20:00:00.000000,Canada,Québec,CA-QC,3.13,30.38,99.19,97.86,hydroquebec.com,false,""
2025-01-24T21:00:00.000000,Canada,Québec,CA-QC,3.74,30.98,99.02,97.45,hydroquebec.com,false,""
2025-01-24T22:00:00.000000,Canada,Québec,CA-QC,2.92,29.92,99.23,98.07,hydroquebec.com,false,""
2025-01-24T23:00:00.000000,Canada,Québec,CA-QC,2.87,29.87,99.22,98.1,hydroquebec.com,false,""
2025-01-25T00:00:00.000000,Canada,Québec,CA-QC,2.21,29.09,99.4,98.5,hydroquebec.com,false,""
2025-01-25T01:00:00.000000,Canada,Québec,CA-QC,3.07,30.11,99.17,97.95,hydroquebec.com,false,""
2025-01-25T02:00:00.000000,Canada,Québec,CA-QC,3.28,30.39,99.11,97.8,hydroquebec.com,false,""
2025-01-25T03:00:00.000000,Canada,Québec,CA-QC,3.66,30.86,99.01,97.46,hydroquebec.com,false,""
2025-01-25T04:00:00.000000,Canada,Québec,CA-QC,3.07,30.13,99.17,97.65,hydroquebec.com,false,""
2025-01-25T05:00:00.000000,Canada,Québec,CA-QC,1.88,28.73,99.49,98.36,hydroquebec.com,false,""
2025-01-25T06:00:00.000000,Canada,Québec,CA-QC,2.7,29.7,99.27,97.68,hydroquebec.com,false,""
2025-01-25T07:00:00.000000,Canada,Québec,CA-QC,3.43,30.58,99.07,97.1,hydroquebec.com,false,""
2025-01-25T08:00:00.000000,Canada,Québec,CA-QC,3.39,30.49,99.08,97.15,hydroquebec.com,false,""
2025-01-25T09:00:00.000000,Canada,Québec,CA-QC,3.05,29.98,99.18,97.24,hydroquebec.com,false,""
2025-01-25T10:00:00.000000,Canada,Québec,CA-QC,2.8,29.71,99.24,97.37,hydroquebec.com,false,""
2025-01-25T11:00:00.000000,Canada,Québec,CA-QC,2.21,29.01,99.4,97.88,hydroquebec.com,false,""
2025-01-25T12:00:00.000000,Canada,Québec,CA-QC,2.26,29.06,99.39,97.89,hydroquebec.com,false,""
2025-01-25T13:00:00.000000,Canada,Québec,CA-QC,2.12,28.92,99.43,98.07,hydroquebec.com,false,""
2025-01-25T14:00:00.000000,Canada,Québec,CA-QC,1.53,28.28,99.59,98.57,hydroquebec.com,false,""
2025-01-25T15:00:00.000000,Canada,Québec,CA-QC,1.74,28.71,99.53,98.43,hydroquebec.com,false,""
2025-01-25T16:00:00.000000,Canada,Québec,CA-QC,2.34,29.54,99.37,97.84,hydroquebec.com,false,""
2025-01-25T17:00:00.000000,Canada,Québec,CA-QC,2.33,29.62,99.37,97.85,hydroquebec.com,false,""
2025-01-25T18:00:00.000000,Canada,Québec,CA-QC,1.99,29.3,99.46,98.07,hydroquebec.com,false,""
2025-01-25T19:00:00.000000,Canada,Québec,CA-QC,2.04,29.38,99.45,98.03,hydroquebec.com,false,""
2025-01-25T20:00:00.000000,Canada,Québec,CA-QC,1.78,29.09,99.52,98.28,hydroquebec.com,false,""
2025-01-25T21:00:00.000000,Canada,Québec,CA-QC,1.79,29.0,99.52,98.28,hydroquebec.com,false,""
2025-01-25T22:00:00.000000,Canada,Québec,CA-QC,1.52,28.53,99.59,98.55,hydroquebec.com,false,""
2025-01-25T23:00:00.000000,Canada,Québec,CA-QC,1.64,28.55,99.56,98.48,hydroquebec.com,false,""
2025-01-26T00:00:00.000000,Canada,Québec,CA-QC,1.39,28.25,99.63,98.62,hydroquebec.com,false,""
2025-01-26T01:00:00.000000,Canada,Québec,CA-QC,1.27,28.13,99.66,98.66,hydroquebec.com,false,""
2025-01-26T02:00:00.000000,Canada,Québec,CA-QC,1.16,28.02,99.69,98.66,hydroquebec.com,false,""
2025-01-26T03:00:00.000000,Canada,Québec,CA-QC,0.82,27.61,99.78,98.65,hydroquebec.com,false,""
2025-01-26T04:00:00.000000,Canada,Québec,CA-QC,0.74,27.55,99.8,98.6,hydroquebec.com,false,""
2025-01-26T05:00:00.000000,Canada,Québec,CA-QC,0.63,27.45,99.83,98.57,hydroquebec.com,false,""
2025-01-26T06:00:00.000000,Canada,Québec,CA-QC,0.56,27.4,99.85,98.63,hydroquebec.com,false,""
2025-01-26T07:00:00.000000,Canada,Québec,CA-QC,0.65,27.49,99.82,98.39,hydroquebec.com,false,""
2025-01-26T08:00:00.000000,Canada,Québec,CA-QC,0.7,27.57,99.81,98.31,hydroquebec.com,false,""
2025-01-26T09:00:00.000000,Canada,Québec,CA-QC,0.77,27.68,99.79,98.3,hydroquebec.com,false,""
2025-01-26T10:00:00.000000,Canada,Québec,CA-QC,0.88,27.85,99.76,98.41,hydroquebec.com,false,""
2025-01-26T11:00:00.000000,Canada,Québec,CA-QC,1.14,28.11,99.69,98.21,hydroquebec.com,false,""
2025-01-26T12:00:00.000000,Canada,Québec,CA-QC,1.14,28.08,99.69,98.35,hydroquebec.com,false,""
2025-01-26T13:00:00.000000,Canada,Québec,CA-QC,1.12,28.01,99.7,98.41,hydroquebec.com,false,""
2025-01-26T14:00:00.000000,Canada,Québec,CA-QC,1.92,28.99,99.52,98.22,hydroquebec.com,false,""
2025-01-26T15:00:00.000000,Canada,Québec,CA-QC,1.16,28.17,99.69,98.52,hydroquebec.com,false,""
2025-01-26T16:00:00.000000,Canada,Québec,CA-QC,1.48,28.64,99.62,98.41,hydroquebec.com,false,""
2025-01-26T17:00:00.000000,Canada,Québec,CA-QC,3.15,30.68,99.24,97.78,hydroquebec.com,false,""
2025-01-26T18:00:00.000000,Canada,Québec,CA-QC,3.63,31.3,99.11,97.37,hydroquebec.com,false,""
2025-01-26T19:00:00.000000,Canada,Québec,CA-QC,3.3,30.97,99.18,97.43,hydroquebec.com,false,""
2025-01-26T20:00:00.000000,Canada,Québec,CA-QC,1.53,28.88,99.59,98.41,hydroquebec.com,false,""
2025-01-26T21:00:00.000000,Canada,Québec,CA-QC,1.34,28.41,99.64,98.61,hydroquebec.com,false,""
2025-01-26T22:00:00.000000,Canada,Québec,CA-QC,1.6,28.48,99.57,98.52,hydroquebec.com,false,""
2025-01-26T23:00:00.000000,Canada,Québec,CA-QC,1.51,28.26,99.59,98.7,hydroquebec.com,false,""
2025-01-27T00:00:00.000000,Canada,Québec,CA-QC,2.21,29.07,99.4,98.03,hydroquebec.com,false,""
2025-01-27T01:00:00.000000,Canada,Québec,CA-QC,2.42,29.38,99.35,97.7,hydroquebec.com,false,""
2025-01-27T02:00:00.000000,Canada,Québec,CA-QC,2.48,29.49,99.33,97.6,hydroquebec.com,false,""
2025-01-27T03:00:00.000000,Canada,Québec,CA-QC,2.03,28.97,99.45,97.7,hydroquebec.com,false,""
2025-01-27T04:00:00.000000,Canada,Québec,CA-QC,1.73,28.69,99.53,97.67,hydroquebec.com,false,""
2025-01-27T05:00:00.000000,Canada,Québec,CA-QC,1.38,28.3,99.63,97.64,hydroquebec.com,false,""
2025-01-27T06:00:00.000000,Canada,Québec,CA-QC,1.43,28.26,99.61,97.51,hydroquebec.com,false,""
2025-01-27T07:00:00.000000,Canada,Québec,CA-QC,2.48,29.46,99.37,97.04,hydroquebec.com,false,""
2025-01-27T08:00:00.000000,Canada,Québec,CA-QC,1.92,28.86,99.48,97.26,hydroquebec.com,false,""
2025-01-27T09:00:00.000000,Canada,Québec,CA-QC,1.74,28.65,99.53,97.49,hydroquebec.com,false,""
2025-01-27T10:00:00.000000,Canada,Québec,CA-QC,1.38,28.17,99.63,97.99,hydroquebec.com,false,""
2025-01-27T11:00:00.000000,Canada,Québec,CA-QC,1.44,28.09,99.61,97.91,hydroquebec.com,false,""
2025-01-27T12:00:00.000000,Canada,Québec,CA-QC,1.51,28.09,99.59,98.04,hydroquebec.com,false,""
2025-01-27T13:00:00.000000,Canada,Québec,CA-QC,1.55,28.08,99.58,98.05,hydroquebec.com,false,""
2025-01-27T14:00:00.000000,Canada,Québec,CA-QC,1.52,28.08,99.59,98.04,hydroquebec.com,false,""
2025-01-27T15:00:00.000000,Canada,Québec,CA-QC,2.4,29.04,99.4,97.69,hydroquebec.com,false,""
2025-01-27T16:00:00.000000,Canada,Québec,CA-QC,3.51,30.35,99.15,97.27,hydroquebec.com,false,""
2025-01-27T17:00:00.000000,Canada,Québec,CA-QC,5.2,32.42,98.79,96.64,hydroquebec.com,false,""
2025-01-27T18:00:00.000000,Canada,Québec,CA-QC,4.83,32.02,98.87,96.71,hydroquebec.com,false,""
2025-01-27T19:00:00.000000,Canada,Québec,CA-QC,4.45,31.58,98.94,96.84,hydroquebec.com,false,""
2025-01-27T20:00:00.000000,Canada,Québec,CA-QC,4.38,31.48,98.93,96.9,hydroquebec.com,false,""
2025-01-27T21:00:00.000000,Canada,Québec,CA-QC,2.46,29.17,99.35,97.61,hydroquebec.com,false,""
2025-01-27T22:00:00.000000,Canada,Québec,CA-QC,2.37,29.02,99.36,97.75,hydroquebec.com,false,""
2025-01-27T23:00:00.000000,Canada,Québec,CA-QC,2.34,29.02,99.37,97.9,hydroquebec.com,false,""
2025-01-28T00:00:00.000000,Canada,Québec,CA-QC,2.14,28.86,99.42,97.97,hydroquebec.com,false,""
2025-01-28T01:00:00.000000,Canada,Québec,CA-QC,2.18,28.92,99.41,97.73,hydroquebec.com,false,""
2025-01-28T02:00:00.000000,Canada,Québec,CA-QC,2.98,29.89,99.24,97.37,hydroquebec.com,false,""
2025-01-28T03:00:00.000000,Canada,Québec,CA-QC,4.49,31.71,98.92,96.77,hydroquebec.com,false,""
2025-01-28T04:00:00.000000,Canada,Québec,CA-QC,3.36,30.43,99.18,96.83,hydroquebec.com,false,""
2025-01-28T05:00:00.000000,Canada,Québec,CA-QC,3.73,30.92,99.11,96.74,hydroquebec.com,false,""
2025-01-28T06:00:00.000000,Canada,Québec,CA-QC,6.09,33.72,98.59,95.85,hydroquebec.com,false,""
2025-01-28T07:00:00.000000,Canada,Québec,CA-QC,7.0,34.83,98.37,95.5,hydroquebec.com,false,""
2025-01-28T08:00:00.000000,Canada,Québec,CA-QC,6.45,34.27,98.47,95.76,hydroquebec.com,false,""
2025-01-28T09:00:00.000000,Canada,Québec,CA-QC,6.43,34.34,98.46,95.86,hydroquebec.com,false,""
2025-01-28T10:00:00.000000,Canada,Québec,CA-QC,2.54,29.66,99.32,97.33,hydroquebec.com,false,""
2025-01-28T11:00:00.000000,Canada,Québec,CA-QC,2.51,29.45,99.32,97.73,hydroquebec.com,false,""
2025-01-28T12:00:00.000000,Canada,Québec,CA-QC,2.3,29.14,99.38,98.24,hydroquebec.com,false,""
2025-01-28T13:00:00.000000,Canada,Québec,CA-QC,3.96,31.12,98.93,97.21,hydroquebec.com,false,""
2025-01-28T14:00:00.000000,Canada,Québec,CA-QC,3.16,30.29,99.15,97.79,hydroquebec.com,false,""
2025-01-28T15:00:00.000000,Canada,Québec,CA-QC,1.57,28.42,99.58,98.85,hydroquebec.com,false,""
2025-01-28T16:00:00.000000,Canada,Québec,CA-QC,1.94,28.83,99.5,98.56,hydroquebec.com,false,""
2025-01-28T17:00:00.000000,Canada,Québec,CA-QC,2.33,29.26,99.39,98.18,hydroquebec.com,false,""
2025-01-28T18:00:00.000000,Canada,Québec,CA-QC,3.01,29.94,99.25,97.7,hydroquebec.com,false,""
2025-01-28T19:00:00.000000,Canada,Québec,CA-QC,3.98,31.06,99.01,97.06,hydroquebec.com,false,""
2025-01-28T20:00:00.000000,Canada,Québec,CA-QC,2.84,29.77,99.28,97.81,hydroquebec.com,false,""
2025-01-28T21:00:00.000000,Canada,Québec,CA-QC,1.04,27.57,99.72,99.08,hydroquebec.com,false,""
2025-01-28T22:00:00.000000,Canada,Québec,CA-QC,0.92,27.27,99.75,99.21,hydroquebec.com,false,""
2025-01-28T23:00:00.000000,Canada,Québec,CA-QC,2.11,28.59,99.43,98.32,hydroquebec.com,false,""
2025-01-29T00:00:00.000000,Canada,Québec,CA-QC,1.99,28.47,99.47,98.31,hydroquebec.com,false,""
2025-01-29T01:00:00.000000,Canada,Québec,CA-QC,2.19,28.69,99.43,98.05,hydroquebec.com,false,""
2025-01-29T02:00:00.000000,Canada,Québec,CA-QC,2.63,29.2,99.33,97.7,hydroquebec.com,false,""
2025-01-29T03:00:00.000000,Canada,Québec,CA-QC,2.07,28.59,99.45,97.86,hydroquebec.com,false,""
2025-01-29T04:00:00.000000,Canada,Québec,CA-QC,1.88,28.54,99.49,97.87,hydroquebec.com,false,""
2025-01-29T05:00:00.000000,Canada,Québec,CA-QC,1.45,28.23,99.61,97.99,hydroquebec.com,false,""
2025-01-29T06:00:00.000000,Canada,Québec,CA-QC,1.71,28.64,99.56,97.82,hydroquebec.com,false,""
2025-01-29T07:00:00.000000,Canada,Québec,CA-QC,2.81,30.01,99.32,97.46,hydroquebec.com,false,""
2025-01-29T08:00:00.000000,Canada,Québec,CA-QC,5.58,33.22,98.68,96.17,hydroquebec.com,false,""
2025-01-29T09:00:00.000000,Canada,Québec,CA-QC,5.81,33.56,98.61,96.17,hydroquebec.com,false,""
2025-01-29T10:00:00.000000,Canada,Québec,CA-QC,2.97,30.25,99.26,97.5,hydroquebec.com,false,""
2025-01-29T11:00:00.000000,Canada,Québec,CA-QC,1.8,28.8,99.52,97.98,hydroquebec.com,false,""
2025-01-29T12:00:00.000000,Canada,Québec,CA-QC,1.58,28.48,99.57,98.24,hydroquebec.com,false,""
2025-01-29T13:00:00.000000,Canada,Québec,CA-QC,1.68,28.61,99.55,98.3,hydroquebec.com,false,""
2025-01-29T14:00:00.000000,Canada,Québec,CA-QC,2.08,29.16,99.44,98.13,hydroquebec.com,false,""
2025-01-29T15:00:00.000000,Canada,Québec,CA-QC,5.07,32.77,98.76,96.92,hydroquebec.com,false,""
2025-01-29T16:00:00.000000,Canada,Québec,CA-QC,7.0,35.17,98.32,96.23,hydroquebec.com,false,""
2025-01-29T17:00:00.000000,Canada,Québec,CA-QC,8.26,36.8,98.04,95.69,hydroquebec.com,false,""
2025-01-29T18:00:00.000000,Canada,Québec,CA-QC,8.11,36.77,98.07,95.61,hydroquebec.com,false,""
2025-01-29T19:00:00.000000,Canada,Québec,CA-QC,6.27,34.66,98.46,96.12,hydroquebec.com,false,""
2025-01-29T20:00:00.000000,Canada,Québec,CA-QC,8.33,37.12,97.99,95.68,hydroquebec.com,false,""
2025-01-29T21:00:00.000000,Canada,Québec,CA-QC,4.45,32.51,98.88,97.31,hydroquebec.com,false,""
2025-01-29T22:00:00.000000,Canada,Québec,CA-QC,2.18,29.66,99.41,98.25,hydroquebec.com,false,""
2025-01-29T23:00:00.000000,Canada,Québec,CA-QC,2.51,29.99,99.32,98.18,hydroquebec.com,false,""
2025-01-30T00:00:00.000000,Canada,Québec,CA-QC,2.33,29.75,99.37,98.36,hydroquebec.com,false,""
2025-01-30T01:00:00.000000,Canada,Québec,CA-QC,4.41,32.16,98.85,97.37,hydroquebec.com,false,""
2025-01-30T02:00:00.000000,Canada,Québec,CA-QC,3.47,30.95,99.1,97.85,hydroquebec.com,false,""
2025-01-30T03:00:00.000000,Canada,Québec,CA-QC,5.45,33.19,98.64,97.04,hydroquebec.com,false,""
2025-01-30T04:00:00.000000,Canada,Québec,CA-QC,4.7,32.21,98.76,96.74,hydroquebec.com,false,""
2025-01-30T05:00:00.000000,Canada,Québec,CA-QC,5.27,32.87,98.59,96.42,hydroquebec.com,false,""
2025-01-30T06:00:00.000000,Canada,Québec,CA-QC,4.78,32.28,98.71,96.64,hydroquebec.com,false,""
2025-01-30T07:00:00.000000,Canada,Québec,CA-QC,5.91,33.61,98.47,96.3,hydroquebec.com,false,""
2025-01-30T08:00:00.000000,Canada,Québec,CA-QC,10.35,38.87,97.49,95.06,hydroquebec.com,false,""
2025-01-30T09:00:00.000000,Canada,Québec,CA-QC,10.56,39.17,97.39,94.68,hydroquebec.com,false,""
2025-01-30T10:00:00.000000,Canada,Québec,CA-QC,5.22,32.77,98.61,96.46,hydroquebec.com,false,""
2025-01-30T11:00:00.000000,Canada,Québec,CA-QC,3.99,31.14,98.95,97.28,hydroquebec.com,false,""
2025-01-30T12:00:00.000000,Canada,Québec,CA-QC,3.16,30.02,99.19,97.89,hydroquebec.com,false,""
2025-01-30T13:00:00.000000,Canada,Québec,CA-QC,2.29,29.01,99.41,98.42,hydroquebec.com,false,""
2025-01-30T14:00:00.000000,Canada,Québec,CA-QC,2.11,28.89,99.44,98.54,hydroquebec.com,false,""
2025-01-30T15:00:00.000000,Canada,Québec,CA-QC,3.57,30.65,99.07,97.7,hydroquebec.com,false,""
2025-01-30T16:00:00.000000,Canada,Québec,CA-QC,3.44,30.43,99.09,97.56,hydroquebec.com,false,""
2025-01-30T17:00:00.000000,Canada,Québec,CA-QC,3.5,30.53,99.06,97.51,hydroquebec.com,false,""
2025-01-30T18:00:00.000000,Canada,Québec,CA-QC,3.74,30.87,98.99,97.4,hydroquebec.com,false,""
2025-01-30T19:00:00.000000,Canada,Québec,CA-QC,3.91,30.95,98.94,97.24,hydroquebec.com,false,""
2025-01-30T20:00:00.000000,Canada,Québec,CA-QC,3.68,30.63,99.01,97.47,hydroquebec.com,false,""
2025-01-30T21:00:00.000000,Canada,Québec,CA-QC,2.48,29.16,99.33,98.18,hydroquebec.com,false,""
2025-01-30T22:00:00.000000,Canada,Québec,CA-QC,2.24,28.82,99.4,98.36,hydroquebec.com,false,""
2025-01-30T23:00:00.000000,Canada,Québec,CA-QC,2.07,28.57,99.44,98.41,hydroquebec.com,false,""
2025-01-31T00:00:00.000000,Canada,Québec,CA-QC,2.13,28.64,99.42,98.29,hydroquebec.com,false,""
2025-01-31T01:00:00.000000,Canada,Québec,CA-QC,2.96,29.63,99.2,97.63,hydroquebec.com,false,""
2025-01-31T02:00:00.000000,Canada,Québec,CA-QC,5.19,32.31,98.7,96.88,hydroquebec.com,false,""
2025-01-31T03:00:00.000000,Canada,Québec,CA-QC,4.94,32.05,98.78,96.97,hydroquebec.com,false,""
2025-01-31T04:00:00.000000,Canada,Québec,CA-QC,7.0,34.49,98.32,96.25,hydroquebec.com,false,""
2025-01-31T05:00:00.000000,Canada,Québec,CA-QC,8.25,35.89,98.04,95.45,hydroquebec.com,false,""
2025-01-31T06:00:00.000000,Canada,Québec,CA-QC,8.06,35.78,98.09,95.55,hydroquebec.com,false,""
2025-01-31T07:00:00.000000,Canada,Québec,CA-QC,8.46,36.37,97.99,95.4,hydroquebec.com,false,""
2025-01-31T08:00:00.000000,Canada,Québec,CA-QC,9.35,37.56,97.76,95.13,hydroquebec.com,false,""
2025-01-31T09:00:00.000000,Canada,Québec,CA-QC,7.94,36.01,98.06,95.67,hydroquebec.com,false,""
2025-01-31T10:00:00.000000,Canada,Québec,CA-QC,7.88,36.01,98.05,95.66,hydroquebec.com,false,""
2025-01-31T11:00:00.000000,Canada,Québec,CA-QC,7.31,35.3,98.18,95.86,hydroquebec.com,false,""
2025-01-31T12:00:00.000000,Canada,Québec,CA-QC,6.72,34.55,98.32,96.15,hydroquebec.com,false,""
2025-01-31T13:00:00.000000,Canada,Québec,CA-QC,4.28,31.67,98.88,97.1,hydroquebec.com,false,""
2025-01-31T14:00:00.000000,Canada,Québec,CA-QC,3.87,31.25,99.0,97.34,hydroquebec.com,false,""
2025-01-31T15:00:00.000000,Canada,Québec,CA-QC,4.22,31.8,98.92,97.21,hydroquebec.com,false,""
2025-01-31T16:00:00.000000,Canada,Québec,CA-QC,4.39,32.14,98.89,97.18,hydroquebec.com,false,""
2025-01-31T17:00:00.000000,Canada,Québec,CA-QC,3.82,31.57,99.02,97.45,hydroquebec.com,false,""
2025-01-31T18:00:00.000000,Canada,Québec,CA-QC,4.08,31.88,98.96,97.25,hydroquebec.com,false,""
2025-01-31T19:00:00.000000,Canada,Québec,CA-QC,4.06,31.91,98.95,97.21,hydroquebec.com,false,""
2025-01-31T20:00:00.000000,Canada,Québec,CA-QC,3.58,31.34,99.07,97.43,hydroquebec.com,false,""
2025-01-31T21:00:00.000000,Canada,Québec,CA-QC,3.08,30.6,99.18,97.53,hydroquebec.com,false,""
2025-01-31T22:00:00.000000,Canada,Québec,CA-QC,2.51,29.81,99.33,97.89,hydroquebec.com,false,""
2025-01-31T23:00:00.000000,Canada,Québec,CA-QC,2.33,29.52,99.38,97.96,hydroquebec.com,false,""
2025-02-01T00:00:00.000000,Canada,Québec,CA-QC,2.25,29.5,99.39,98.04,hydroquebec.com,false,""
2025-02-01T01:00:00.000000,Canada,Québec,CA-QC,2.55,29.83,99.31,97.68,hydroquebec.com,false,""
2025-02-01T02:00:00.000000,Canada,Québec,CA-QC,2.51,29.83,99.32,97.82,hydroquebec.com,false,""
2025-02-01T03:00:00.000000,Canada,Québec,CA-QC,3.02,30.44,99.19,97.49,hydroquebec.com,false,""
2025-02-01T04:00:00.000000,Canada,Québec,CA-QC,4.01,31.66,98.96,97.0,hydroquebec.com,false,""
2025-02-01T05:00:00.000000,Canada,Québec,CA-QC,6.84,35.05,98.32,95.82,hydroquebec.com,false,""
2025-02-01T06:00:00.000000,Canada,Québec,CA-QC,8.36,36.89,97.97,95.28,hydroquebec.com,false,""
2025-02-01T07:00:00.000000,Canada,Québec,CA-QC,8.14,36.62,98.0,95.4,hydroquebec.com,false,""
2025-02-01T08:00:00.000000,Canada,Québec,CA-QC,8.39,36.91,97.93,95.38,hydroquebec.com,false,""
2025-02-01T09:00:00.000000,Canada,Québec,CA-QC,8.61,37.13,97.88,95.35,hydroquebec.com,false,""
2025-02-01T10:00:00.000000,Canada,Québec,CA-QC,9.0,37.53,97.78,95.3,hydroquebec.com,false,""
2025-02-01T11:00:00.000000,Canada,Québec,CA-QC,8.86,37.24,97.79,95.3,hydroquebec.com,false,""
2025-02-01T12:00:00.000000,Canada,Québec,CA-QC,9.45,37.84,97.68,95.32,hydroquebec.com,false,""
2025-02-01T13:00:00.000000,Canada,Québec,CA-QC,9.7,38.1,97.6,95.2,hydroquebec.com,false,""
2025-02-01T14:00:00.000000,Canada,Québec,CA-QC,10.16,38.69,97.49,95.06,hydroquebec.com,false,""
2025-02-01T15:00:00.000000,Canada,Québec,CA-QC,11.73,40.63,97.13,94.53,hydroquebec.com,false,""
2025-02-01T16:00:00.000000,Canada,Québec,CA-QC,11.32,40.15,97.22,94.65,hydroquebec.com,false,""
2025-02-01T17:00:00.000000,Canada,Québec,CA-QC,10.28,38.96,97.48,95.13,hydroquebec.com,false,""
2025-02-01T18:00:00.000000,Canada,Québec,CA-QC,10.26,38.97,97.49,95.03,hydroquebec.com,false,""
2025-02-01T19:00:00.000000,Canada,Québec,CA-QC,12.76,41.89,96.94,94.14,hydroquebec.com,false,""
2025-02-01T20:00:00.000000,Canada,Québec,CA-QC,11.07,39.88,97.39,95.24,hydroquebec.com,false,""
2025-02-01T21:00:00.000000,Canada,Québec,CA-QC,4.06,31.38,99.03,98.03,hydroquebec.com,false,""
2025-02-01T22:00:00.000000,Canada,Québec,CA-QC,2.51,29.33,99.36,98.53,hydroquebec.com,false,""
2025-02-01T23:00:00.000000,Canada,Québec,CA-QC,2.35,29.1,99.41,98.65,hydroquebec.com,false,""
2025-02-02T00:00:00.000000,Canada,Québec,CA-QC,1.78,28.45,99.54,98.93,hydroquebec.com,false,""
2025-02-02T01:00:00.000000,Canada,Québec,CA-QC,4.57,31.83,98.86,97.74,hydroquebec.com,false,""
2025-02-02T02:00:00.000000,Canada,Québec,CA-QC,4.76,32.1,98.82,97.66,hydroquebec.com,false,""
2025-02-02T03:00:00.000000,Canada,Québec,CA-QC,4.05,31.31,98.95,97.72,hydroquebec.com,false,""
2025-02-02T04:00:00.000000,Canada,Québec,CA-QC,5.08,32.55,98.68,96.93,hydroquebec.com,false,""
2025-02-02T05:00:00.000000,Canada,Québec,CA-QC,7.51,35.48,98.13,96.08,hydroquebec.com,false,""
2025-02-02T06:00:00.000000,Canada,Québec,CA-QC,7.35,35.15,98.21,96.06,hydroquebec.com,false,""
2025-02-02T07:00:00.000000,Canada,Québec,CA-QC,8.87,36.86,97.85,95.4,hydroquebec.com,false,""
2025-02-02T08:00:00.000000,Canada,Québec,CA-QC,9.47,37.58,97.71,95.24,hydroquebec.com,false,""
2025-02-02T09:00:00.000000,Canada,Québec,CA-QC,10.41,38.74,97.49,94.93,hydroquebec.com,false,""
2025-02-02T10:00:00.000000,Canada,Québec,CA-QC,8.69,36.63,97.9,95.52,hydroquebec.com,false,""
2025-02-02T11:00:00.000000,Canada,Québec,CA-QC,8.52,36.31,97.94,95.64,hydroquebec.com,false,""
2025-02-02T12:00:00.000000,Canada,Québec,CA-QC,9.84,37.87,97.62,95.29,hydroquebec.com,false,""
2025-02-02T13:00:00.000000,Canada,Québec,CA-QC,9.73,37.8,97.64,95.37,hydroquebec.com,false,""
2025-02-02T14:00:00.000000,Canada,Québec,CA-QC,9.56,37.69,97.68,95.5,hydroquebec.com,false,""
2025-02-02T15:00:00.000000,Canada,Québec,CA-QC,9.92,38.25,97.59,95.4,hydroquebec.com,false,""
2025-02-02T16:00:00.000000,Canada,Québec,CA-QC,10.31,38.82,97.52,95.34,hydroquebec.com,false,""
2025-02-02T17:00:00.000000,Canada,Québec,CA-QC,9.9,38.42,97.6,95.44,hydroquebec.com,false,""
2025-02-02T18:00:00.000000,Canada,Québec,CA-QC,9.42,37.91,97.74,95.85,hydroquebec.com,false,""
2025-02-02T19:00:00.000000,Canada,Québec,CA-QC,8.67,37.0,97.97,96.31,hydroquebec.com,false,""
2025-02-02T20:00:00.000000,Canada,Québec,CA-QC,7.75,35.93,98.19,96.78,hydroquebec.com,false,""
2025-02-02T21:00:00.000000,Canada,Québec,CA-QC,9.66,38.15,97.75,96.03,hydroquebec.com,false,""
2025-02-02T22:00:00.000000,Canada,Québec,CA-QC,11.07,39.76,97.4,95.44,hydroquebec.com,false,""
2025-02-02T23:00:00.000000,Canada,Québec,CA-QC,11.1,39.74,97.41,95.44,hydroquebec.com,false,""
2025-02-03T00:00:00.000000,Canada,Québec,CA-QC,10.06,38.51,97.64,95.63,hydroquebec.com,false,""
2025-02-03T01:00:00.000000,Canada,Québec,CA-QC,9.96,38.46,97.62,95.57,hydroquebec.com,false,""
2025-02-03T02:00:00.000000,Canada,Québec,CA-QC,7.61,35.77,98.15,96.52,hydroquebec.com,false,""
2025-02-03T03:00:00.000000,Canada,Québec,CA-QC,5.11,32.84,98.74,97.39,hydroquebec.com,false,""
2025-02-03T04:00:00.000000,Canada,Québec,CA-QC,10.08,38.8,97.61,95.6,hydroquebec.com,false,""
2025-02-03T05:00:00.000000,Canada,Québec,CA-QC,11.09,40.06,97.31,94.74,hydroquebec.com,false,""
2025-02-03T06:00:00.000000,Canada,Québec,CA-QC,8.9,37.47,97.76,95.21,hydroquebec.com,false,""
2025-02-03T07:00:00.000000,Canada,Québec,CA-QC,7.21,35.43,98.2,96.1,hydroquebec.com,false,""
2025-02-03T08:00:00.000000,Canada,Québec,CA-QC,6.17,34.18,98.43,96.41,hydroquebec.com,false,""
2025-02-03T09:00:00.000000,Canada,Québec,CA-QC,6.2,34.18,98.44,96.5,hydroquebec.com,false,""
2025-02-03T10:00:00.000000,Canada,Québec,CA-QC,4.73,32.38,98.78,97.09,hydroquebec.com,false,""
2025-02-03T11:00:00.000000,Canada,Québec,CA-QC,3.75,31.08,99.0,97.57,hydroquebec.com,false,""
2025-02-03T12:00:00.000000,Canada,Québec,CA-QC,3.32,30.42,99.12,97.94,hydroquebec.com,false,""
2025-02-03T13:00:00.000000,Canada,Québec,CA-QC,2.27,29.05,99.41,98.56,hydroquebec.com,false,""
2025-02-03T14:00:00.000000,Canada,Québec,CA-QC,2.2,28.98,99.41,98.59,hydroquebec.com,false,""
2025-02-03T15:00:00.000000,Canada,Québec,CA-QC,4.56,31.84,98.89,97.82,hydroquebec.com,false,""
2025-02-03T16:00:00.000000,Canada,Québec,CA-QC,5.36,32.85,98.67,97.38,hydroquebec.com,false,""
2025-02-03T17:00:00.000000,Canada,Québec,CA-QC,4.59,31.91,98.92,98.02,hydroquebec.com,false,""
2025-02-03T18:00:00.000000,Canada,Québec,CA-QC,7.21,35.01,98.37,97.38,hydroquebec.com,false,""
2025-02-03T19:00:00.000000,Canada,Québec,CA-QC,9.82,38.07,97.71,95.86,hydroquebec.com,false,""
2025-02-03T20:00:00.000000,Canada,Québec,CA-QC,10.07,38.42,97.64,95.75,hydroquebec.com,false,""
2025-02-03T21:00:00.000000,Canada,Québec,CA-QC,9.65,37.98,97.73,95.95,hydroquebec.com,false,""
2025-02-03T22:00:00.000000,Canada,Québec,CA-QC,3.33,30.53,99.22,98.47,hydroquebec.com,false,""
2025-02-03T23:00:00.000000,Canada,Québec,CA-QC,0.72,27.36,99.82,99.5,hydroquebec.com,false,""
2025-02-04T00:00:00.000000,Canada,Québec,CA-QC,2.37,29.3,99.47,99.25,hydroquebec.com,false,""
2025-02-04T01:00:00.000000,Canada,Québec,CA-QC,3.79,31.08,99.14,98.72,hydroquebec.com,false,""
2025-02-04T02:00:00.000000,Canada,Québec,CA-QC,7.75,35.89,98.17,96.69,hydroquebec.com,false,""
2025-02-04T03:00:00.000000,Canada,Québec,CA-QC,9.6,38.29,97.71,95.69,hydroquebec.com,false,""
2025-02-04T04:00:00.000000,Canada,Québec,CA-QC,9.96,38.91,97.63,95.42,hydroquebec.com,false,""
2025-02-04T05:00:00.000000,Canada,Québec,CA-QC,10.45,39.36,97.52,94.89,hydroquebec.com,false,""
2025-02-04T06:00:00.000000,Canada,Québec,CA-QC,9.47,38.03,97.76,95.15,hydroquebec.com,false,""
2025-02-04T07:00:00.000000,Canada,Québec,CA-QC,10.18,38.86,97.58,94.84,hydroquebec.com,false,""
2025-02-04T08:00:00.000000,Canada,Québec,CA-QC,10.46,39.17,97.51,94.76,hydroquebec.com,false,""
2025-02-04T09:00:00.000000,Canada,Québec,CA-QC,9.8,38.34,97.65,95.01,hydroquebec.com,false,""
2025-02-04T10:00:00.000000,Canada,Québec,CA-QC,10.95,39.53,97.42,94.83,hydroquebec.com,false,""
2025-02-04T11:00:00.000000,Canada,Québec,CA-QC,6.96,34.61,98.35,96.58,hydroquebec.com,false,""
2025-02-04T12:00:00.000000,Canada,Québec,CA-QC,2.77,29.47,99.27,97.93,hydroquebec.com,false,""
2025-02-04T13:00:00.000000,Canada,Québec,CA-QC,2.8,29.52,99.25,97.91,hydroquebec.com,false,""
2025-02-04T14:00:00.000000,Canada,Québec,CA-QC,5.83,33.19,98.55,96.74,hydroquebec.com,false,""
2025-02-04T15:00:00.000000,Canada,Québec,CA-QC,9.08,37.13,97.83,95.58,hydroquebec.com,false,""
2025-02-04T16:00:00.000000,Canada,Québec,CA-QC,10.6,39.05,97.49,95.08,hydroquebec.com,false,""
2025-02-04T17:00:00.000000,Canada,Québec,CA-QC,11.64,40.39,97.24,94.74,hydroquebec.com,false,""
2025-02-04T18:00:00.000000,Canada,Québec,CA-QC,11.26,40.05,97.31,94.81,hydroquebec.com,false,""
2025-02-04T19:00:00.000000,Canada,Québec,CA-QC,9.43,37.84,97.72,95.39,hydroquebec.com,false,""
2025-02-04T20:00:00.000000,Canada,Québec,CA-QC,6.21,33.89,98.45,96.58,hydroquebec.com,false,""
2025-02-04T21:00:00.000000,Canada,Québec,CA-QC,3.09,30.06,99.18,97.85,hydroquebec.com,false,""
2025-02-04T22:00:00.000000,Canada,Québec,CA-QC,2.63,29.35,99.31,98.27,hydroquebec.com,false,""
2025-02-04T23:00:00.000000,Canada,Québec,CA-QC,2.29,28.87,99.39,98.49,hydroquebec.com,false,""
2025-02-05T00:00:00.000000,Canada,Québec,CA-QC,1.37,27.69,99.64,99.1,hydroquebec.com,false,""
2025-02-05T01:00:00.000000,Canada,Québec,CA-QC,2.73,29.28,99.3,98.31,hydroquebec.com,false,""
2025-02-05T02:00:00.000000,Canada,Québec,CA-QC,4.17,31.1,98.95,97.51,hydroquebec.com,false,""
2025-02-05T03:00:00.000000,Canada,Québec,CA-QC,5.6,32.89,98.59,96.72,hydroquebec.com,false,""
2025-02-05T04:00:00.000000,Canada,Québec,CA-QC,5.01,32.37,98.7,96.98,hydroquebec.com,false,""
2025-02-05T05:00:00.000000,Canada,Québec,CA-QC,5.66,33.23,98.54,96.74,hydroquebec.com,false,""
2025-02-05T06:00:00.000000,Canada,Québec,CA-QC,8.13,36.16,98.01,95.95,hydroquebec.com,false,""
2025-02-05T07:00:00.000000,Canada,Québec,CA-QC,8.01,36.01,98.03,95.97,hydroquebec.com,false,""
2025-02-05T08:00:00.000000,Canada,Québec,CA-QC,9.87,38.17,97.61,95.15,hydroquebec.com,false,""
2025-02-05T09:00:00.000000,Canada,Québec,CA-QC,10.53,38.91,97.48,94.96,hydroquebec.com,false,""
2025-02-05T10:00:00.000000,Canada,Québec,CA-QC,11.13,39.58,97.38,95.0,hydroquebec.com,false,""
2025-02-05T11:00:00.000000,Canada,Québec,CA-QC,8.15,35.98,98.09,96.46,hydroquebec.com,false,""
2025-02-05T12:00:00.000000,Canada,Québec,CA-QC,7.19,34.77,98.32,97.05,hydroquebec.com,false,""
2025-02-05T13:00:00.000000,Canada,Québec,CA-QC,5.63,33.01,98.67,97.57,hydroquebec.com,false,""
2025-02-05T14:00:00.000000,Canada,Québec,CA-QC,3.52,30.64,99.14,98.2,hydroquebec.com,false,""
2025-02-05T15:00:00.000000,Canada,Québec,CA-QC,4.51,31.84,98.88,97.6,hydroquebec.com,false,""
2025-02-05T16:00:00.000000,Canada,Québec,CA-QC,6.48,34.23,98.43,97.02,hydroquebec.com,false,""
2025-02-05T17:00:00.000000,Canada,Québec,CA-QC,9.03,37.28,97.84,96.03,hydroquebec.com,false,""
2025-02-05T18:00:00.000000,Canada,Québec,CA-QC,10.28,38.77,97.54,95.46,hydroquebec.com,false,""
2025-02-05T19:00:00.000000,Canada,Québec,CA-QC,11.44,40.15,97.31,95.18,hydroquebec.com,false,""
2025-02-05T20:00:00.000000,Canada,Québec,CA-QC,9.81,38.17,97.72,96.04,hydroquebec.com,false,""
2025-02-05T21:00:00.000000,Canada,Québec,CA-QC,8.39,36.39,98.04,96.62,hydroquebec.com,false,""
2025-02-05T22:00:00.000000,Canada,Québec,CA-QC,6.21,33.62,98.55,97.56,hydroquebec.com,false,""
2025-02-05T23:00:00.000000,Canada,Québec,CA-QC,5.41,32.55,98.72,97.86,hydroquebec.com,false,""
2025-02-06T00:00:00.000000,Canada,Québec,CA-QC,4.01,30.8,99.02,98.14,hydroquebec.com,false,""
2025-02-06T01:00:00.000000,Canada,Québec,CA-QC,4.63,31.58,98.83,97.5,hydroquebec.com,false,""
2025-02-06T02:00:00.000000,Canada,Québec,CA-QC,4.69,31.75,98.85,97.76,hydroquebec.com,false,""
2025-02-06T03:00:00.000000,Canada,Québec,CA-QC,5.06,32.17,98.78,97.6,hydroquebec.com,false,""
2025-02-06T04:00:00.000000,Canada,Québec,CA-QC,5.16,32.32,98.72,97.22,hydroquebec.com,false,""
2025-02-06T05:00:00.000000,Canada,Québec,CA-QC,2.66,29.38,99.28,97.97,hydroquebec.com,false,""
2025-02-06T06:00:00.000000,Canada,Québec,CA-QC,2.48,29.19,99.33,98.04,hydroquebec.com,false,""
2025-02-06T07:00:00.000000,Canada,Québec,CA-QC,2.36,29.14,99.36,98.13,hydroquebec.com,false,""
2025-02-06T08:00:00.000000,Canada,Québec,CA-QC,4.56,31.83,98.84,97.32,hydroquebec.com,false,""
2025-02-06T09:00:00.000000,Canada,Québec,CA-QC,5.01,32.39,98.71,97.08,hydroquebec.com,false,""
2025-02-06T10:00:00.000000,Canada,Québec,CA-QC,5.35,32.9,98.63,97.01,hydroquebec.com,false,""
2025-02-06T11:00:00.000000,Canada,Québec,CA-QC,5.08,32.63,98.71,97.19,hydroquebec.com,false,""
2025-02-06T12:00:00.000000,Canada,Québec,CA-QC,7.55,35.53,98.17,96.53,hydroquebec.com,false,""
2025-02-06T13:00:00.000000,Canada,Québec,CA-QC,5.94,33.69,98.55,97.15,hydroquebec.com,false,""
2025-02-06T14:00:00.000000,Canada,Québec,CA-QC,5.9,33.87,98.46,97.19,hydroquebec.com,false,""
2025-02-06T15:00:00.000000,Canada,Québec,CA-QC,9.22,38.02,97.65,96.4,hydroquebec.com,false,""
2025-02-06T16:00:00.000000,Canada,Québec,CA-QC,7.06,35.49,98.14,97.04,hydroquebec.com,false,""
2025-02-06T17:00:00.000000,Canada,Québec,CA-QC,7.68,36.16,98.01,96.81,hydroquebec.com,false,""
2025-02-06T18:00:00.000000,Canada,Québec,CA-QC,6.89,35.08,98.26,96.95,hydroquebec.com,false,""
2025-02-06T19:00:00.000000,Canada,Québec,CA-QC,3.45,30.89,99.1,97.97,hydroquebec.com,false,""
2025-02-06T20:00:00.000000,Canada,Québec,CA-QC,2.38,29.49,99.36,98.39,hydroquebec.com,false,""
2025-02-06T21:00:00.000000,Canada,Québec,CA-QC,3.1,30.09,99.19,97.87,hydroquebec.com,false,""
2025-02-06T22:00:00.000000,Canada,Québec,CA-QC,2.07,28.74,99.44,98.38,hydroquebec.com,false,""
2025-02-06T23:00:00.000000,Canada,Québec,CA-QC,2.48,29.13,99.35,98.26,hydroquebec.com,false,""
2025-02-07T00:00:00.000000,Canada,Québec,CA-QC,4.37,31.38,98.96,97.95,hydroquebec.com,false,""
2025-02-07T01:00:00.000000,Canada,Québec,CA-QC,5.53,32.83,98.68,97.37,hydroquebec.com,false,""
2025-02-07T02:00:00.000000,Canada,Québec,CA-QC,7.11,34.87,98.31,96.74,hydroquebec.com,false,""
2025-02-07T03:00:00.000000,Canada,Québec,CA-QC,7.76,35.59,98.17,96.37,hydroquebec.com,false,""
2025-02-07T04:00:00.000000,Canada,Québec,CA-QC,8.71,36.61,97.96,95.78,hydroquebec.com,false,""
2025-02-07T05:00:00.000000,Canada,Québec,CA-QC,9.42,37.53,97.81,95.41,hydroquebec.com,false,""
2025-02-07T06:00:00.000000,Canada,Québec,CA-QC,9.34,37.53,97.84,95.41,hydroquebec.com,false,""
2025-02-07T07:00:00.000000,Canada,Québec,CA-QC,9.3,37.57,97.85,95.41,hydroquebec.com,false,""
2025-02-07T08:00:00.000000,Canada,Québec,CA-QC,9.66,38.08,97.76,95.3,hydroquebec.com,false,""
2025-02-07T09:00:00.000000,Canada,Québec,CA-QC,10.27,38.84,97.62,95.17,hydroquebec.com,false,""
2025-02-07T10:00:00.000000,Canada,Québec,CA-QC,10.34,38.97,97.59,95.33,hydroquebec.com,false,""
2025-02-07T11:00:00.000000,Canada,Québec,CA-QC,9.78,38.26,97.71,95.78,hydroquebec.com,false,""
2025-02-07T12:00:00.000000,Canada,Québec,CA-QC,8.26,36.42,98.05,96.58,hydroquebec.com,false,""
2025-02-07T13:00:00.000000,Canada,Québec,CA-QC,9.33,37.61,97.82,96.3,hydroquebec.com,false,""
2025-02-07T14:00:00.000000,Canada,Québec,CA-QC,9.48,37.68,97.8,96.08,hydroquebec.com,false,""
2025-02-07T15:00:00.000000,Canada,Québec,CA-QC,10.18,38.44,97.63,95.54,hydroquebec.com,false,""
2025-02-07T16:00:00.000000,Canada,Québec,CA-QC,10.97,39.46,97.48,95.34,hydroquebec.com,false,""
2025-02-07T17:00:00.000000,Canada,Québec,CA-QC,10.66,39.19,97.52,95.35,hydroquebec.com,false,""
2025-02-07T18:00:00.000000,Canada,Québec,CA-QC,11.17,39.79,97.39,95.07,hydroquebec.com,false,""
2025-02-07T19:00:00.000000,Canada,Québec,CA-QC,11.13,39.75,97.41,95.05,hydroquebec.com,false,""
2025-02-07T20:00:00.000000,Canada,Québec,CA-QC,11.35,39.97,97.36,95.05,hydroquebec.com,false,""
2025-02-07T21:00:00.000000,Canada,Québec,CA-QC,9.01,37.19,97.83,95.86,hydroquebec.com,false,""
2025-02-07T22:00:00.000000,Canada,Québec,CA-QC,3.61,30.7,99.05,97.82,hydroquebec.com,false,""
2025-02-07T23:00:00.000000,Canada,Québec,CA-QC,1.5,28.12,99.6,99.05,hydroquebec.com,false,""
2025-02-08T00:00:00.000000,Canada,Québec,CA-QC,2.09,28.85,99.49,99.03,hydroquebec.com,false,""
2025-02-08T01:00:00.000000,Canada,Québec,CA-QC,1.67,28.33,99.59,99.19,hydroquebec.com,false,""
2025-02-08T02:00:00.000000,Canada,Québec,CA-QC,5.87,33.28,98.63,97.62,hydroquebec.com,false,""
2025-02-08T03:00:00.000000,Canada,Québec,CA-QC,9.54,37.73,97.74,95.74,hydroquebec.com,false,""
2025-02-08T04:00:00.000000,Canada,Québec,CA-QC,10.17,38.57,97.52,95.01,hydroquebec.com,false,""
2025-02-08T05:00:00.000000,Canada,Québec,CA-QC,5.48,32.96,98.61,96.62,hydroquebec.com,false,""
2025-02-08T06:00:00.000000,Canada,Québec,CA-QC,4.93,32.39,98.74,96.83,hydroquebec.com,false,""
2025-02-08T07:00:00.000000,Canada,Québec,CA-QC,4.87,32.38,98.79,96.9,hydroquebec.com,false,""
2025-02-08T08:00:00.000000,Canada,Québec,CA-QC,4.72,32.17,98.81,96.9,hydroquebec.com,false,""
2025-02-08T09:00:00.000000,Canada,Québec,CA-QC,4.91,32.29,98.76,96.79,hydroquebec.com,false,""
2025-02-08T10:00:00.000000,Canada,Québec,CA-QC,4.84,32.21,98.79,96.89,hydroquebec.com,false,""
2025-02-08T11:00:00.000000,Canada,Québec,CA-QC,4.7,32.1,98.83,97.02,hydroquebec.com,false,""
2025-02-08T12:00:00.000000,Canada,Québec,CA-QC,3.83,31.08,99.03,97.52,hydroquebec.com,false,""
2025-02-08T13:00:00.000000,Canada,Québec,CA-QC,3.33,30.49,99.14,97.82,hydroquebec.com,false,""
2025-02-08T14:00:00.000000,Canada,Québec,CA-QC,2.94,30.08,99.25,97.97,hydroquebec.com,false,""
2025-02-08T15:00:00.000000,Canada,Québec,CA-QC,3.14,30.29,99.2,97.81,hydroquebec.com,false,""
2025-02-08T16:00:00.000000,Canada,Québec,CA-QC,4.41,31.75,98.88,97.13,hydroquebec.com,false,""
2025-02-08T17:00:00.000000,Canada,Québec,CA-QC,5.58,33.24,98.53,96.58,hydroquebec.com,false,""
2025-02-08T18:00:00.000000,Canada,Québec,CA-QC,6.12,33.9,98.38,96.32,hydroquebec.com,false,""
2025-02-08T19:00:00.000000,Canada,Québec,CA-QC,5.9,33.68,98.52,96.54,hydroquebec.com,false,""
2025-02-08T20:00:00.000000,Canada,Québec,CA-QC,4.87,32.66,98.72,96.92,hydroquebec.com,false,""
2025-02-08T21:00:00.000000,Canada,Québec,CA-QC,2.87,30.15,99.24,98.04,hydroquebec.com,false,""
2025-02-08T22:00:00.000000,Canada,Québec,CA-QC,2.25,29.26,99.39,98.46,hydroquebec.com,false,""
2025-02-08T23:00:00.000000,Canada,Québec,CA-QC,1.45,28.32,99.61,99.01,hydroquebec.com,false,""
2025-02-09T00:00:00.000000,Canada,Québec,CA-QC,1.08,27.95,99.71,99.28,hydroquebec.com,false,""
2025-02-09T01:00:00.000000,Canada,Québec,CA-QC,1.3,28.3,99.65,99.15,hydroquebec.com,false,""
2025-02-09T02:00:00.000000,Canada,Québec,CA-QC,2.84,30.23,99.24,98.19,hydroquebec.com,false,""
2025-02-09T03:00:00.000000,Canada,Québec,CA-QC,4.2,31.98,98.88,97.32,hydroquebec.com,false,""
2025-02-09T04:00:00.000000,Canada,Québec,CA-QC,4.32,32.26,98.86,97.2,hydroquebec.com,false,""
2025-02-09T05:00:00.000000,Canada,Québec,CA-QC,4.81,32.96,98.74,96.84,hydroquebec.com,false,""
2025-02-09T06:00:00.000000,Canada,Québec,CA-QC,7.37,36.12,98.18,95.94,hydroquebec.com,false,""
2025-02-09T07:00:00.000000,Canada,Québec,CA-QC,8.23,37.24,97.96,95.55,hydroquebec.com,false,""
2025-02-09T08:00:00.000000,Canada,Québec,CA-QC,9.87,39.19,97.6,94.98,hydroquebec.com,false,""
2025-02-09T09:00:00.000000,Canada,Québec,CA-QC,10.39,39.74,97.53,94.8,hydroquebec.com,false,""
2025-02-09T10:00:00.000000,Canada,Québec,CA-QC,9.04,38.06,97.88,95.39,hydroquebec.com,false,""
2025-02-09T11:00:00.000000,Canada,Québec,CA-QC,8.08,36.82,98.09,95.67,hydroquebec.com,false,""
2025-02-09T12:00:00.000000,Canada,Québec,CA-QC,6.1,34.44,98.52,96.49,hydroquebec.com,false,""
2025-02-09T13:00:00.000000,Canada,Québec,CA-QC,3.8,31.77,99.0,97.32,hydroquebec.com,false,""
2025-02-09T14:00:00.000000,Canada,Québec,CA-QC,4.19,32.3,98.87,97.09,hydroquebec.com,false,""
2025-02-09T15:00:00.000000,Canada,Québec,CA-QC,3.96,32.07,98.94,97.2,hydroquebec.com,false,""
2025-02-09T16:00:00.000000,Canada,Québec,CA-QC,4.19,32.39,98.91,97.16,hydroquebec.com,false,""
2025-02-09T17:00:00.000000,Canada,Québec,CA-QC,4.76,33.07,98.76,96.83,hydroquebec.com,false,""
2025-02-09T18:00:00.000000,Canada,Québec,CA-QC,5.23,33.73,98.61,96.68,hydroquebec.com,false,""
2025-02-09T19:00:00.000000,Canada,Québec,CA-QC,5.34,33.84,98.58,96.66,hydroquebec.com,false,""
2025-02-09T20:00:00.000000,Canada,Québec,CA-QC,4.19,32.26,98.91,97.21,hydroquebec.com,false,""
2025-02-09T21:00:00.000000,Canada,Québec,CA-QC,2.99,30.68,99.24,98.0,hydroquebec.com,false,""
2025-02-09T22:00:00.000000,Canada,Québec,CA-QC,1.63,28.95,99.58,98.92,hydroquebec.com,false,""
2025-02-09T23:00:00.000000,Canada,Québec,CA-QC,0.57,27.6,99.85,99.63,hydroquebec.com,false,""
2025-02-10T00:00:00.000000,Canada,Québec,CA-QC,2.38,29.74,99.37,98.45,hydroquebec.com,false,""
2025-02-10T01:00:00.000000,Canada,Québec,CA-QC,2.55,30.04,99.34,98.35,hydroquebec.com,false,""
2025-02-10T02:00:00.000000,Canada,Québec,CA-QC,3.53,31.29,99.07,97.73,hydroquebec.com,false,""
2025-02-10T03:00:00.000000,Canada,Québec,CA-QC,4.72,32.79,98.76,96.98,hydroquebec.com,false,""
2025-02-10T04:00:00.000000,Canada,Québec,CA-QC,9.15,38.12,97.78,95.44,hydroquebec.com,false,""
2025-02-10T05:00:00.000000,Canada,Québec,CA-QC,7.95,36.72,98.06,95.73,hydroquebec.com,false,""
2025-02-10T06:00:00.000000,Canada,Québec,CA-QC,10.3,39.47,97.52,94.78,hydroquebec.com,false,""
2025-02-10T07:00:00.000000,Canada,Québec,CA-QC,10.5,39.74,97.5,94.95,hydroquebec.com,false,""
2025-02-10T08:00:00.000000,Canada,Québec,CA-QC,9.72,38.81,97.64,95.06,hydroquebec.com,false,""
2025-02-10T09:00:00.000000,Canada,Québec,CA-QC,7.27,35.84,98.19,95.87,hydroquebec.com,false,""
2025-02-10T10:00:00.000000,Canada,Québec,CA-QC,4.5,32.4,98.81,96.9,hydroquebec.com,false,""
2025-02-10T11:00:00.000000,Canada,Québec,CA-QC,3.17,30.66,99.2,97.92,hydroquebec.com,false,""
2025-02-10T12:00:00.000000,Canada,Québec,CA-QC,4.08,31.62,98.98,97.53,hydroquebec.com,false,""
2025-02-10T13:00:00.000000,Canada,Québec,CA-QC,3.56,31.0,99.1,97.86,hydroquebec.com,false,""
2025-02-10T14:00:00.000000,Canada,Québec,CA-QC,2.59,29.93,99.34,98.4,hydroquebec.com,false,""
2025-02-10T15:00:00.000000,Canada,Québec,CA-QC,2.76,30.19,99.3,98.32,hydroquebec.com,false,""
2025-02-10T16:00:00.000000,Canada,Québec,CA-QC,3.35,30.92,99.14,97.92,hydroquebec.com,false,""
2025-02-10T17:00:00.000000,Canada,Québec,CA-QC,2.14,29.53,99.44,98.6,hydroquebec.com,false,""
2025-02-10T18:00:00.000000,Canada,Québec,CA-QC,1.64,28.94,99.57,98.86,hydroquebec.com,false,""
2025-02-10T19:00:00.000000,Canada,Québec,CA-QC,1.77,29.07,99.54,98.79,hydroquebec.com,false,""
2025-02-10T20:00:00.000000,Canada,Québec,CA-QC,1.38,28.55,99.64,99.07,hydroquebec.com,false,""
2025-02-10T21:00:00.000000,Canada,Québec,CA-QC,0.59,27.48,99.84,99.6,hydroquebec.com,false,""
2025-02-10T22:00:00.000000,Canada,Québec,CA-QC,0.88,27.62,99.77,99.42,hydroquebec.com,false,""
2025-02-10T23:00:00.000000,Canada,Québec,CA-QC,2.85,29.79,99.27,98.21,hydroquebec.com,false,""
2025-02-11T00:00:00.000000,Canada,Québec,CA-QC,2.09,28.85,99.47,98.63,hydroquebec.com,false,""
2025-02-11T01:00:00.000000,Canada,Québec,CA-QC,2.48,29.27,99.37,98.39,hydroquebec.com,false,""
2025-02-11T02:00:00.000000,Canada,Québec,CA-QC,0.58,27.14,99.85,99.59,hydroquebec.com,false,""
2025-02-11T03:00:00.000000,Canada,Québec,CA-QC,1.93,28.74,99.51,98.64,hydroquebec.com,false,""
2025-02-11T04:00:00.000000,Canada,Québec,CA-QC,1.46,28.29,99.64,98.91,hydroquebec.com,false,""
2025-02-11T05:00:00.000000,Canada,Québec,CA-QC,2.14,29.04,99.47,98.34,hydroquebec.com,false,""
2025-02-11T06:00:00.000000,Canada,Québec,CA-QC,2.68,29.63,99.31,97.79,hydroquebec.com,false,""
2025-02-11T07:00:00.000000,Canada,Québec,CA-QC,2.93,29.91,99.24,97.62,hydroquebec.com,false,""
2025-02-11T08:00:00.000000,Canada,Québec,CA-QC,3.57,30.63,99.07,97.2,hydroquebec.com,false,""
2025-02-11T09:00:00.000000,Canada,Québec,CA-QC,3.62,30.7,99.03,97.24,hydroquebec.com,false,""
2025-02-11T10:00:00.000000,Canada,Québec,CA-QC,3.87,30.92,98.97,97.24,hydroquebec.com,false,""
2025-02-11T11:00:00.000000,Canada,Québec,CA-QC,4.03,31.04,98.93,97.36,hydroquebec.com,false,""
2025-02-11T12:00:00.000000,Canada,Québec,CA-QC,3.05,29.86,99.18,98.04,hydroquebec.com,false,""
2025-02-11T13:00:00.000000,Canada,Québec,CA-QC,1.91,28.49,99.48,98.74,hydroquebec.com,false,""
2025-02-11T14:00:00.000000,Canada,Québec,CA-QC,0.38,26.78,99.9,99.74,hydroquebec.com,false,""
2025-02-11T15:00:00.000000,Canada,Québec,CA-QC,1.13,27.77,99.69,99.21,hydroquebec.com,false,""
2025-02-11T16:00:00.000000,Canada,Québec,CA-QC,1.48,28.29,99.6,98.94,hydroquebec.com,false,""
2025-02-11T17:00:00.000000,Canada,Québec,CA-QC,0.54,27.26,99.86,99.59,hydroquebec.com,false,""
2025-02-11T18:00:00.000000,Canada,Québec,CA-QC,0.34,27.04,99.91,99.74,hydroquebec.com,false,""
2025-02-11T19:00:00.000000,Canada,Québec,CA-QC,0.0,26.64,100.0,100.0,hydroquebec.com,false,""
2025-02-11T20:00:00.000000,Canada,Québec,CA-QC,0.0,26.57,100.0,100.0,hydroquebec.com,false,""
2025-02-11T21:00:00.000000,Canada,Québec,CA-QC,0.0,26.47,100.0,100.0,hydroquebec.com,false,""
2025-02-11T22:00:00.000000,Canada,Québec,CA-QC,0.24,26.62,99.94,99.85,hydroquebec.com,false,""
2025-02-11T23:00:00.000000,Canada,Québec,CA-QC,1.84,28.49,99.52,98.88,hydroquebec.com,false,""
2025-02-12T00:00:00.000000,Canada,Québec,CA-QC,2.54,29.36,99.34,98.47,hydroquebec.com,false,""
2025-02-12T01:00:00.000000,Canada,Québec,CA-QC,3.76,30.84,99.03,97.75,hydroquebec.com,false,""
2025-02-12T02:00:00.000000,Canada,Québec,CA-QC,1.9,28.72,99.51,98.82,hydroquebec.com,false,""
2025-02-12T03:00:00.000000,Canada,Québec,CA-QC,2.31,29.23,99.41,98.51,hydroquebec.com,false,""
2025-02-12T04:00:00.000000,Canada,Québec,CA-QC,2.87,29.96,99.27,98.09,hydroquebec.com,false,""
2025-02-12T05:00:00.000000,Canada,Québec,CA-QC,2.78,29.91,99.3,98.06,hydroquebec.com,false,""
2025-02-12T06:00:00.000000,Canada,Québec,CA-QC,3.5,30.76,99.12,97.57,hydroquebec.com,false,""
2025-02-12T07:00:00.000000,Canada,Québec,CA-QC,4.55,32.11,98.89,97.35,hydroquebec.com,false,""
2025-02-12T08:00:00.000000,Canada,Québec,CA-QC,8.18,36.43,98.02,95.83,hydroquebec.com,false,""
2025-02-12T09:00:00.000000,Canada,Québec,CA-QC,8.1,36.32,98.04,95.95,hydroquebec.com,false,""
2025-02-12T10:00:00.000000,Canada,Québec,CA-QC,11.03,39.71,97.44,95.27,hydroquebec.com,false,""
2025-02-12T11:00:00.000000,Canada,Québec,CA-QC,6.35,34.19,98.44,96.84,hydroquebec.com,false,""
2025-02-12T12:00:00.000000,Canada,Québec,CA-QC,6.16,33.9,98.48,97.02,hydroquebec.com,false,""
2025-02-12T13:00:00.000000,Canada,Québec,CA-QC,5.58,33.18,98.67,97.5,hydroquebec.com,false,""
2025-02-12T14:00:00.000000,Canada,Québec,CA-QC,6.27,34.04,98.54,97.4,hydroquebec.com,false,""
2025-02-12T15:00:00.000000,Canada,Québec,CA-QC,3.16,30.39,99.22,98.25,hydroquebec.com,false,""
2025-02-12T16:00:00.000000,Canada,Québec,CA-QC,4.45,32.0,98.9,97.53,hydroquebec.com,false,""
2025-02-12T17:00:00.000000,Canada,Québec,CA-QC,5.53,33.5,98.6,96.9,hydroquebec.com,false,""
2025-02-12T18:00:00.000000,Canada,Québec,CA-QC,2.28,29.87,99.39,98.49,hydroquebec.com,false,""
2025-02-12T19:00:00.000000,Canada,Québec,CA-QC,5.03,33.16,98.72,97.33,hydroquebec.com,false,""
2025-02-12T20:00:00.000000,Canada,Québec,CA-QC,6.46,34.89,98.41,96.82,hydroquebec.com,false,""
2025-02-12T21:00:00.000000,Canada,Québec,CA-QC,4.92,32.98,98.71,97.14,hydroquebec.com,false,""
2025-02-12T22:00:00.000000,Canada,Québec,CA-QC,5.66,33.67,98.56,97.09,hydroquebec.com,false,""
2025-02-12T23:00:00.000000,Canada,Québec,CA-QC,4.29,31.91,98.88,97.58,hydroquebec.com,false,""
2025-02-13T00:00:00.000000,Canada,Québec,CA-QC,5.17,32.91,98.7,97.37,hydroquebec.com,false,""
2025-02-13T01:00:00.000000,Canada,Québec,CA-QC,7.19,35.3,98.26,96.85,hydroquebec.com,false,""
2025-02-13T02:00:00.000000,Canada,Québec,CA-QC,7.56,35.71,98.17,96.62,hydroquebec.com,false,""
2025-02-13T03:00:00.000000,Canada,Québec,CA-QC,9.27,37.72,97.82,96.0,hydroquebec.com,false,""
2025-02-13T04:00:00.000000,Canada,Québec,CA-QC,9.15,37.6,97.85,95.9,hydroquebec.com,false,""
2025-02-13T05:00:00.000000,Canada,Québec,CA-QC,3.72,31.26,99.05,97.72,hydroquebec.com,false,""
2025-02-13T06:00:00.000000,Canada,Québec,CA-QC,2.49,29.87,99.33,98.18,hydroquebec.com,false,""
2025-02-13T07:00:00.000000,Canada,Québec,CA-QC,2.82,30.29,99.26,98.06,hydroquebec.com,false,""
2025-02-13T08:00:00.000000,Canada,Québec,CA-QC,3.77,31.38,99.05,97.72,hydroquebec.com,false,""
2025-02-13T09:00:00.000000,Canada,Québec,CA-QC,3.31,30.74,99.14,97.84,hydroquebec.com,false,""
2025-02-13T10:00:00.000000,Canada,Québec,CA-QC,2.37,29.49,99.38,98.38,hydroquebec.com,false,""
2025-02-13T11:00:00.000000,Canada,Québec,CA-QC,4.15,31.45,99.03,97.97,hydroquebec.com,false,""
2025-02-13T12:00:00.000000,Canada,Québec,CA-QC,5.39,32.73,98.75,97.41,hydroquebec.com,false,""
2025-02-13T13:00:00.000000,Canada,Québec,CA-QC,5.85,33.2,98.63,97.25,hydroquebec.com,false,""
2025-02-13T14:00:00.000000,Canada,Québec,CA-QC,5.54,32.81,98.67,97.24,hydroquebec.com,false,""
2025-02-13T15:00:00.000000,Canada,Québec,CA-QC,4.67,31.76,98.87,97.56,hydroquebec.com,false,""
2025-02-13T16:00:00.000000,Canada,Québec,CA-QC,2.19,28.84,99.43,98.53,hydroquebec.com,false,""
2025-02-13T17:00:00.000000,Canada,Québec,CA-QC,1.45,27.97,99.61,99.02,hydroquebec.com,false,""
2025-02-13T18:00:00.000000,Canada,Québec,CA-QC,1.02,27.49,99.73,99.28,hydroquebec.com,false,""
2025-02-13T19:00:00.000000,Canada,Québec,CA-QC,1.87,28.57,99.49,98.68,hydroquebec.com,false,""
2025-02-13T20:00:00.000000,Canada,Québec,CA-QC,2.52,29.39,99.32,98.29,hydroquebec.com,false,""
2025-02-13T21:00:00.000000,Canada,Québec,CA-QC,5.92,33.5,98.56,97.19,hydroquebec.com,false,""
2025-02-13T22:00:00.000000,Canada,Québec,CA-QC,4.8,32.22,98.85,97.86,hydroquebec.com,false,""
2025-02-13T23:00:00.000000,Canada,Québec,CA-QC,4.97,32.44,98.89,98.43,hydroquebec.com,false,""
2025-02-14T00:00:00.000000,Canada,Québec,CA-QC,5.72,33.37,98.7,98.03,hydroquebec.com,false,""
2025-02-14T01:00:00.000000,Canada,Québec,CA-QC,4.39,31.89,98.99,98.4,hydroquebec.com,false,""
2025-02-14T02:00:00.000000,Canada,Québec,CA-QC,4.53,32.05,98.99,98.49,hydroquebec.com,false,""
2025-02-14T03:00:00.000000,Canada,Québec,CA-QC,6.46,34.24,98.49,97.26,hydroquebec.com,false,""
2025-02-14T04:00:00.000000,Canada,Québec,CA-QC,6.7,34.57,98.4,96.79,hydroquebec.com,false,""
2025-02-14T05:00:00.000000,Canada,Québec,CA-QC,7.75,35.89,98.2,96.46,hydroquebec.com,false,""
2025-02-14T06:00:00.000000,Canada,Québec,CA-QC,9.01,37.36,97.93,96.08,hydroquebec.com,false,""
2025-02-14T07:00:00.000000,Canada,Québec,CA-QC,10.21,38.62,97.62,95.46,hydroquebec.com,false,""
2025-02-14T08:00:00.000000,Canada,Québec,CA-QC,9.9,38.12,97.68,95.56,hydroquebec.com,false,""
2025-02-14T09:00:00.000000,Canada,Québec,CA-QC,10.34,38.62,97.59,95.54,hydroquebec.com,false,""
2025-02-14T10:00:00.000000,Canada,Québec,CA-QC,8.08,35.99,98.06,96.35,hydroquebec.com,false,""
2025-02-14T11:00:00.000000,Canada,Québec,CA-QC,1.76,28.4,99.53,98.94,hydroquebec.com,false,""
2025-02-14T12:00:00.000000,Canada,Québec,CA-QC,0.04,26.2,99.99,99.98,hydroquebec.com,false,""
2025-02-14T13:00:00.000000,Canada,Québec,CA-QC,0.03,26.15,99.99,99.98,hydroquebec.com,false,""
2025-02-14T14:00:00.000000,Canada,Québec,CA-QC,2.49,29.17,99.33,98.48,hydroquebec.com,false,""
2025-02-14T15:00:00.000000,Canada,Québec,CA-QC,4.93,32.25,98.68,97.17,hydroquebec.com,false,""
2025-02-14T16:00:00.000000,Canada,Québec,CA-QC,6.26,33.87,98.46,97.11,hydroquebec.com,false,""
2025-02-14T17:00:00.000000,Canada,Québec,CA-QC,9.01,37.1,97.84,96.06,hydroquebec.com,false,""
2025-02-14T18:00:00.000000,Canada,Québec,CA-QC,10.25,38.58,97.61,95.82,hydroquebec.com,false,""
2025-02-14T19:00:00.000000,Canada,Québec,CA-QC,6.78,34.47,98.41,97.11,hydroquebec.com,false,""
2025-02-14T20:00:00.000000,Canada,Québec,CA-QC,2.89,29.82,99.26,98.38,hydroquebec.com,false,""
2025-02-14T21:00:00.000000,Canada,Québec,CA-QC,1.7,28.32,99.57,99.04,hydroquebec.com,false,""
2025-02-14T22:00:00.000000,Canada,Québec,CA-QC,0.0,26.19,100.0,100.0,hydroquebec.com,false,""
2025-02-14T23:00:00.000000,Canada,Québec,CA-QC,0.0,26.05,100.0,100.0,hydroquebec.com,false,""
2025-02-15T00:00:00.000000,Canada,Québec,CA-QC,0.0,26.05,100.0,100.0,hydroquebec.com,false,""
2025-02-15T01:00:00.000000,Canada,Québec,CA-QC,0.0,26.1,100.0,100.0,hydroquebec.com,false,""
2025-02-15T02:00:00.000000,Canada,Québec,CA-QC,0.0,26.16,100.0,100.0,hydroquebec.com,false,""
2025-02-15T03:00:00.000000,Canada,Québec,CA-QC,0.03,26.25,99.99,99.98,hydroquebec.com,false,""
2025-02-15T04:00:00.000000,Canada,Québec,CA-QC,1.22,27.68,99.68,99.24,hydroquebec.com,false,""
2025-02-15T05:00:00.000000,Canada,Québec,CA-QC,2.62,29.4,99.3,98.32,hydroquebec.com,false,""
2025-02-15T06:00:00.000000,Canada,Québec,CA-QC,2.52,29.33,99.32,98.36,hydroquebec.com,false,""
2025-02-15T07:00:00.000000,Canada,Québec,CA-QC,2.33,29.1,99.37,98.42,hydroquebec.com,false,""
2025-02-15T08:00:00.000000,Canada,Québec,CA-QC,2.66,29.48,99.29,98.11,hydroquebec.com,false,""
2025-02-15T09:00:00.000000,Canada,Québec,CA-QC,3.03,29.96,99.18,97.85,hydroquebec.com,false,""
2025-02-15T10:00:00.000000,Canada,Québec,CA-QC,2.92,29.83,99.22,97.94,hydroquebec.com,false,""
2025-02-15T11:00:00.000000,Canada,Québec,CA-QC,2.78,29.56,99.28,97.97,hydroquebec.com,false,""
2025-02-15T12:00:00.000000,Canada,Québec,CA-QC,2.3,28.94,99.42,98.32,hydroquebec.com,false,""
2025-02-15T13:00:00.000000,Canada,Québec,CA-QC,2.46,29.19,99.4,98.26,hydroquebec.com,false,""
2025-02-15T14:00:00.000000,Canada,Québec,CA-QC,2.6,29.55,99.34,98.19,hydroquebec.com,false,""
2025-02-15T15:00:00.000000,Canada,Québec,CA-QC,2.8,29.92,99.29,98.24,hydroquebec.com,false,""
2025-02-15T16:00:00.000000,Canada,Québec,CA-QC,3.42,30.76,99.13,97.99,hydroquebec.com,false,""
2025-02-15T17:00:00.000000,Canada,Québec,CA-QC,3.68,31.16,99.06,97.9,hydroquebec.com,false,""
2025-02-15T18:00:00.000000,Canada,Québec,CA-QC,3.07,30.45,99.23,98.28,hydroquebec.com,false,""
2025-02-15T19:00:00.000000,Canada,Québec,CA-QC,2.61,29.94,99.32,98.44,hydroquebec.com,false,""
2025-02-15T20:00:00.000000,Canada,Québec,CA-QC,2.16,29.43,99.43,98.68,hydroquebec.com,false,""
2025-02-15T21:00:00.000000,Canada,Québec,CA-QC,1.87,28.98,99.54,98.89,hydroquebec.com,false,""
2025-02-15T22:00:00.000000,Canada,Québec,CA-QC,0.72,27.54,99.83,99.57,hydroquebec.com,false,""
2025-02-15T23:00:00.000000,Canada,Québec,CA-QC,2.01,28.99,99.52,98.85,hydroquebec.com,false,""
2025-02-16T00:00:00.000000,Canada,Québec,CA-QC,2.1,29.16,99.48,98.79,hydroquebec.com,false,""
2025-02-16T01:00:00.000000,Canada,Québec,CA-QC,2.33,29.49,99.42,98.67,hydroquebec.com,false,""
2025-02-16T02:00:00.000000,Canada,Québec,CA-QC,2.44,29.67,99.39,98.61,hydroquebec.com,false,""
2025-02-16T03:00:00.000000,Canada,Québec,CA-QC,3.41,30.84,99.13,97.99,hydroquebec.com,false,""
2025-02-16T04:00:00.000000,Canada,Québec,CA-QC,3.9,31.41,99.0,97.64,hydroquebec.com,false,""
2025-02-16T05:00:00.000000,Canada,Québec,CA-QC,3.27,30.62,99.15,97.92,hydroquebec.com,false,""
2025-02-16T06:00:00.000000,Canada,Québec,CA-QC,2.9,30.14,99.24,98.1,hydroquebec.com,false,""
2025-02-16T07:00:00.000000,Canada,Québec,CA-QC,3.28,30.63,99.13,97.86,hydroquebec.com,false,""
2025-02-16T08:00:00.000000,Canada,Québec,CA-QC,3.14,30.46,99.15,97.82,hydroquebec.com,false,""
2025-02-16T09:00:00.000000,Canada,Québec,CA-QC,3.24,30.52,99.13,97.68,hydroquebec.com,false,""
2025-02-16T10:00:00.000000,Canada,Québec,CA-QC,3.26,30.48,99.12,97.73,hydroquebec.com,false,""
2025-02-16T11:00:00.000000,Canada,Québec,CA-QC,2.88,29.97,99.22,97.99,hydroquebec.com,false,""
2025-02-16T12:00:00.000000,Canada,Québec,CA-QC,2.56,29.48,99.31,98.13,hydroquebec.com,false,""
2025-02-16T13:00:00.000000,Canada,Québec,CA-QC,6.46,34.07,98.45,96.84,hydroquebec.com,false,""
2025-02-16T14:00:00.000000,Canada,Québec,CA-QC,4.6,31.96,98.86,97.53,hydroquebec.com,false,""
2025-02-16T15:00:00.000000,Canada,Québec,CA-QC,4.31,31.67,98.93,97.7,hydroquebec.com,false,""
2025-02-16T16:00:00.000000,Canada,Québec,CA-QC,3.84,31.16,99.04,97.99,hydroquebec.com,false,""
2025-02-16T17:00:00.000000,Canada,Québec,CA-QC,3.34,30.56,99.17,98.24,hydroquebec.com,false,""
2025-02-16T18:00:00.000000,Canada,Québec,CA-QC,3.23,30.43,99.19,98.21,hydroquebec.com,false,""
2025-02-16T19:00:00.000000,Canada,Québec,CA-QC,3.39,30.6,99.18,98.34,hydroquebec.com,false,""
2025-02-16T20:00:00.000000,Canada,Québec,CA-QC,4.31,31.63,98.98,98.01,hydroquebec.com,false,""
2025-02-16T21:00:00.000000,Canada,Québec,CA-QC,2.99,30.02,99.25,98.31,hydroquebec.com,false,""
2025-02-16T22:00:00.000000,Canada,Québec,CA-QC,2.42,29.23,99.38,98.57,hydroquebec.com,false,""
2025-02-16T23:00:00.000000,Canada,Québec,CA-QC,2.76,29.48,99.3,98.24,hydroquebec.com,false,""
2025-02-17T00:00:00.000000,Canada,Québec,CA-QC,2.92,29.64,99.25,98.18,hydroquebec.com,false,""
2025-02-17T01:00:00.000000,Canada,Québec,CA-QC,2.76,29.51,99.29,98.26,hydroquebec.com,false,""
2025-02-17T02:00:00.000000,Canada,Québec,CA-QC,2.33,29.02,99.39,98.46,hydroquebec.com,false,""
2025-02-17T03:00:00.000000,Canada,Québec,CA-QC,2.01,28.59,99.46,98.49,hydroquebec.com,false,""
2025-02-17T04:00:00.000000,Canada,Québec,CA-QC,2.52,29.31,99.32,98.03,hydroquebec.com,false,""
2025-02-17T05:00:00.000000,Canada,Québec,CA-QC,2.47,29.3,99.34,97.98,hydroquebec.com,false,""
2025-02-17T06:00:00.000000,Canada,Québec,CA-QC,4.0,31.07,99.0,97.32,hydroquebec.com,false,""
2025-02-17T07:00:00.000000,Canada,Québec,CA-QC,5.08,32.39,98.78,96.9,hydroquebec.com,false,""
2025-02-17T08:00:00.000000,Canada,Québec,CA-QC,5.21,32.66,98.72,96.83,hydroquebec.com,false,""
2025-02-17T09:00:00.000000,Canada,Québec,CA-QC,6.07,33.66,98.56,96.71,hydroquebec.com,false,""
2025-02-17T10:00:00.000000,Canada,Québec,CA-QC,5.79,33.28,98.62,96.94,hydroquebec.com,false,""
2025-02-17T11:00:00.000000,Canada,Québec,CA-QC,6.36,33.84,98.49,96.89,hydroquebec.com,false,""
2025-02-17T12:00:00.000000,Canada,Québec,CA-QC,6.13,33.47,98.53,97.06,hydroquebec.com,false,""
2025-02-17T13:00:00.000000,Canada,Québec,CA-QC,5.31,32.43,98.69,97.28,hydroquebec.com,false,""
2025-02-17T14:00:00.000000,Canada,Québec,CA-QC,4.64,31.55,98.88,97.57,hydroquebec.com,false,""
2025-02-17T15:00:00.000000,Canada,Québec,CA-QC,4.92,31.87,98.82,97.43,hydroquebec.com,false,""
2025-02-17T16:00:00.000000,Canada,Québec,CA-QC,4.98,31.9,98.81,97.39,hydroquebec.com,false,""
2025-02-17T17:00:00.000000,Canada,Québec,CA-QC,4.92,31.85,98.81,97.39,hydroquebec.com,false,""
2025-02-17T18:00:00.000000,Canada,Québec,CA-QC,4.93,31.92,98.8,97.26,hydroquebec.com,false,""
2025-02-17T19:00:00.000000,Canada,Québec,CA-QC,3.91,30.74,99.04,97.64,hydroquebec.com,false,""
2025-02-17T20:00:00.000000,Canada,Québec,CA-QC,4.12,31.0,98.99,97.62,hydroquebec.com,false,""
2025-02-17T21:00:00.000000,Canada,Québec,CA-QC,4.26,31.14,98.96,97.65,hydroquebec.com,false,""
2025-02-17T22:00:00.000000,Canada,Québec,CA-QC,3.1,29.71,99.2,98.11,hydroquebec.com,false,""
2025-02-17T23:00:00.000000,Canada,Québec,CA-QC,2.11,28.5,99.43,98.49,hydroquebec.com,false,""
2025-02-18T00:00:00.000000,Canada,Québec,CA-QC,2.12,28.59,99.43,98.57,hydroquebec.com,false,""
2025-02-18T01:00:00.000000,Canada,Québec,CA-QC,2.87,29.57,99.23,98.19,hydroquebec.com,false,""
2025-02-18T02:00:00.000000,Canada,Québec,CA-QC,2.15,28.83,99.53,99.35,hydroquebec.com,false,""
2025-02-18T03:00:00.000000,Canada,Québec,CA-QC,2.19,28.92,99.53,99.34,hydroquebec.com,false,""
2025-02-18T04:00:00.000000,Canada,Québec,CA-QC,1.47,28.14,99.68,99.55,hydroquebec.com,false,""
2025-02-18T05:00:00.000000,Canada,Québec,CA-QC,2.37,29.08,99.36,98.17,hydroquebec.com,false,""
2025-02-18T06:00:00.000000,Canada,Québec,CA-QC,2.63,29.38,99.29,98.07,hydroquebec.com,false,""
2025-02-18T07:00:00.000000,Canada,Québec,CA-QC,2.81,29.56,99.24,97.98,hydroquebec.com,false,""
2025-02-18T08:00:00.000000,Canada,Québec,CA-QC,3.06,29.85,99.17,97.85,hydroquebec.com,false,""
2025-02-18T09:00:00.000000,Canada,Québec,CA-QC,3.04,29.83,99.18,97.97,hydroquebec.com,false,""
2025-02-18T10:00:00.000000,Canada,Québec,CA-QC,3.0,29.77,99.19,98.08,hydroquebec.com,false,""
2025-02-18T11:00:00.000000,Canada,Québec,CA-QC,2.53,29.2,99.32,98.37,hydroquebec.com,false,""
2025-02-18T12:00:00.000000,Canada,Québec,CA-QC,2.15,28.75,99.42,98.66,hydroquebec.com,false,""
2025-02-18T13:00:00.000000,Canada,Québec,CA-QC,3.12,29.88,99.16,98.08,hydroquebec.com,false,""
2025-02-18T14:00:00.000000,Canada,Québec,CA-QC,2.64,29.37,99.29,98.37,hydroquebec.com,false,""
2025-02-18T15:00:00.000000,Canada,Québec,CA-QC,3.08,29.97,99.17,98.17,hydroquebec.com,false,""
2025-02-18T16:00:00.000000,Canada,Québec,CA-QC,3.14,30.09,99.15,98.11,hydroquebec.com,false,""
2025-02-18T17:00:00.000000,Canada,Québec,CA-QC,1.5,28.14,99.59,99.04,hydroquebec.com,false,""
2025-02-18T18:00:00.000000,Canada,Québec,CA-QC,0.53,27.0,99.86,99.66,hydroquebec.com,false,""
2025-02-18T19:00:00.000000,Canada,Québec,CA-QC,0.48,26.94,99.87,99.67,hydroquebec.com,false,""
2025-02-18T20:00:00.000000,Canada,Québec,CA-QC,0.38,26.79,99.9,99.74,hydroquebec.com,false,""
2025-02-18T21:00:00.000000,Canada,Québec,CA-QC,2.02,28.63,99.46,98.68,hydroquebec.com,false,""
2025-02-18T22:00:00.000000,Canada,Québec,CA-QC,4.38,31.42,98.88,97.74,hydroquebec.com,false,""
2025-02-18T23:00:00.000000,Canada,Québec,CA-QC,4.86,32.01,98.83,97.99,hydroquebec.com,false,""
2025-02-19T00:00:00.000000,Canada,Québec,CA-QC,5.41,32.7,98.69,97.61,hydroquebec.com,false,""
2025-02-19T01:00:00.000000,Canada,Québec,CA-QC,5.57,32.96,98.65,97.45,hydroquebec.com,false,""
2025-02-19T02:00:00.000000,Canada,Québec,CA-QC,4.03,31.2,98.93,97.64,hydroquebec.com,false,""
2025-02-19T03:00:00.000000,Canada,Québec,CA-QC,3.8,31.0,98.98,97.72,hydroquebec.com,false,""
2025-02-19T04:00:00.000000,Canada,Québec,CA-QC,3.84,31.04,98.97,97.66,hydroquebec.com,false,""
2025-02-19T05:00:00.000000,Canada,Québec,CA-QC,3.77,30.94,98.99,97.63,hydroquebec.com,false,""
2025-02-19T06:00:00.000000,Canada,Québec,CA-QC,3.81,31.04,98.97,97.61,hydroquebec.com,false,""
2025-02-19T07:00:00.000000,Canada,Québec,CA-QC,3.85,31.13,98.96,97.62,hydroquebec.com,false,""
2025-02-19T08:00:00.000000,Canada,Québec,CA-QC,4.43,31.81,98.8,97.34,hydroquebec.com,false,""
2025-02-19T09:00:00.000000,Canada,Québec,CA-QC,3.94,31.2,98.94,97.63,hydroquebec.com,false,""
2025-02-19T10:00:00.000000,Canada,Québec,CA-QC,3.65,30.77,99.04,97.83,hydroquebec.com,false,""
2025-02-19T11:00:00.000000,Canada,Québec,CA-QC,2.45,29.31,99.36,98.55,hydroquebec.com,false,""
2025-02-19T12:00:00.000000,Canada,Québec,CA-QC,3.37,30.41,99.13,98.22,hydroquebec.com,false,""
2025-02-19T13:00:00.000000,Canada,Québec,CA-QC,2.57,29.52,99.33,98.56,hydroquebec.com,false,""
2025-02-19T14:00:00.000000,Canada,Québec,CA-QC,4.11,31.47,98.94,97.79,hydroquebec.com,false,""
2025-02-19T15:00:00.000000,Canada,Québec,CA-QC,1.98,29.0,99.48,98.9,hydroquebec.com,false,""
2025-02-19T16:00:00.000000,Canada,Québec,CA-QC,2.58,29.78,99.33,98.59,hydroquebec.com,false,""
2025-02-19T17:00:00.000000,Canada,Québec,CA-QC,2.59,29.78,99.33,98.58,hydroquebec.com,false,""
2025-02-19T18:00:00.000000,Canada,Québec,CA-QC,1.88,28.91,99.51,98.96,hydroquebec.com,false,""
2025-02-19T19:00:00.000000,Canada,Québec,CA-QC,1.03,27.96,99.73,99.43,hydroquebec.com,false,""
2025-02-19T20:00:00.000000,Canada,Québec,CA-QC,0.8,27.68,99.79,99.55,hydroquebec.com,false,""
2025-02-19T21:00:00.000000,Canada,Québec,CA-QC,0.44,27.13,99.89,99.76,hydroquebec.com,false,""
2025-02-19T22:00:00.000000,Canada,Québec,CA-QC,2.78,29.75,99.29,98.6,hydroquebec.com,false,""
2025-02-19T23:00:00.000000,Canada,Québec,CA-QC,2.56,29.38,99.35,98.71,hydroquebec.com,false,""
2025-02-20T00:00:00.000000,Canada,Québec,CA-QC,3.76,30.81,99.04,98.08,hydroquebec.com,false,""
2025-02-20T01:00:00.000000,Canada,Québec,CA-QC,3.94,31.06,98.98,97.95,hydroquebec.com,false,""
2025-02-20T02:00:00.000000,Canada,Québec,CA-QC,3.71,30.84,99.03,98.03,hydroquebec.com,false,""
2025-02-20T03:00:00.000000,Canada,Québec,CA-QC,2.73,29.75,99.28,98.52,hydroquebec.com,false,""
2025-02-20T04:00:00.000000,Canada,Québec,CA-QC,4.31,31.72,98.87,97.62,hydroquebec.com,false,""
2025-02-20T05:00:00.000000,Canada,Québec,CA-QC,2.89,30.08,99.23,98.33,hydroquebec.com,false,""
2025-02-20T06:00:00.000000,Canada,Québec,CA-QC,1.84,28.8,99.5,98.85,hydroquebec.com,false,""
2025-02-20T07:00:00.000000,Canada,Québec,CA-QC,1.59,28.47,99.57,99.0,hydroquebec.com,false,""
2025-02-20T08:00:00.000000,Canada,Québec,CA-QC,2.07,29.07,99.44,98.75,hydroquebec.com,false,""
2025-02-20T09:00:00.000000,Canada,Québec,CA-QC,1.72,28.72,99.54,98.93,hydroquebec.com,false,""
2025-02-20T10:00:00.000000,Canada,Québec,CA-QC,2.0,29.06,99.46,98.77,hydroquebec.com,false,""
2025-02-20T11:00:00.000000,Canada,Québec,CA-QC,3.27,30.55,99.12,98.08,hydroquebec.com,false,""
2025-02-20T12:00:00.000000,Canada,Québec,CA-QC,1.81,28.8,99.51,98.97,hydroquebec.com,false,""
2025-02-20T13:00:00.000000,Canada,Québec,CA-QC,2.75,29.99,99.26,98.43,hydroquebec.com,false,""
2025-02-20T14:00:00.000000,Canada,Québec,CA-QC,2.04,29.26,99.45,98.82,hydroquebec.com,false,""
2025-02-20T15:00:00.000000,Canada,Québec,CA-QC,1.81,29.11,99.52,98.96,hydroquebec.com,false,""
2025-02-20T16:00:00.000000,Canada,Québec,CA-QC,1.21,28.54,99.68,99.3,hydroquebec.com,false,""
2025-02-20T17:00:00.000000,Canada,Québec,CA-QC,1.19,28.62,99.69,99.3,hydroquebec.com,false,""
2025-02-20T18:00:00.000000,Canada,Québec,CA-QC,0.25,27.57,99.93,99.85,hydroquebec.com,false,""
2025-02-20T19:00:00.000000,Canada,Québec,CA-QC,1.68,29.23,99.55,98.99,hydroquebec.com,false,""
2025-02-20T20:00:00.000000,Canada,Québec,CA-QC,0.03,27.23,99.99,99.98,hydroquebec.com,false,""
2025-02-20T21:00:00.000000,Canada,Québec,CA-QC,1.57,28.95,99.57,99.04,hydroquebec.com,false,""
2025-02-20T22:00:00.000000,Canada,Québec,CA-QC,1.76,29.05,99.52,98.94,hydroquebec.com,false,""
2025-02-20T23:00:00.000000,Canada,Québec,CA-QC,1.91,29.03,99.48,98.86,hydroquebec.com,false,""
2025-02-21T00:00:00.000000,Canada,Québec,CA-QC,1.78,28.75,99.52,98.96,hydroquebec.com,false,""
2025-02-21T01:00:00.000000,Canada,Québec,CA-QC,1.64,28.58,99.56,99.02,hydroquebec.com,false,""
2025-02-21T02:00:00.000000,Canada,Québec,CA-QC,1.56,28.58,99.58,99.05,hydroquebec.com,false,""
2025-02-21T03:00:00.000000,Canada,Québec,CA-QC,1.87,29.05,99.49,98.83,hydroquebec.com,false,""
2025-02-21T04:00:00.000000,Canada,Québec,CA-QC,2.15,29.57,99.42,98.65,hydroquebec.com,false,""
2025-02-21T05:00:00.000000,Canada,Québec,CA-QC,3.25,31.03,99.12,97.96,hydroquebec.com,false,""
2025-02-21T06:00:00.000000,Canada,Québec,CA-QC,3.91,31.87,98.94,97.54,hydroquebec.com,false,""
2025-02-21T07:00:00.000000,Canada,Québec,CA-QC,4.43,32.47,98.8,97.24,hydroquebec.com,false,""
2025-02-21T08:00:00.000000,Canada,Québec,CA-QC,4.92,32.94,98.67,96.98,hydroquebec.com,false,""
2025-02-21T09:00:00.000000,Canada,Québec,CA-QC,3.79,31.43,98.98,97.68,hydroquebec.com,false,""
2025-02-21T10:00:00.000000,Canada,Québec,CA-QC,1.66,28.69,99.55,98.92,hydroquebec.com,false,""
2025-02-21T11:00:00.000000,Canada,Québec,CA-QC,1.04,27.75,99.72,99.32,hydroquebec.com,false,""
2025-02-21T12:00:00.000000,Canada,Québec,CA-QC,1.6,28.3,99.57,99.04,hydroquebec.com,false,""
2025-02-21T13:00:00.000000,Canada,Québec,CA-QC,0.06,26.45,99.98,99.96,hydroquebec.com,false,""
2025-02-21T14:00:00.000000,Canada,Québec,CA-QC,1.41,28.08,99.63,99.17,hydroquebec.com,false,""
2025-02-21T15:00:00.000000,Canada,Québec,CA-QC,2.31,29.27,99.39,98.67,hydroquebec.com,false,""
2025-02-21T16:00:00.000000,Canada,Québec,CA-QC,2.97,30.15,99.22,98.31,hydroquebec.com,false,""
2025-02-21T17:00:00.000000,Canada,Québec,CA-QC,2.93,30.16,99.23,98.34,hydroquebec.com,false,""
2025-02-21T18:00:00.000000,Canada,Québec,CA-QC,2.26,29.31,99.41,98.69,hydroquebec.com,false,""
2025-02-21T19:00:00.000000,Canada,Québec,CA-QC,3.01,30.13,99.22,98.27,hydroquebec.com,false,""
2025-02-21T20:00:00.000000,Canada,Québec,CA-QC,2.84,29.87,99.27,98.33,hydroquebec.com,false,""
2025-02-21T21:00:00.000000,Canada,Québec,CA-QC,1.99,28.75,99.48,98.82,hydroquebec.com,false,""
2025-02-21T22:00:00.000000,Canada,Québec,CA-QC,1.12,27.55,99.7,99.34,hydroquebec.com,false,""
2025-02-21T23:00:00.000000,Canada,Québec,CA-QC,1.06,27.37,99.71,99.37,hydroquebec.com,false,""
2025-02-22T00:00:00.000000,Canada,Québec,CA-QC,1.54,27.95,99.59,99.1,hydroquebec.com,false,""
2025-02-22T01:00:00.000000,Canada,Québec,CA-QC,1.18,27.56,99.68,99.28,hydroquebec.com,false,""
2025-02-22T02:00:00.000000,Canada,Québec,CA-QC,1.73,28.25,99.54,98.94,hydroquebec.com,false,""
2025-02-22T03:00:00.000000,Canada,Québec,CA-QC,2.23,28.87,99.41,98.53,hydroquebec.com,false,""
2025-02-22T04:00:00.000000,Canada,Québec,CA-QC,3.49,30.42,99.08,97.68,hydroquebec.com,false,""
2025-02-22T05:00:00.000000,Canada,Québec,CA-QC,4.13,31.25,98.9,97.16,hydroquebec.com,false,""
2025-02-22T06:00:00.000000,Canada,Québec,CA-QC,3.64,30.73,99.02,97.34,hydroquebec.com,false,""
2025-02-22T07:00:00.000000,Canada,Québec,CA-QC,3.77,30.87,98.98,97.15,hydroquebec.com,false,""
2025-02-22T08:00:00.000000,Canada,Québec,CA-QC,3.26,30.28,99.12,97.47,hydroquebec.com,false,""
2025-02-22T09:00:00.000000,Canada,Québec,CA-QC,3.01,29.99,99.19,97.67,hydroquebec.com,false,""
2025-02-22T10:00:00.000000,Canada,Québec,CA-QC,2.42,29.36,99.35,98.11,hydroquebec.com,false,""
2025-02-22T11:00:00.000000,Canada,Québec,CA-QC,2.16,29.12,99.42,98.34,hydroquebec.com,false,""
2025-02-22T12:00:00.000000,Canada,Québec,CA-QC,2.55,29.58,99.31,98.15,hydroquebec.com,false,""
2025-02-22T13:00:00.000000,Canada,Québec,CA-QC,3.13,30.37,99.15,97.75,hydroquebec.com,false,""
2025-02-22T14:00:00.000000,Canada,Québec,CA-QC,4.27,31.92,98.95,97.5,hydroquebec.com,false,""
2025-02-22T15:00:00.000000,Canada,Québec,CA-QC,9.97,38.78,97.71,95.4,hydroquebec.com,false,""
2025-02-22T16:00:00.000000,Canada,Québec,CA-QC,11.98,41.24,97.28,94.64,hydroquebec.com,false,""
2025-02-22T17:00:00.000000,Canada,Québec,CA-QC,12.13,41.35,97.26,94.51,hydroquebec.com,false,""
2025-02-22T18:00:00.000000,Canada,Québec,CA-QC,11.42,40.39,97.45,94.71,hydroquebec.com,false,""
2025-02-22T19:00:00.000000,Canada,Québec,CA-QC,9.24,37.78,97.92,95.36,hydroquebec.com,false,""
2025-02-22T20:00:00.000000,Canada,Québec,CA-QC,11.32,40.23,97.46,94.81,hydroquebec.com,false,""
2025-02-22T21:00:00.000000,Canada,Québec,CA-QC,10.12,38.93,97.7,95.51,hydroquebec.com,false,""
2025-02-22T22:00:00.000000,Canada,Québec,CA-QC,5.72,33.75,98.64,97.23,hydroquebec.com,false,""
2025-02-22T23:00:00.000000,Canada,Québec,CA-QC,2.89,30.26,99.32,98.63,hydroquebec.com,false,""
2025-02-23T00:00:00.000000,Canada,Québec,CA-QC,2.53,29.67,99.4,98.75,hydroquebec.com,false,""
2025-02-23T01:00:00.000000,Canada,Québec,CA-QC,5.8,33.4,98.63,97.02,hydroquebec.com,false,""
2025-02-23T02:00:00.000000,Canada,Québec,CA-QC,7.11,35.02,98.31,96.3,hydroquebec.com,false,""
2025-02-23T03:00:00.000000,Canada,Québec,CA-QC,9.99,38.55,97.64,95.18,hydroquebec.com,false,""
2025-02-23T04:00:00.000000,Canada,Québec,CA-QC,8.55,36.99,97.95,95.44,hydroquebec.com,false,""
2025-02-23T05:00:00.000000,Canada,Québec,CA-QC,10.78,39.65,97.47,94.45,hydroquebec.com,false,""
2025-02-23T06:00:00.000000,Canada,Québec,CA-QC,11.31,40.37,97.36,94.19,hydroquebec.com,false,""
2025-02-23T07:00:00.000000,Canada,Québec,CA-QC,12.51,41.91,97.09,93.77,hydroquebec.com,false,""
2025-02-23T08:00:00.000000,Canada,Québec,CA-QC,12.75,42.28,97.02,93.7,hydroquebec.com,false,""
2025-02-23T09:00:00.000000,Canada,Québec,CA-QC,13.02,42.56,96.99,93.62,hydroquebec.com,false,""
2025-02-23T10:00:00.000000,Canada,Québec,CA-QC,12.33,41.75,97.12,93.81,hydroquebec.com,false,""
2025-02-23T11:00:00.000000,Canada,Québec,CA-QC,13.45,43.16,96.84,93.8,hydroquebec.com,false,""
2025-02-23T12:00:00.000000,Canada,Québec,CA-QC,12.97,42.57,96.96,94.07,hydroquebec.com,false,""
2025-02-23T13:00:00.000000,Canada,Québec,CA-QC,13.33,43.12,96.85,93.97,hydroquebec.com,false,""
2025-02-23T14:00:00.000000,Canada,Québec,CA-QC,12.98,42.82,96.94,94.25,hydroquebec.com,false,""
2025-02-23T15:00:00.000000,Canada,Québec,CA-QC,13.34,43.21,96.88,93.91,hydroquebec.com,false,""
2025-02-23T16:00:00.000000,Canada,Québec,CA-QC,14.35,44.48,96.65,93.63,hydroquebec.com,false,""
2025-02-23T17:00:00.000000,Canada,Québec,CA-QC,15.08,45.47,96.46,93.41,hydroquebec.com,false,""
2025-02-23T18:00:00.000000,Canada,Québec,CA-QC,15.43,45.92,96.39,93.31,hydroquebec.com,false,""
2025-02-23T19:00:00.000000,Canada,Québec,CA-QC,15.05,45.42,96.5,93.55,hydroquebec.com,false,""
2025-02-23T20:00:00.000000,Canada,Québec,CA-QC,15.35,45.63,96.45,93.37,hydroquebec.com,false,""
2025-02-23T21:00:00.000000,Canada,Québec,CA-QC,11.27,40.75,97.37,95.13,hydroquebec.com,false,""
2025-02-23T22:00:00.000000,Canada,Québec,CA-QC,8.6,37.38,97.94,96.08,hydroquebec.com,false,""
2025-02-23T23:00:00.000000,Canada,Québec,CA-QC,8.64,37.24,97.96,96.26,hydroquebec.com,false,""
2025-02-24T00:00:00.000000,Canada,Québec,CA-QC,9.96,38.8,97.62,95.59,hydroquebec.com,false,""
2025-02-24T01:00:00.000000,Canada,Québec,CA-QC,10.49,39.55,97.49,95.19,hydroquebec.com,false,""
2025-02-24T02:00:00.000000,Canada,Québec,CA-QC,12.85,42.51,96.98,94.45,hydroquebec.com,false,""
2025-02-24T03:00:00.000000,Canada,Québec,CA-QC,11.63,41.27,97.19,94.52,hydroquebec.com,false,""
2025-02-24T04:00:00.000000,Canada,Québec,CA-QC,12.78,42.68,97.0,94.09,hydroquebec.com,false,""
2025-02-24T05:00:00.000000,Canada,Québec,CA-QC,12.99,42.95,97.0,93.96,hydroquebec.com,false,""
2025-02-24T06:00:00.000000,Canada,Québec,CA-QC,12.89,42.78,97.01,93.67,hydroquebec.com,false,""
2025-02-24T07:00:00.000000,Canada,Québec,CA-QC,12.56,42.31,97.11,93.72,hydroquebec.com,false,""
2025-02-24T08:00:00.000000,Canada,Québec,CA-QC,12.21,41.78,97.21,93.81,hydroquebec.com,false,""
2025-02-24T09:00:00.000000,Canada,Québec,CA-QC,11.87,41.34,97.28,94.11,hydroquebec.com,false,""
2025-02-24T10:00:00.000000,Canada,Québec,CA-QC,11.64,40.96,97.32,94.32,hydroquebec.com,false,""
2025-02-24T11:00:00.000000,Canada,Québec,CA-QC,10.52,39.43,97.54,94.96,hydroquebec.com,false,""
2025-02-24T12:00:00.000000,Canada,Québec,CA-QC,8.8,37.27,97.92,95.87,hydroquebec.com,false,""
2025-02-24T13:00:00.000000,Canada,Québec,CA-QC,8.99,37.54,97.95,96.26,hydroquebec.com,false,""
2025-02-24T14:00:00.000000,Canada,Québec,CA-QC,9.29,37.98,97.9,96.08,hydroquebec.com,false,""
2025-02-24T15:00:00.000000,Canada,Québec,CA-QC,9.31,38.06,97.91,95.98,hydroquebec.com,false,""
2025-02-24T16:00:00.000000,Canada,Québec,CA-QC,9.39,38.16,97.89,95.88,hydroquebec.com,false,""
2025-02-24T17:00:00.000000,Canada,Québec,CA-QC,9.38,38.11,97.91,95.82,hydroquebec.com,false,""
2025-02-24T18:00:00.000000,Canada,Québec,CA-QC,8.94,37.55,98.01,95.88,hydroquebec.com,false,""
2025-02-24T19:00:00.000000,Canada,Québec,CA-QC,9.65,38.23,97.85,95.67,hydroquebec.com,false,""
2025-02-24T20:00:00.000000,Canada,Québec,CA-QC,9.83,38.32,97.8,95.65,hydroquebec.com,false,""
2025-02-24T21:00:00.000000,Canada,Québec,CA-QC,9.27,37.41,97.86,95.33,hydroquebec.com,false,""
2025-02-24T22:00:00.000000,Canada,Québec,CA-QC,11.58,39.91,97.33,94.84,hydroquebec.com,false,""
2025-02-24T23:00:00.000000,Canada,Québec,CA-QC,10.13,38.07,97.6,95.26,hydroquebec.com,false,""
2025-02-25T00:00:00.000000,Canada,Québec,CA-QC,10.53,38.5,97.53,95.07,hydroquebec.com,false,""
2025-02-25T01:00:00.000000,Canada,Québec,CA-QC,11.15,39.27,97.4,94.72,hydroquebec.com,false,""
2025-02-25T02:00:00.000000,Canada,Québec,CA-QC,11.53,39.77,97.33,94.37,hydroquebec.com,false,""
2025-02-25T03:00:00.000000,Canada,Québec,CA-QC,11.88,40.25,97.29,94.2,hydroquebec.com,false,""
2025-02-25T04:00:00.000000,Canada,Québec,CA-QC,12.35,40.89,97.16,93.59,hydroquebec.com,false,""
2025-02-25T05:00:00.000000,Canada,Québec,CA-QC,12.32,40.97,97.16,93.38,hydroquebec.com,false,""
2025-02-25T06:00:00.000000,Canada,Québec,CA-QC,13.26,42.11,96.95,92.82,hydroquebec.com,false,""
2025-02-25T07:00:00.000000,Canada,Québec,CA-QC,13.6,42.67,96.85,92.63,hydroquebec.com,false,""
2025-02-25T08:00:00.000000,Canada,Québec,CA-QC,13.95,43.23,96.79,92.51,hydroquebec.com,false,""
2025-02-25T09:00:00.000000,Canada,Québec,CA-QC,14.06,43.5,96.73,92.56,hydroquebec.com,false,""
2025-02-25T10:00:00.000000,Canada,Québec,CA-QC,14.69,44.31,96.57,92.65,hydroquebec.com,false,""
2025-02-25T11:00:00.000000,Canada,Québec,CA-QC,15.07,44.88,96.4,93.0,hydroquebec.com,false,""
2025-02-25T12:00:00.000000,Canada,Québec,CA-QC,14.69,44.39,96.47,93.46,hydroquebec.com,false,""
2025-02-25T13:00:00.000000,Canada,Québec,CA-QC,12.23,41.58,97.16,95.19,hydroquebec.com,false,""
2025-02-25T14:00:00.000000,Canada,Québec,CA-QC,12.04,41.54,97.25,95.3,hydroquebec.com,false,""
2025-02-25T15:00:00.000000,Canada,Québec,CA-QC,12.3,42.02,97.21,95.04,hydroquebec.com,false,""
2025-02-25T16:00:00.000000,Canada,Québec,CA-QC,12.75,42.78,97.11,94.82,hydroquebec.com,false,""
2025-02-25T17:00:00.000000,Canada,Québec,CA-QC,12.81,43.09,97.09,94.73,hydroquebec.com,false,""
2025-02-25T18:00:00.000000,Canada,Québec,CA-QC,12.71,43.09,97.11,94.89,hydroquebec.com,false,""
2025-02-25T19:00:00.000000,Canada,Québec,CA-QC,12.61,43.04,97.11,94.91,hydroquebec.com,false,""
2025-02-25T20:00:00.000000,Canada,Québec,CA-QC,12.34,42.79,97.17,95.03,hydroquebec.com,false,""
2025-02-25T21:00:00.000000,Canada,Québec,CA-QC,10.47,40.53,97.59,95.86,hydroquebec.com,false,""
2025-02-25T22:00:00.000000,Canada,Québec,CA-QC,10.19,40.07,97.57,95.66,hydroquebec.com,false,""
2025-02-25T23:00:00.000000,Canada,Québec,CA-QC,13.04,43.35,96.94,94.71,hydroquebec.com,false,""
2025-02-26T00:00:00.000000,Canada,Québec,CA-QC,13.03,43.45,96.95,94.87,hydroquebec.com,false,""
2025-02-26T01:00:00.000000,Canada,Québec,CA-QC,13.76,44.44,96.75,94.37,hydroquebec.com,false,""
2025-02-26T02:00:00.000000,Canada,Québec,CA-QC,15.72,46.88,96.26,93.2,hydroquebec.com,false,""
2025-02-26T03:00:00.000000,Canada,Québec,CA-QC,16.53,47.93,96.1,92.54,hydroquebec.com,false,""
2025-02-26T04:00:00.000000,Canada,Québec,CA-QC,16.59,48.04,96.14,92.21,hydroquebec.com,false,""
2025-02-26T05:00:00.000000,Canada,Québec,CA-QC,16.44,48.06,96.15,92.14,hydroquebec.com,false,""
2025-02-26T06:00:00.000000,Canada,Québec,CA-QC,15.0,46.38,96.53,93.0,hydroquebec.com,false,""
2025-02-26T07:00:00.000000,Canada,Québec,CA-QC,14.32,45.55,96.71,93.48,hydroquebec.com,false,""
2025-02-26T08:00:00.000000,Canada,Québec,CA-QC,14.34,45.52,96.72,93.47,hydroquebec.com,false,""
2025-02-26T09:00:00.000000,Canada,Québec,CA-QC,14.64,45.78,96.62,93.26,hydroquebec.com,false,""
2025-02-26T10:00:00.000000,Canada,Québec,CA-QC,14.25,45.18,96.71,93.71,hydroquebec.com,false,""
2025-02-26T11:00:00.000000,Canada,Québec,CA-QC,13.31,43.89,96.86,94.33,hydroquebec.com,false,""
2025-02-26T12:00:00.000000,Canada,Québec,CA-QC,12.13,42.27,97.14,95.14,hydroquebec.com,false,""
2025-02-26T13:00:00.000000,Canada,Québec,CA-QC,11.66,41.59,97.31,95.42,hydroquebec.com,false,""
2025-02-26T14:00:00.000000,Canada,Québec,CA-QC,11.8,41.72,97.31,95.14,hydroquebec.com,false,""
2025-02-26T15:00:00.000000,Canada,Québec,CA-QC,12.38,42.44,97.18,94.69,hydroquebec.com,false,""
2025-02-26T16:00:00.000000,Canada,Québec,CA-QC,12.41,42.46,97.18,94.54,hydroquebec.com,false,""
2025-02-26T17:00:00.000000,Canada,Québec,CA-QC,12.9,43.07,97.06,94.34,hydroquebec.com,false,""
2025-02-26T18:00:00.000000,Canada,Québec,CA-QC,13.2,43.41,97.0,94.29,hydroquebec.com,false,""
2025-02-26T19:00:00.000000,Canada,Québec,CA-QC,14.06,44.49,96.79,94.08,hydroquebec.com,false,""
2025-02-26T20:00:00.000000,Canada,Québec,CA-QC,14.3,44.78,96.7,94.08,hydroquebec.com,false,""
2025-02-26T21:00:00.000000,Canada,Québec,CA-QC,14.37,44.66,96.69,94.2,hydroquebec.com,false,""
2025-02-26T22:00:00.000000,Canada,Québec,CA-QC,13.1,42.88,96.96,94.92,hydroquebec.com,false,""
2025-02-26T23:00:00.000000,Canada,Québec,CA-QC,11.13,40.22,97.46,96.21,hydroquebec.com,false,""
2025-02-27T00:00:00.000000,Canada,Québec,CA-QC,10.92,39.8,97.49,96.16,hydroquebec.com,false,""
2025-02-27T01:00:00.000000,Canada,Québec,CA-QC,12.32,41.44,97.13,95.09,hydroquebec.com,false,""
2025-02-27T02:00:00.000000,Canada,Québec,CA-QC,12.54,41.75,97.09,94.94,hydroquebec.com,false,""
2025-02-27T03:00:00.000000,Canada,Québec,CA-QC,12.37,41.6,97.15,94.89,hydroquebec.com,false,""
2025-02-27T04:00:00.000000,Canada,Québec,CA-QC,12.58,41.85,97.12,94.59,hydroquebec.com,false,""
2025-02-27T05:00:00.000000,Canada,Québec,CA-QC,12.88,42.32,97.04,94.42,hydroquebec.com,false,""
2025-02-27T06:00:00.000000,Canada,Québec,CA-QC,12.35,41.78,97.19,94.53,hydroquebec.com,false,""
2025-02-27T07:00:00.000000,Canada,Québec,CA-QC,13.32,43.13,96.91,93.98,hydroquebec.com,false,""
2025-02-27T08:00:00.000000,Canada,Québec,CA-QC,12.88,42.7,97.01,94.18,hydroquebec.com,false,""
2025-02-27T09:00:00.000000,Canada,Québec,CA-QC,12.62,42.46,97.06,94.43,hydroquebec.com,false,""
2025-02-27T10:00:00.000000,Canada,Québec,CA-QC,11.96,41.6,97.2,94.79,hydroquebec.com,false,""
2025-02-27T11:00:00.000000,Canada,Québec,CA-QC,11.57,41.02,97.27,95.19,hydroquebec.com,false,""
2025-02-27T12:00:00.000000,Canada,Québec,CA-QC,11.08,40.3,97.37,95.53,hydroquebec.com,false,""
2025-02-27T13:00:00.000000,Canada,Québec,CA-QC,11.11,40.33,97.39,95.57,hydroquebec.com,false,""
2025-02-27T14:00:00.000000,Canada,Québec,CA-QC,11.02,40.21,97.44,95.48,hydroquebec.com,false,""
2025-02-27T15:00:00.000000,Canada,Québec,CA-QC,11.3,40.52,97.4,95.36,hydroquebec.com,false,""
2025-02-27T16:00:00.000000,Canada,Québec,CA-QC,12.01,41.32,97.18,94.75,hydroquebec.com,false,""
2025-02-27T17:00:00.000000,Canada,Québec,CA-QC,11.24,40.41,97.39,95.33,hydroquebec.com,false,""
2025-02-27T18:00:00.000000,Canada,Québec,CA-QC,10.95,40.11,97.45,95.4,hydroquebec.com,false,""
2025-02-27T19:00:00.000000,Canada,Québec,CA-QC,10.87,39.98,97.48,95.38,hydroquebec.com,false,""
2025-02-27T20:00:00.000000,Canada,Québec,CA-QC,10.86,39.89,97.47,95.41,hydroquebec.com,false,""
2025-02-27T21:00:00.000000,Canada,Québec,CA-QC,11.04,40.04,97.4,95.41,hydroquebec.com,false,""
2025-02-27T22:00:00.000000,Canada,Québec,CA-QC,11.16,40.12,97.34,95.22,hydroquebec.com,false,""
2025-02-27T23:00:00.000000,Canada,Québec,CA-QC,8.5,37.04,98.05,97.06,hydroquebec.com,false,""
2025-02-28T00:00:00.000000,Canada,Québec,CA-QC,11.4,40.41,97.27,94.92,hydroquebec.com,false,""
2025-02-28T01:00:00.000000,Canada,Québec,CA-QC,12.41,41.73,97.02,94.24,hydroquebec.com,false,""
2025-02-28T02:00:00.000000,Canada,Québec,CA-QC,11.88,41.06,97.19,94.48,hydroquebec.com,false,""
2025-02-28T03:00:00.000000,Canada,Québec,CA-QC,12.8,42.16,96.97,93.86,hydroquebec.com,false,""
2025-02-28T04:00:00.000000,Canada,Québec,CA-QC,13.1,42.57,96.92,93.31,hydroquebec.com,false,""
2025-02-28T05:00:00.000000,Canada,Québec,CA-QC,13.37,43.03,96.85,93.02,hydroquebec.com,false,""
2025-02-28T06:00:00.000000,Canada,Québec,CA-QC,13.98,43.85,96.7,92.67,hydroquebec.com,false,""
2025-02-28T07:00:00.000000,Canada,Québec,CA-QC,14.13,44.16,96.66,92.52,hydroquebec.com,false,""
2025-02-28T08:00:00.000000,Canada,Québec,CA-QC,14.26,44.35,96.61,92.49,hydroquebec.com,false,""
2025-02-28T09:00:00.000000,Canada,Québec,CA-QC,14.49,44.58,96.53,92.57,hydroquebec.com,false,""
2025-02-28T10:00:00.000000,Canada,Québec,CA-QC,13.31,42.93,96.82,93.46,hydroquebec.com,false,""
2025-02-28T11:00:00.000000,Canada,Québec,CA-QC,11.19,40.18,97.37,95.17,hydroquebec.com,false,""
2025-02-28T12:00:00.000000,Canada,Québec,CA-QC,11.38,40.15,97.33,95.16,hydroquebec.com,false,""
2025-02-28T13:00:00.000000,Canada,Québec,CA-QC,10.0,38.47,97.75,96.52,hydroquebec.com,false,""
2025-02-28T14:00:00.000000,Canada,Québec,CA-QC,9.27,37.62,97.94,96.95,hydroquebec.com,false,""
2025-02-28T15:00:00.000000,Canada,Québec,CA-QC,8.4,36.54,98.15,97.17,hydroquebec.com,false,""
2025-02-28T16:00:00.000000,Canada,Québec,CA-QC,8.41,36.51,98.15,97.12,hydroquebec.com,false,""
2025-02-28T17:00:00.000000,Canada,Québec,CA-QC,9.01,37.29,98.0,96.7,hydroquebec.com,false,""
2025-02-28T18:00:00.000000,Canada,Québec,CA-QC,9.18,37.59,97.95,96.63,hydroquebec.com,false,""
2025-02-28T19:00:00.000000,Canada,Québec,CA-QC,9.07,37.56,97.97,96.73,hydroquebec.com,false,""
2025-02-28T20:00:00.000000,Canada,Québec,CA-QC,8.61,37.05,98.07,97.02,hydroquebec.com,false,""
2025-02-28T21:00:00.000000,Canada,Québec,CA-QC,8.47,36.88,98.08,97.12,hydroquebec.com,false,""
2025-02-28T22:00:00.000000,Canada,Québec,CA-QC,8.44,36.81,98.07,97.04,hydroquebec.com,false,""
2025-02-28T23:00:00.000000,Canada,Québec,CA-QC,8.81,37.19,97.96,96.61,hydroquebec.com,false,""
2025-03-01T00:00:00.000000,Canada,Québec,CA-QC,8.54,36.91,98.03,96.66,hydroquebec.com,false,""
2025-03-01T01:00:00.000000,Canada,Québec,CA-QC,8.94,37.44,97.92,96.18,hydroquebec.com,false,""
2025-03-01T02:00:00.000000,Canada,Québec,CA-QC,9.45,38.03,97.78,95.43,hydroquebec.com,false,""
2025-03-01T03:00:00.000000,Canada,Québec,CA-QC,9.66,38.33,97.73,95.06,hydroquebec.com,false,""
2025-03-01T04:00:00.000000,Canada,Québec,CA-QC,9.71,38.33,97.73,94.58,hydroquebec.com,false,""
2025-03-01T05:00:00.000000,Canada,Québec,CA-QC,8.9,37.33,97.96,94.69,hydroquebec.com,false,""
2025-03-01T06:00:00.000000,Canada,Québec,CA-QC,8.2,36.57,98.12,94.96,hydroquebec.com,false,""
2025-03-01T07:00:00.000000,Canada,Québec,CA-QC,8.05,36.34,98.16,94.95,hydroquebec.com,false,""
2025-03-01T08:00:00.000000,Canada,Québec,CA-QC,8.53,36.84,98.04,94.67,hydroquebec.com,false,""
2025-03-01T09:00:00.000000,Canada,Québec,CA-QC,8.6,36.9,98.02,94.7,hydroquebec.com,false,""
2025-03-01T10:00:00.000000,Canada,Québec,CA-QC,8.77,37.01,97.97,94.74,hydroquebec.com,false,""
2025-03-01T11:00:00.000000,Canada,Québec,CA-QC,9.07,37.34,97.89,95.05,hydroquebec.com,false,""
2025-03-01T12:00:00.000000,Canada,Québec,CA-QC,8.93,37.06,97.93,95.3,hydroquebec.com,false,""
2025-03-01T13:00:00.000000,Canada,Québec,CA-QC,8.92,36.92,97.94,95.19,hydroquebec.com,false,""
2025-03-01T14:00:00.000000,Canada,Québec,CA-QC,10.07,38.22,97.71,94.78,hydroquebec.com,false,""
2025-03-01T15:00:00.000000,Canada,Québec,CA-QC,9.14,37.12,97.9,94.94,hydroquebec.com,false,""
2025-03-01T16:00:00.000000,Canada,Québec,CA-QC,9.05,37.09,97.91,94.95,hydroquebec.com,false,""
2025-03-01T17:00:00.000000,Canada,Québec,CA-QC,9.3,37.59,97.85,94.85,hydroquebec.com,false,""
2025-03-01T18:00:00.000000,Canada,Québec,CA-QC,9.83,38.42,97.72,94.73,hydroquebec.com,false,""
2025-03-01T19:00:00.000000,Canada,Québec,CA-QC,9.99,38.71,97.68,94.79,hydroquebec.com,false,""
2025-03-01T20:00:00.000000,Canada,Québec,CA-QC,10.45,39.22,97.55,94.54,hydroquebec.com,false,""
2025-03-01T21:00:00.000000,Canada,Québec,CA-QC,10.21,38.85,97.6,94.78,hydroquebec.com,false,""
2025-03-01T22:00:00.000000,Canada,Québec,CA-QC,9.81,38.38,97.68,95.45,hydroquebec.com,false,""
2025-03-01T23:00:00.000000,Canada,Québec,CA-QC,11.48,40.33,97.26,94.9,hydroquebec.com,false,""
2025-03-02T00:00:00.000000,Canada,Québec,CA-QC,10.76,39.63,97.41,95.08,hydroquebec.com,false,""
2025-03-02T01:00:00.000000,Canada,Québec,CA-QC,11.36,40.51,97.27,94.8,hydroquebec.com,false,""
2025-03-02T02:00:00.000000,Canada,Québec,CA-QC,11.55,40.79,97.24,94.67,hydroquebec.com,false,""
2025-03-02T03:00:00.000000,Canada,Québec,CA-QC,11.62,40.87,97.25,94.58,hydroquebec.com,false,""
2025-03-02T04:00:00.000000,Canada,Québec,CA-QC,11.49,40.67,97.31,94.71,hydroquebec.com,false,""
2025-03-02T05:00:00.000000,Canada,Québec,CA-QC,11.91,41.07,97.17,94.41,hydroquebec.com,false,""
2025-03-02T06:00:00.000000,Canada,Québec,CA-QC,12.52,41.78,97.0,94.16,hydroquebec.com,false,""
2025-03-02T07:00:00.000000,Canada,Québec,CA-QC,12.56,41.77,96.99,94.17,hydroquebec.com,false,""
2025-03-02T08:00:00.000000,Canada,Québec,CA-QC,12.45,41.53,97.02,94.25,hydroquebec.com,false,""
2025-03-02T09:00:00.000000,Canada,Québec,CA-QC,12.17,41.1,97.08,94.5,hydroquebec.com,false,""
2025-03-02T10:00:00.000000,Canada,Québec,CA-QC,12.36,41.25,97.02,94.46,hydroquebec.com,false,""
2025-03-02T11:00:00.000000,Canada,Québec,CA-QC,10.53,38.95,97.48,95.53,hydroquebec.com,false,""
2025-03-02T12:00:00.000000,Canada,Québec,CA-QC,8.56,36.51,98.01,96.86,hydroquebec.com,false,""
2025-03-02T13:00:00.000000,Canada,Québec,CA-QC,10.45,38.68,97.54,95.43,hydroquebec.com,false,""
2025-03-02T14:00:00.000000,Canada,Québec,CA-QC,11.36,39.85,97.31,94.82,hydroquebec.com,false,""
2025-03-02T15:00:00.000000,Canada,Québec,CA-QC,11.34,39.89,97.31,94.69,hydroquebec.com,false,""
2025-03-02T16:00:00.000000,Canada,Québec,CA-QC,10.98,39.53,97.39,94.72,hydroquebec.com,false,""
2025-03-02T17:00:00.000000,Canada,Québec,CA-QC,4.87,32.31,98.74,96.75,hydroquebec.com,false,""
2025-03-02T18:00:00.000000,Canada,Québec,CA-QC,4.17,31.34,98.91,97.08,hydroquebec.com,false,""
2025-03-02T19:00:00.000000,Canada,Québec,CA-QC,9.06,36.96,97.84,95.44,hydroquebec.com,false,""
2025-03-02T20:00:00.000000,Canada,Québec,CA-QC,10.41,38.53,97.55,95.11,hydroquebec.com,false,""
2025-03-02T21:00:00.000000,Canada,Québec,CA-QC,11.14,39.46,97.34,94.88,hydroquebec.com,false,""
2025-03-02T22:00:00.000000,Canada,Québec,CA-QC,8.51,36.27,97.94,95.96,hydroquebec.com,false,""
2025-03-02T23:00:00.000000,Canada,Québec,CA-QC,6.34,33.6,98.46,97.0,hydroquebec.com,false,""
2025-03-03T00:00:00.000000,Canada,Québec,CA-QC,6.03,33.19,98.55,97.22,hydroquebec.com,false,""
2025-03-03T01:00:00.000000,Canada,Québec,CA-QC,9.74,37.64,97.71,95.96,hydroquebec.com,false,""
2025-03-03T02:00:00.000000,Canada,Québec,CA-QC,10.47,38.6,97.5,95.4,hydroquebec.com,false,""
2025-03-03T03:00:00.000000,Canada,Québec,CA-QC,9.39,37.33,97.76,95.74,hydroquebec.com,false,""
2025-03-03T04:00:00.000000,Canada,Québec,CA-QC,10.33,38.49,97.53,95.27,hydroquebec.com,false,""
2025-03-03T05:00:00.000000,Canada,Québec,CA-QC,10.42,38.65,97.5,95.11,hydroquebec.com,false,""
2025-03-03T06:00:00.000000,Canada,Québec,CA-QC,10.2,38.46,97.58,95.45,hydroquebec.com,false,""
2025-03-03T07:00:00.000000,Canada,Québec,CA-QC,9.78,38.0,97.71,95.85,hydroquebec.com,false,""
2025-03-03T08:00:00.000000,Canada,Québec,CA-QC,10.11,38.43,97.59,95.46,hydroquebec.com,false,""
2025-03-03T09:00:00.000000,Canada,Québec,CA-QC,10.43,38.81,97.51,95.18,hydroquebec.com,false,""
2025-03-03T10:00:00.000000,Canada,Québec,CA-QC,9.26,37.43,97.81,95.81,hydroquebec.com,false,""
2025-03-03T11:00:00.000000,Canada,Québec,CA-QC,8.41,36.47,98.0,96.27,hydroquebec.com,false,""
2025-03-03T12:00:00.000000,Canada,Québec,CA-QC,8.85,37.08,97.9,96.27,hydroquebec.com,false,""
2025-03-03T13:00:00.000000,Canada,Québec,CA-QC,8.46,36.71,98.02,96.46,hydroquebec.com,false,""
2025-03-03T14:00:00.000000,Canada,Québec,CA-QC,6.39,34.35,98.45,96.88,hydroquebec.com,false,""
2025-03-03T15:00:00.000000,Canada,Québec,CA-QC,9.08,37.55,97.82,95.59,hydroquebec.com,false,""
2025-03-03T16:00:00.000000,Canada,Québec,CA-QC,7.93,36.22,98.09,95.9,hydroquebec.com,false,""
2025-03-03T17:00:00.000000,Canada,Québec,CA-QC,9.88,38.45,97.71,95.16,hydroquebec.com,false,""
2025-03-03T18:00:00.000000,Canada,Québec,CA-QC,10.82,39.55,97.51,94.68,hydroquebec.com,false,""
2025-03-03T19:00:00.000000,Canada,Québec,CA-QC,10.93,39.78,97.48,94.82,hydroquebec.com,false,""
2025-03-03T20:00:00.000000,Canada,Québec,CA-QC,10.65,39.44,97.56,94.96,hydroquebec.com,false,""
2025-03-03T21:00:00.000000,Canada,Québec,CA-QC,9.31,37.84,97.84,95.56,hydroquebec.com,false,""
2025-03-03T22:00:00.000000,Canada,Québec,CA-QC,5.78,33.53,98.61,96.78,hydroquebec.com,false,""
2025-03-03T23:00:00.000000,Canada,Québec,CA-QC,3.86,31.06,99.05,97.59,hydroquebec.com,false,""
2025-03-04T00:00:00.000000,Canada,Québec,CA-QC,2.16,28.94,99.42,98.11,hydroquebec.com,false,""
2025-03-04T01:00:00.000000,Canada,Québec,CA-QC,4.54,31.79,98.86,97.14,hydroquebec.com,false,""
2025-03-04T02:00:00.000000,Canada,Québec,CA-QC,7.96,35.96,98.11,96.31,hydroquebec.com,false,""
2025-03-04T03:00:00.000000,Canada,Québec,CA-QC,9.2,37.47,97.82,95.64,hydroquebec.com,false,""
2025-03-04T04:00:00.000000,Canada,Québec,CA-QC,10.66,39.25,97.49,94.74,hydroquebec.com,false,""
2025-03-04T05:00:00.000000,Canada,Québec,CA-QC,10.57,39.27,97.53,94.54,hydroquebec.com,false,""
2025-03-04T06:00:00.000000,Canada,Québec,CA-QC,10.96,39.83,97.48,94.52,hydroquebec.com,false,""
2025-03-04T07:00:00.000000,Canada,Québec,CA-QC,11.02,39.88,97.47,94.41,hydroquebec.com,false,""
2025-03-04T08:00:00.000000,Canada,Québec,CA-QC,11.55,40.57,97.3,94.08,hydroquebec.com,false,""
2025-03-04T09:00:00.000000,Canada,Québec,CA-QC,11.36,40.49,97.37,94.73,hydroquebec.com,false,""
2025-03-04T10:00:00.000000,Canada,Québec,CA-QC,10.38,39.18,97.54,94.68,hydroquebec.com,false,""
2025-03-04T11:00:00.000000,Canada,Québec,CA-QC,6.79,34.82,98.36,96.28,hydroquebec.com,false,""
2025-03-04T12:00:00.000000,Canada,Québec,CA-QC,4.61,32.1,98.83,97.13,hydroquebec.com,false,""
2025-03-04T13:00:00.000000,Canada,Québec,CA-QC,7.55,35.53,98.19,96.1,hydroquebec.com,false,""
2025-03-04T14:00:00.000000,Canada,Québec,CA-QC,9.55,38.13,97.73,95.37,hydroquebec.com,false,""
2025-03-04T15:00:00.000000,Canada,Québec,CA-QC,9.05,37.72,97.83,95.35,hydroquebec.com,false,""
2025-03-04T16:00:00.000000,Canada,Québec,CA-QC,8.84,37.5,97.89,95.45,hydroquebec.com,false,""
2025-03-04T17:00:00.000000,Canada,Québec,CA-QC,9.41,38.16,97.75,95.12,hydroquebec.com,false,""
2025-03-04T18:00:00.000000,Canada,Québec,CA-QC,10.06,38.89,97.6,94.84,hydroquebec.com,false,""
2025-03-04T19:00:00.000000,Canada,Québec,CA-QC,10.38,39.21,97.53,94.82,hydroquebec.com,false,""
2025-03-04T20:00:00.000000,Canada,Québec,CA-QC,9.53,38.16,97.74,95.1,hydroquebec.com,false,""
2025-03-04T21:00:00.000000,Canada,Québec,CA-QC,9.38,38.07,97.74,95.31,hydroquebec.com,false,""
2025-03-04T22:00:00.000000,Canada,Québec,CA-QC,6.72,34.91,98.37,96.83,hydroquebec.com,false,""
2025-03-04T23:00:00.000000,Canada,Québec,CA-QC,4.93,32.67,98.81,97.77,hydroquebec.com,false,""
2025-03-05T00:00:00.000000,Canada,Québec,CA-QC,5.23,33.05,98.8,98.09,hydroquebec.com,false,""
2025-03-05T01:00:00.000000,Canada,Québec,CA-QC,6.62,34.73,98.44,96.96,hydroquebec.com,false,""
2025-03-05T02:00:00.000000,Canada,Québec,CA-QC,8.34,36.98,98.07,96.52,hydroquebec.com,false,""
2025-03-05T03:00:00.000000,Canada,Québec,CA-QC,9.96,39.01,97.64,95.11,hydroquebec.com,false,""
2025-03-05T04:00:00.000000,Canada,Québec,CA-QC,11.34,40.92,97.29,94.0,hydroquebec.com,false,""
2025-03-05T05:00:00.000000,Canada,Québec,CA-QC,10.69,40.43,97.49,94.3,hydroquebec.com,false,""
2025-03-05T06:00:00.000000,Canada,Québec,CA-QC,10.2,39.69,97.63,93.8,hydroquebec.com,false,""
2025-03-05T07:00:00.000000,Canada,Québec,CA-QC,9.97,39.43,97.69,93.75,hydroquebec.com,false,""
2025-03-05T08:00:00.000000,Canada,Québec,CA-QC,9.65,39.06,97.77,93.79,hydroquebec.com,false,""
2025-03-05T09:00:00.000000,Canada,Québec,CA-QC,9.9,39.4,97.7,93.78,hydroquebec.com,false,""
2025-03-05T10:00:00.000000,Canada,Québec,CA-QC,9.41,38.77,97.81,94.21,hydroquebec.com,false,""
2025-03-05T11:00:00.000000,Canada,Québec,CA-QC,7.29,36.23,98.28,95.51,hydroquebec.com,false,""
2025-03-05T12:00:00.000000,Canada,Québec,CA-QC,7.11,35.76,98.31,95.73,hydroquebec.com,false,""
2025-03-05T13:00:00.000000,Canada,Québec,CA-QC,6.98,35.45,98.34,95.82,hydroquebec.com,false,""
2025-03-05T14:00:00.000000,Canada,Québec,CA-QC,7.08,35.58,98.32,95.75,hydroquebec.com,false,""
2025-03-05T15:00:00.000000,Canada,Québec,CA-QC,6.96,35.39,98.35,95.74,hydroquebec.com,false,""
2025-03-05T16:00:00.000000,Canada,Québec,CA-QC,7.38,35.82,98.27,95.56,hydroquebec.com,false,""
2025-03-05T17:00:00.000000,Canada,Québec,CA-QC,7.4,35.83,98.25,95.5,hydroquebec.com,false,""
2025-03-05T18:00:00.000000,Canada,Québec,CA-QC,7.87,36.38,98.14,95.37,hydroquebec.com,false,""
2025-03-05T19:00:00.000000,Canada,Québec,CA-QC,8.17,36.75,98.08,95.3,hydroquebec.com,false,""
2025-03-05T20:00:00.000000,Canada,Québec,CA-QC,8.5,37.17,97.96,95.24,hydroquebec.com,false,""
2025-03-05T21:00:00.000000,Canada,Québec,CA-QC,7.76,36.09,98.15,95.55,hydroquebec.com,false,""
2025-03-05T22:00:00.000000,Canada,Québec,CA-QC,5.54,33.33,98.69,97.0,hydroquebec.com,false,""
2025-03-05T23:00:00.000000,Canada,Québec,CA-QC,4.77,32.29,98.87,97.51,hydroquebec.com,false,""
2025-03-06T00:00:00.000000,Canada,Québec,CA-QC,6.08,33.82,98.56,96.84,hydroquebec.com,false,""
2025-03-06T01:00:00.000000,Canada,Québec,CA-QC,7.26,35.08,98.26,95.68,hydroquebec.com,false,""
2025-03-06T02:00:00.000000,Canada,Québec,CA-QC,4.94,32.24,98.8,96.22,hydroquebec.com,false,""
2025-03-06T03:00:00.000000,Canada,Québec,CA-QC,4.28,31.35,98.97,96.18,hydroquebec.com,false,""
2025-03-06T04:00:00.000000,Canada,Québec,CA-QC,6.59,34.16,98.5,95.0,hydroquebec.com,false,""
2025-03-06T05:00:00.000000,Canada,Québec,CA-QC,12.67,42.05,96.96,92.08,hydroquebec.com,false,""
2025-03-06T06:00:00.000000,Canada,Québec,CA-QC,14.22,44.07,96.58,91.23,hydroquebec.com,false,""
2025-03-06T07:00:00.000000,Canada,Québec,CA-QC,15.36,45.53,96.31,90.77,hydroquebec.com,false,""
2025-03-06T08:00:00.000000,Canada,Québec,CA-QC,16.14,46.58,96.13,90.52,hydroquebec.com,false,""
2025-03-06T09:00:00.000000,Canada,Québec,CA-QC,15.89,46.32,96.17,90.79,hydroquebec.com,false,""
2025-03-06T10:00:00.000000,Canada,Québec,CA-QC,14.12,44.07,96.58,91.84,hydroquebec.com,false,""
2025-03-06T11:00:00.000000,Canada,Québec,CA-QC,16.03,46.33,96.11,91.79,hydroquebec.com,false,""
2025-03-06T12:00:00.000000,Canada,Québec,CA-QC,14.74,44.67,96.37,92.48,hydroquebec.com,false,""
2025-03-06T13:00:00.000000,Canada,Québec,CA-QC,14.37,44.15,96.47,92.77,hydroquebec.com,false,""
2025-03-06T14:00:00.000000,Canada,Québec,CA-QC,15.36,45.42,96.23,92.47,hydroquebec.com,false,""
2025-03-06T15:00:00.000000,Canada,Québec,CA-QC,15.73,45.98,96.15,92.19,hydroquebec.com,false,""
2025-03-06T16:00:00.000000,Canada,Québec,CA-QC,16.62,47.26,95.93,91.78,hydroquebec.com,false,""
2025-03-06T17:00:00.000000,Canada,Québec,CA-QC,19.5,50.76,95.27,90.91,hydroquebec.com,false,""
2025-03-06T18:00:00.000000,Canada,Québec,CA-QC,20.94,52.62,94.91,90.53,hydroquebec.com,false,""
2025-03-06T19:00:00.000000,Canada,Québec,CA-QC,20.96,52.73,94.89,90.66,hydroquebec.com,false,""
2025-03-06T20:00:00.000000,Canada,Québec,CA-QC,20.83,52.49,94.94,90.68,hydroquebec.com,false,""
2025-03-06T21:00:00.000000,Canada,Québec,CA-QC,20.35,51.85,95.05,91.12,hydroquebec.com,false,""
2025-03-06T22:00:00.000000,Canada,Québec,CA-QC,17.6,48.38,95.69,92.29,hydroquebec.com,false,""
2025-03-06T23:00:00.000000,Canada,Québec,CA-QC,13.48,43.41,96.63,93.75,hydroquebec.com,false,""
2025-03-07T00:00:00.000000,Canada,Québec,CA-QC,13.61,43.64,96.59,93.66,hydroquebec.com,false,""
2025-03-07T01:00:00.000000,Canada,Québec,CA-QC,15.71,46.26,96.08,92.8,hydroquebec.com,false,""
2025-03-07T02:00:00.000000,Canada,Québec,CA-QC,16.97,47.92,95.75,92.22,hydroquebec.com,false,""
2025-03-07T03:00:00.000000,Canada,Québec,CA-QC,16.91,47.82,95.82,91.95,hydroquebec.com,false,""
2025-03-07T04:00:00.000000,Canada,Québec,CA-QC,16.18,47.04,96.01,91.88,hydroquebec.com,false,""
2025-03-07T05:00:00.000000,Canada,Québec,CA-QC,16.06,46.77,96.14,91.78,hydroquebec.com,false,""
2025-03-07T06:00:00.000000,Canada,Québec,CA-QC,14.7,45.09,96.48,92.07,hydroquebec.com,false,""
2025-03-07T07:00:00.000000,Canada,Québec,CA-QC,14.32,44.56,96.59,92.16,hydroquebec.com,false,""
2025-03-07T08:00:00.000000,Canada,Québec,CA-QC,14.65,44.94,96.49,92.06,hydroquebec.com,false,""
2025-03-07T09:00:00.000000,Canada,Québec,CA-QC,15.51,45.94,96.24,91.97,hydroquebec.com,false,""
2025-03-07T10:00:00.000000,Canada,Québec,CA-QC,16.41,46.79,96.05,92.02,hydroquebec.com,false,""
2025-03-07T11:00:00.000000,Canada,Québec,CA-QC,9.9,38.51,97.63,94.74,hydroquebec.com,false,""
2025-03-07T12:00:00.000000,Canada,Québec,CA-QC,14.16,43.66,96.55,93.46,hydroquebec.com,false,""
2025-03-07T13:00:00.000000,Canada,Québec,CA-QC,16.54,46.62,95.97,92.57,hydroquebec.com,false,""
2025-03-07T14:00:00.000000,Canada,Québec,CA-QC,16.21,46.26,96.06,92.35,hydroquebec.com,false,""
2025-03-07T15:00:00.000000,Canada,Québec,CA-QC,18.2,48.82,95.55,91.5,hydroquebec.com,false,""
2025-03-07T16:00:00.000000,Canada,Québec,CA-QC,18.88,49.69,95.39,91.28,hydroquebec.com,false,""
2025-03-07T17:00:00.000000,Canada,Québec,CA-QC,17.89,48.4,95.65,91.45,hydroquebec.com,false,""
2025-03-07T18:00:00.000000,Canada,Québec,CA-QC,18.38,49.1,95.54,91.18,hydroquebec.com,false,""
2025-03-07T19:00:00.000000,Canada,Québec,CA-QC,18.71,49.59,95.47,91.08,hydroquebec.com,false,""
2025-03-07T20:00:00.000000,Canada,Québec,CA-QC,19.62,50.72,95.26,90.89,hydroquebec.com,false,""
2025-03-07T21:00:00.000000,Canada,Québec,CA-QC,19.22,50.19,95.33,91.32,hydroquebec.com,false,""
2025-03-07T22:00:00.000000,Canada,Québec,CA-QC,14.88,44.75,96.37,93.15,hydroquebec.com,false,""
2025-03-07T23:00:00.000000,Canada,Québec,CA-QC,9.16,37.61,97.77,95.39,hydroquebec.com,false,""
2025-03-08T00:00:00.000000,Canada,Québec,CA-QC,10.14,38.71,97.55,95.07,hydroquebec.com,false,""
2025-03-08T01:00:00.000000,Canada,Québec,CA-QC,11.07,39.79,97.36,94.68,hydroquebec.com,false,""
2025-03-08T02:00:00.000000,Canada,Québec,CA-QC,13.97,43.43,96.64,93.46,hydroquebec.com,false,""
2025-03-08T03:00:00.000000,Canada,Québec,CA-QC,17.01,47.26,95.87,92.17,hydroquebec.com,false,""
2025-03-08T04:00:00.000000,Canada,Québec,CA-QC,18.22,48.65,95.66,91.6,hydroquebec.com,false,""
2025-03-08T05:00:00.000000,Canada,Québec,CA-QC,17.29,47.35,95.95,91.44,hydroquebec.com,false,""
2025-03-08T06:00:00.000000,Canada,Québec,CA-QC,16.85,46.84,96.04,91.35,hydroquebec.com,false,""
2025-03-08T07:00:00.000000,Canada,Québec,CA-QC,16.86,46.88,96.03,91.36,hydroquebec.com,false,""
2025-03-08T08:00:00.000000,Canada,Québec,CA-QC,16.15,45.98,96.18,91.58,hydroquebec.com,false,""
2025-03-08T09:00:00.000000,Canada,Québec,CA-QC,17.11,47.2,95.92,91.34,hydroquebec.com,false,""
2025-03-08T10:00:00.000000,Canada,Québec,CA-QC,16.47,46.35,96.08,91.77,hydroquebec.com,false,""
2025-03-08T11:00:00.000000,Canada,Québec,CA-QC,15.53,45.13,96.29,92.26,hydroquebec.com,false,""
2025-03-08T12:00:00.000000,Canada,Québec,CA-QC,15.18,44.72,96.36,92.54,hydroquebec.com,false,""
2025-03-08T13:00:00.000000,Canada,Québec,CA-QC,15.22,44.78,96.37,92.39,hydroquebec.com,false,""
2025-03-08T14:00:00.000000,Canada,Québec,CA-QC,14.3,43.64,96.62,92.59,hydroquebec.com,false,""
2025-03-08T15:00:00.000000,Canada,Québec,CA-QC,15.57,45.27,96.28,91.95,hydroquebec.com,false,""
2025-03-08T16:00:00.000000,Canada,Québec,CA-QC,15.44,45.08,96.33,91.79,hydroquebec.com,false,""
2025-03-08T17:00:00.000000,Canada,Québec,CA-QC,14.86,44.34,96.49,91.78,hydroquebec.com,false,""
2025-03-08T18:00:00.000000,Canada,Québec,CA-QC,15.02,44.54,96.48,91.66,hydroquebec.com,false,""
2025-03-08T19:00:00.000000,Canada,Québec,CA-QC,15.86,45.62,96.25,91.39,hydroquebec.com,false,""
2025-03-08T20:00:00.000000,Canada,Québec,CA-QC,17.18,47.3,95.88,91.18,hydroquebec.com,false,""
2025-03-08T21:00:00.000000,Canada,Québec,CA-QC,17.64,47.82,95.75,91.52,hydroquebec.com,false,""
2025-03-08T22:00:00.000000,Canada,Québec,CA-QC,17.25,47.2,95.86,92.17,hydroquebec.com,false,""
2025-03-08T23:00:00.000000,Canada,Québec,CA-QC,16.58,46.51,95.94,92.64,hydroquebec.com,false,""
2025-03-09T00:00:00.000000,Canada,Québec,CA-QC,15.94,45.71,96.11,92.87,hydroquebec.com,false,""
2025-03-09T01:00:00.000000,Canada,Québec,CA-QC,15.06,44.63,96.33,93.03,hydroquebec.com,false,""
2025-03-09T02:00:00.000000,Canada,Québec,CA-QC,14.97,44.43,96.4,92.96,Electricity Maps Estimation,true,ESTIMATED_TIME_SLICER_AVERAGE
2025-03-09T03:00:00.000000,Canada,Québec,CA-QC,16.61,46.52,96.0,92.16,Electricity Maps Estimation,true,ESTIMATED_TIME_SLICER_AVERAGE
2025-03-09T04:00:00.000000,Canada,Québec,CA-QC,16.64,46.55,96.01,91.99,Electricity Maps Estimation; hydroquebec.com,false,""
2025-03-09T05:00:00.000000,Canada,Québec,CA-QC,16.66,46.57,96.03,91.73,hydroquebec.com,false,""
2025-03-09T06:00:00.000000,Canada,Québec,CA-QC,15.92,45.7,96.22,91.92,hydroquebec.com,false,""
2025-03-09T07:00:00.000000,Canada,Québec,CA-QC,15.06,44.65,96.4,92.03,hydroquebec.com,false,""
2025-03-09T08:00:00.000000,Canada,Québec,CA-QC,14.75,44.22,96.48,92.13,hydroquebec.com,false,""
2025-03-09T09:00:00.000000,Canada,Québec,CA-QC,14.94,44.44,96.45,92.19,hydroquebec.com,false,""
2025-03-09T10:00:00.000000,Canada,Québec,CA-QC,13.49,42.68,96.8,92.95,hydroquebec.com,false,""
2025-03-09T11:00:00.000000,Canada,Québec,CA-QC,12.45,41.46,97.06,93.67,hydroquebec.com,false,""
2025-03-09T12:00:00.000000,Canada,Québec,CA-QC,11.7,40.78,97.28,94.64,hydroquebec.com,false,""
2025-03-09T13:00:00.000000,Canada,Québec,CA-QC,11.85,40.89,97.25,93.55,hydroquebec.com,false,""
2025-03-09T14:00:00.000000,Canada,Québec,CA-QC,11.8,41.12,97.24,93.5,hydroquebec.com,false,""
2025-03-09T15:00:00.000000,Canada,Québec,CA-QC,11.84,41.28,97.23,93.24,hydroquebec.com,false,""
2025-03-09T16:00:00.000000,Canada,Québec,CA-QC,12.13,41.71,97.18,92.98,hydroquebec.com,false,""
2025-03-09T17:00:00.000000,Canada,Québec,CA-QC,12.13,41.77,97.2,92.81,hydroquebec.com,false,""
2025-03-09T18:00:00.000000,Canada,Québec,CA-QC,11.61,41.07,97.35,92.86,hydroquebec.com,false,""
2025-03-09T19:00:00.000000,Canada,Québec,CA-QC,11.68,41.15,97.32,92.9,hydroquebec.com,false,""
2025-03-09T20:00:00.000000,Canada,Québec,CA-QC,13.44,43.18,96.97,92.61,hydroquebec.com,false,""
2025-03-09T21:00:00.000000,Canada,Québec,CA-QC,11.23,40.57,97.41,93.7,hydroquebec.com,false,""
2025-03-09T22:00:00.000000,Canada,Québec,CA-QC,9.59,38.52,97.79,94.68,hydroquebec.com,false,""
2025-03-09T23:00:00.000000,Canada,Québec,CA-QC,9.18,38.0,97.89,95.22,hydroquebec.com,false,""
2025-03-10T00:00:00.000000,Canada,Québec,CA-QC,9.02,37.77,97.92,95.3,hydroquebec.com,false,""
2025-03-10T01:00:00.000000,Canada,Québec,CA-QC,9.5,38.28,97.82,94.77,hydroquebec.com,false,""
2025-03-10T02:00:00.000000,Canada,Québec,CA-QC,9.91,38.87,97.75,94.49,hydroquebec.com,false,""
2025-03-10T03:00:00.000000,Canada,Québec,CA-QC,9.8,38.75,97.8,94.3,hydroquebec.com,false,""
2025-03-10T04:00:00.000000,Canada,Québec,CA-QC,9.12,37.94,98.0,94.23,hydroquebec.com,false,""
2025-03-10T05:00:00.000000,Canada,Québec,CA-QC,9.15,38.13,97.99,94.06,hydroquebec.com,false,""
2025-03-10T06:00:00.000000,Canada,Québec,CA-QC,9.25,38.39,97.96,93.99,hydroquebec.com,false,""
2025-03-10T07:00:00.000000,Canada,Québec,CA-QC,9.53,38.8,97.86,94.0,hydroquebec.com,false,""
2025-03-10T08:00:00.000000,Canada,Québec,CA-QC,10.65,40.28,97.55,93.81,hydroquebec.com,false,""
2025-03-10T09:00:00.000000,Canada,Québec,CA-QC,11.62,41.64,97.27,93.82,hydroquebec.com,false,""
2025-03-10T10:00:00.000000,Canada,Québec,CA-QC,11.17,41.12,97.33,94.46,hydroquebec.com,false,""
2025-03-10T11:00:00.000000,Canada,Québec,CA-QC,10.06,39.69,97.53,95.04,hydroquebec.com,false,""
2025-03-10T12:00:00.000000,Canada,Québec,CA-QC,11.45,41.26,97.24,94.67,hydroquebec.com,false,""
2025-03-10T13:00:00.000000,Canada,Québec,CA-QC,11.15,40.9,97.38,94.6,hydroquebec.com,false,""
2025-03-10T14:00:00.000000,Canada,Québec,CA-QC,11.49,41.42,97.32,94.22,hydroquebec.com,false,""
2025-03-10T15:00:00.000000,Canada,Québec,CA-QC,11.53,41.51,97.33,94.0,hydroquebec.com,false,""
2025-03-10T16:00:00.000000,Canada,Québec,CA-QC,11.46,41.51,97.38,93.84,hydroquebec.com,false,""
2025-03-10T17:00:00.000000,Canada,Québec,CA-QC,11.15,41.26,97.46,93.8,hydroquebec.com,false,""
2025-03-10T18:00:00.000000,Canada,Québec,CA-QC,10.79,40.83,97.58,93.74,hydroquebec.com,false,""
2025-03-10T19:00:00.000000,Canada,Québec,CA-QC,10.78,40.84,97.57,93.7,hydroquebec.com,false,""
2025-03-10T20:00:00.000000,Canada,Québec,CA-QC,10.53,40.45,97.62,93.98,hydroquebec.com,false,""
2025-03-10T21:00:00.000000,Canada,Québec,CA-QC,9.91,39.62,97.75,94.45,hydroquebec.com,false,""
2025-03-10T22:00:00.000000,Canada,Québec,CA-QC,9.62,39.28,97.78,94.76,hydroquebec.com,false,""
2025-03-10T23:00:00.000000,Canada,Québec,CA-QC,9.07,38.66,97.92,95.52,hydroquebec.com,false,""
2025-03-11T00:00:00.000000,Canada,Québec,CA-QC,9.16,38.68,97.91,95.62,hydroquebec.com,false,""
2025-03-11T01:00:00.000000,Canada,Québec,CA-QC,9.74,39.25,97.76,94.76,hydroquebec.com,false,""
2025-03-11T02:00:00.000000,Canada,Québec,CA-QC,9.65,39.18,97.81,94.49,hydroquebec.com,false,""
2025-03-11T03:00:00.000000,Canada,Québec,CA-QC,9.23,38.75,97.91,94.35,hydroquebec.com,false,""
2025-03-11T04:00:00.000000,Canada,Québec,CA-QC,8.96,38.5,97.99,94.06,hydroquebec.com,false,""
2025-03-11T05:00:00.000000,Canada,Québec,CA-QC,8.69,38.23,98.05,93.97,hydroquebec.com,false,""
2025-03-11T06:00:00.000000,Canada,Québec,CA-QC,8.61,38.12,98.07,93.94,hydroquebec.com,false,""
2025-03-11T07:00:00.000000,Canada,Québec,CA-QC,8.57,38.02,98.07,93.96,hydroquebec.com,false,""
2025-03-11T08:00:00.000000,Canada,Québec,CA-QC,8.75,38.13,98.01,93.99,hydroquebec.com,false,""
2025-03-11T09:00:00.000000,Canada,Québec,CA-QC,8.66,37.77,98.03,94.26,hydroquebec.com,false,""
2025-03-11T10:00:00.000000,Canada,Québec,CA-QC,8.09,36.76,98.14,94.92,hydroquebec.com,false,""
2025-03-11T11:00:00.000000,Canada,Québec,CA-QC,7.59,35.95,98.25,95.54,hydroquebec.com,false,""
2025-03-11T12:00:00.000000,Canada,Québec,CA-QC,8.18,36.49,98.13,95.26,hydroquebec.com,false,""
2025-03-11T13:00:00.000000,Canada,Québec,CA-QC,8.55,37.02,98.07,94.92,hydroquebec.com,false,""
2025-03-11T14:00:00.000000,Canada,Québec,CA-QC,8.7,37.3,98.06,94.54,hydroquebec.com,false,""
2025-03-11T15:00:00.000000,Canada,Québec,CA-QC,9.3,38.06,97.92,93.85,hydroquebec.com,false,""
2025-03-11T16:00:00.000000,Canada,Québec,CA-QC,9.23,37.88,97.96,93.75,hydroquebec.com,false,""
2025-03-11T17:00:00.000000,Canada,Québec,CA-QC,9.15,37.83,97.96,93.63,hydroquebec.com,false,""
2025-03-11T18:00:00.000000,Canada,Québec,CA-QC,9.59,38.42,97.84,93.39,hydroquebec.com,false,""
2025-03-11T19:00:00.000000,Canada,Québec,CA-QC,10.21,39.2,97.67,93.31,hydroquebec.com,false,""
2025-03-11T20:00:00.000000,Canada,Québec,CA-QC,10.9,40.01,97.47,93.39,hydroquebec.com,false,""
2025-03-11T21:00:00.000000,Canada,Québec,CA-QC,11.36,40.56,97.33,93.61,hydroquebec.com,false,""
2025-03-11T22:00:00.000000,Canada,Québec,CA-QC,11.01,40.15,97.4,94.11,hydroquebec.com,false,""
2025-03-11T23:00:00.000000,Canada,Québec,CA-QC,11.82,41.3,97.17,94.06,hydroquebec.com,false,""
2025-03-12T00:00:00.000000,Canada,Québec,CA-QC,12.72,42.5,96.95,93.84,hydroquebec.com,false,""
2025-03-12T01:00:00.000000,Canada,Québec,CA-QC,12.57,42.35,97.01,93.71,hydroquebec.com,false,""
2025-03-12T02:00:00.000000,Canada,Québec,CA-QC,13.07,42.95,96.92,93.23,hydroquebec.com,false,""
2025-03-12T03:00:00.000000,Canada,Québec,CA-QC,13.28,43.19,96.88,92.88,hydroquebec.com,false,""
2025-03-12T04:00:00.000000,Canada,Québec,CA-QC,13.58,43.55,96.81,92.5,hydroquebec.com,false,""
2025-03-12T05:00:00.000000,Canada,Québec,CA-QC,13.43,43.41,96.86,92.46,hydroquebec.com,false,""
2025-03-12T06:00:00.000000,Canada,Québec,CA-QC,13.22,43.16,96.91,92.48,hydroquebec.com,false,""
2025-03-12T07:00:00.000000,Canada,Québec,CA-QC,13.18,43.09,96.91,92.56,hydroquebec.com,false,""
2025-03-12T08:00:00.000000,Canada,Québec,CA-QC,13.31,43.2,96.86,92.69,hydroquebec.com,false,""
2025-03-12T09:00:00.000000,Canada,Québec,CA-QC,13.09,42.82,96.89,93.15,hydroquebec.com,false,""
2025-03-12T10:00:00.000000,Canada,Québec,CA-QC,11.52,40.82,97.26,94.52,hydroquebec.com,false,""
2025-03-12T11:00:00.000000,Canada,Québec,CA-QC,9.93,38.84,97.65,95.67,hydroquebec.com,false,""
2025-03-12T12:00:00.000000,Canada,Québec,CA-QC,11.49,40.72,97.25,94.6,hydroquebec.com,false,""
2025-03-12T13:00:00.000000,Canada,Québec,CA-QC,11.52,40.99,97.28,94.33,hydroquebec.com,false,""
2025-03-12T14:00:00.000000,Canada,Québec,CA-QC,12.71,42.72,97.0,93.83,hydroquebec.com,false,""
2025-03-12T15:00:00.000000,Canada,Québec,CA-QC,13.98,44.56,96.67,93.36,hydroquebec.com,false,""
2025-03-12T16:00:00.000000,Canada,Québec,CA-QC,13.57,44.09,96.77,93.16,hydroquebec.com,false,""
2025-03-12T17:00:00.000000,Canada,Québec,CA-QC,12.53,42.83,97.04,93.28,hydroquebec.com,false,""
2025-03-12T18:00:00.000000,Canada,Québec,CA-QC,8.93,38.63,97.81,94.52,hydroquebec.com,false,""
2025-03-12T19:00:00.000000,Canada,Québec,CA-QC,10.2,40.04,97.55,94.21,hydroquebec.com,false,""
2025-03-12T20:00:00.000000,Canada,Québec,CA-QC,11.73,41.72,97.24,93.92,hydroquebec.com,false,""
2025-03-12T21:00:00.000000,Canada,Québec,CA-QC,10.96,40.74,97.42,94.78,hydroquebec.com,false,""
2025-03-12T22:00:00.000000,Canada,Québec,CA-QC,10.11,39.73,97.63,95.74,hydroquebec.com,false,""
2025-03-12T23:00:00.000000,Canada,Québec,CA-QC,9.84,39.29,97.68,95.91,hydroquebec.com,false,""
2025-03-13T00:00:00.000000,Canada,Québec,CA-QC,10.43,39.88,97.52,95.45,hydroquebec.com,false,""
2025-03-13T01:00:00.000000,Canada,Québec,CA-QC,11.32,40.94,97.28,94.6,hydroquebec.com,false,""
2025-03-13T02:00:00.000000,Canada,Québec,CA-QC,11.39,41.11,97.27,94.35,hydroquebec.com,false,""
2025-03-13T03:00:00.000000,Canada,Québec,CA-QC,12.05,42.04,97.12,93.81,hydroquebec.com,false,""
2025-03-13T04:00:00.000000,Canada,Québec,CA-QC,12.66,42.99,96.97,93.37,hydroquebec.com,false,""
2025-03-13T05:00:00.000000,Canada,Québec,CA-QC,12.33,42.65,97.07,93.33,hydroquebec.com,false,""
2025-03-13T06:00:00.000000,Canada,Québec,CA-QC,12.09,42.38,97.12,93.45,hydroquebec.com,false,""
2025-03-13T07:00:00.000000,Canada,Québec,CA-QC,12.19,42.55,97.09,93.44,hydroquebec.com,false,""
2025-03-13T08:00:00.000000,Canada,Québec,CA-QC,12.26,42.67,97.06,93.55,hydroquebec.com,false,""
2025-03-13T09:00:00.000000,Canada,Québec,CA-QC,11.63,41.88,97.22,94.22,hydroquebec.com,false,""
2025-03-13T10:00:00.000000,Canada,Québec,CA-QC,9.72,39.46,97.69,95.75,hydroquebec.com,false,""
2025-03-13T11:00:00.000000,Canada,Québec,CA-QC,7.28,36.3,98.31,97.43,hydroquebec.com,false,""
2025-03-13T12:00:00.000000,Canada,Québec,CA-QC,9.46,38.76,97.74,95.88,hydroquebec.com,false,""
2025-03-13T13:00:00.000000,Canada,Québec,CA-QC,10.98,40.76,97.38,94.76,hydroquebec.com,false,""
2025-03-13T14:00:00.000000,Canada,Québec,CA-QC,11.6,41.77,97.24,94.28,hydroquebec.com,false,""
2025-03-13T15:00:00.000000,Canada,Québec,CA-QC,11.84,42.17,97.23,93.96,hydroquebec.com,false,""
2025-03-13T16:00:00.000000,Canada,Québec,CA-QC,11.81,42.27,97.22,93.72,hydroquebec.com,false,""
2025-03-13T17:00:00.000000,Canada,Québec,CA-QC,12.17,42.76,97.14,93.47,hydroquebec.com,false,""
2025-03-13T18:00:00.000000,Canada,Québec,CA-QC,12.57,43.27,97.06,93.23,hydroquebec.com,false,""
2025-03-13T19:00:00.000000,Canada,Québec,CA-QC,12.83,43.61,97.01,93.08,hydroquebec.com,false,""
2025-03-13T20:00:00.000000,Canada,Québec,CA-QC,13.5,44.42,96.83,92.94,hydroquebec.com,false,""
2025-03-13T21:00:00.000000,Canada,Québec,CA-QC,13.62,44.45,96.76,93.24,hydroquebec.com,false,""
2025-03-13T22:00:00.000000,Canada,Québec,CA-QC,11.78,41.99,97.21,94.7,hydroquebec.com,false,""
2025-03-13T23:00:00.000000,Canada,Québec,CA-QC,9.06,38.47,97.93,96.89,hydroquebec.com,false,""
2025-03-14T00:00:00.000000,Canada,Québec,CA-QC,9.59,38.75,97.78,96.38,hydroquebec.com,false,""
2025-03-14T01:00:00.000000,Canada,Québec,CA-QC,12.31,41.78,97.05,94.25,hydroquebec.com,false,""
2025-03-14T02:00:00.000000,Canada,Québec,CA-QC,13.04,42.67,96.89,93.61,hydroquebec.com,false,""
2025-03-14T03:00:00.000000,Canada,Québec,CA-QC,12.79,42.39,96.98,93.33,hydroquebec.com,false,""
2025-03-14T04:00:00.000000,Canada,Québec,CA-QC,13.18,42.97,96.87,92.78,hydroquebec.com,false,""
2025-03-14T05:00:00.000000,Canada,Québec,CA-QC,12.37,41.96,97.09,92.8,hydroquebec.com,false,""
2025-03-14T06:00:00.000000,Canada,Québec,CA-QC,12.11,41.64,97.16,92.83,hydroquebec.com,false,""
2025-03-14T07:00:00.000000,Canada,Québec,CA-QC,12.1,41.63,97.16,92.9,hydroquebec.com,false,""
2025-03-14T08:00:00.000000,Canada,Québec,CA-QC,11.8,41.22,97.24,93.17,hydroquebec.com,false,""
2025-03-14T09:00:00.000000,Canada,Québec,CA-QC,11.14,40.32,97.39,93.69,hydroquebec.com,false,""
2025-03-14T10:00:00.000000,Canada,Québec,CA-QC,10.91,40.09,97.41,94.28,hydroquebec.com,false,""
2025-03-14T11:00:00.000000,Canada,Québec,CA-QC,9.64,38.59,97.71,95.35,hydroquebec.com,false,""
2025-03-14T12:00:00.000000,Canada,Québec,CA-QC,10.33,39.42,97.55,94.74,hydroquebec.com,false,""
2025-03-14T13:00:00.000000,Canada,Québec,CA-QC,10.81,40.32,97.48,94.27,hydroquebec.com,false,""
2025-03-14T14:00:00.000000,Canada,Québec,CA-QC,10.46,40.14,97.61,94.09,hydroquebec.com,false,""
2025-03-14T15:00:00.000000,Canada,Québec,CA-QC,11.44,41.6,97.39,93.37,hydroquebec.com,false,""
2025-03-14T16:00:00.000000,Canada,Québec,CA-QC,11.6,41.96,97.36,93.02,hydroquebec.com,false,""
2025-03-14T17:00:00.000000,Canada,Québec,CA-QC,11.99,42.47,97.27,92.7,hydroquebec.com,false,""
2025-03-14T18:00:00.000000,Canada,Québec,CA-QC,12.13,42.51,97.25,92.4,hydroquebec.com,false,""
2025-03-14T19:00:00.000000,Canada,Québec,CA-QC,12.21,42.61,97.22,92.31,hydroquebec.com,false,""
2025-03-14T20:00:00.000000,Canada,Québec,CA-QC,12.51,42.97,97.15,92.37,hydroquebec.com,false,""
2025-03-14T21:00:00.000000,Canada,Québec,CA-QC,11.14,41.34,97.48,93.72,hydroquebec.com,false,""
2025-03-14T22:00:00.000000,Canada,Québec,CA-QC,10.34,40.59,97.65,95.14,hydroquebec.com,false,""
2025-03-14T23:00:00.000000,Canada,Québec,CA-QC,9.3,39.56,97.89,96.63,hydroquebec.com,false,""
2025-03-15T00:00:00.000000,Canada,Québec,CA-QC,9.21,39.17,97.89,95.55,hydroquebec.com,false,""
2025-03-15T01:00:00.000000,Canada,Québec,CA-QC,10.41,40.53,97.59,93.98,hydroquebec.com,false,""
2025-03-15T02:00:00.000000,Canada,Québec,CA-QC,9.56,39.5,97.84,93.63,hydroquebec.com,false,""
2025-03-15T03:00:00.000000,Canada,Québec,CA-QC,9.53,39.56,97.86,93.27,hydroquebec.com,false,""
2025-03-15T04:00:00.000000,Canada,Québec,CA-QC,9.39,39.38,97.9,93.05,hydroquebec.com,false,""
2025-03-15T05:00:00.000000,Canada,Québec,CA-QC,9.11,39.0,97.97,93.01,hydroquebec.com,false,""
2025-03-15T06:00:00.000000,Canada,Québec,CA-QC,8.55,38.26,98.1,93.1,hydroquebec.com,false,""
2025-03-15T07:00:00.000000,Canada,Québec,CA-QC,8.42,38.06,98.13,93.1,hydroquebec.com,false,""
2025-03-15T08:00:00.000000,Canada,Québec,CA-QC,8.31,37.89,98.14,93.22,hydroquebec.com,false,""
2025-03-15T09:00:00.000000,Canada,Québec,CA-QC,8.63,38.15,98.06,93.29,hydroquebec.com,false,""
2025-03-15T10:00:00.000000,Canada,Québec,CA-QC,8.54,37.8,98.09,93.58,hydroquebec.com,false,""
2025-03-15T11:00:00.000000,Canada,Québec,CA-QC,7.69,36.48,98.28,94.18,hydroquebec.com,false,""
2025-03-15T12:00:00.000000,Canada,Québec,CA-QC,7.64,36.29,98.3,94.37,hydroquebec.com,false,""
2025-03-15T13:00:00.000000,Canada,Québec,CA-QC,7.87,36.78,98.24,94.58,hydroquebec.com,false,""
2025-03-15T14:00:00.000000,Canada,Québec,CA-QC,8.92,38.18,97.98,93.84,hydroquebec.com,false,""
2025-03-15T15:00:00.000000,Canada,Québec,CA-QC,9.25,38.79,97.9,93.83,hydroquebec.com,false,""
2025-03-15T16:00:00.000000,Canada,Québec,CA-QC,9.29,38.83,97.9,93.44,hydroquebec.com,false,""
2025-03-15T17:00:00.000000,Canada,Québec,CA-QC,8.89,38.38,98.01,93.26,hydroquebec.com,false,""
2025-03-15T18:00:00.000000,Canada,Québec,CA-QC,9.23,38.9,97.93,92.95,hydroquebec.com,false,""
2025-03-15T19:00:00.000000,Canada,Québec,CA-QC,9.76,39.59,97.81,92.8,hydroquebec.com,false,""
2025-03-15T20:00:00.000000,Canada,Québec,CA-QC,10.83,41.01,97.53,92.93,hydroquebec.com,false,""
2025-03-15T21:00:00.000000,Canada,Québec,CA-QC,10.26,40.16,97.66,93.8,hydroquebec.com,false,""
2025-03-15T22:00:00.000000,Canada,Québec,CA-QC,9.86,39.42,97.75,94.35,hydroquebec.com,false,""
2025-03-15T23:00:00.000000,Canada,Québec,CA-QC,9.03,38.42,97.93,95.42,hydroquebec.com,false,""
2025-03-16T00:00:00.000000,Canada,Québec,CA-QC,10.66,39.88,97.58,93.95,hydroquebec.com,false,""
2025-03-16T01:00:00.000000,Canada,Québec,CA-QC,9.63,38.68,97.78,93.58,hydroquebec.com,false,""
2025-03-16T02:00:00.000000,Canada,Québec,CA-QC,9.96,39.24,97.73,93.14,hydroquebec.com,false,""
2025-03-16T03:00:00.000000,Canada,Québec,CA-QC,10.24,39.66,97.68,92.64,hydroquebec.com,false,""
2025-03-16T04:00:00.000000,Canada,Québec,CA-QC,9.68,39.11,97.83,92.55,hydroquebec.com,false,""
2025-03-16T05:00:00.000000,Canada,Québec,CA-QC,9.38,38.95,97.9,92.34,hydroquebec.com,false,""
2025-03-16T06:00:00.000000,Canada,Québec,CA-QC,9.15,38.73,97.95,92.26,hydroquebec.com,false,""
2025-03-16T07:00:00.000000,Canada,Québec,CA-QC,9.11,38.68,97.96,92.22,hydroquebec.com,false,""
2025-03-16T08:00:00.000000,Canada,Québec,CA-QC,8.98,38.54,98.0,92.22,hydroquebec.com,false,""
2025-03-16T09:00:00.000000,Canada,Québec,CA-QC,8.96,38.42,97.99,92.33,hydroquebec.com,false,""
2025-03-16T10:00:00.000000,Canada,Québec,CA-QC,8.19,37.38,98.18,93.04,hydroquebec.com,false,""
2025-03-16T11:00:00.000000,Canada,Québec,CA-QC,8.66,38.13,98.04,93.62,hydroquebec.com,false,""
2025-03-16T12:00:00.000000,Canada,Québec,CA-QC,7.98,37.19,98.19,93.99,hydroquebec.com,false,""
2025-03-16T13:00:00.000000,Canada,Québec,CA-QC,8.83,38.05,97.99,93.6,hydroquebec.com,false,""
2025-03-16T14:00:00.000000,Canada,Québec,CA-QC,8.85,38.16,97.98,94.15,hydroquebec.com,false,""
2025-03-16T15:00:00.000000,Canada,Québec,CA-QC,8.45,37.75,98.07,94.62,hydroquebec.com,false,""
2025-03-16T16:00:00.000000,Canada,Québec,CA-QC,8.8,38.19,98.01,94.43,hydroquebec.com,false,""
2025-03-16T17:00:00.000000,Canada,Québec,CA-QC,8.93,38.25,97.97,93.76,hydroquebec.com,false,""
2025-03-16T18:00:00.000000,Canada,Québec,CA-QC,9.51,39.0,97.84,93.46,hydroquebec.com,false,""
2025-03-16T19:00:00.000000,Canada,Québec,CA-QC,9.98,39.65,97.72,93.64,hydroquebec.com,false,""
2025-03-16T20:00:00.000000,Canada,Québec,CA-QC,10.68,40.32,97.53,93.4,hydroquebec.com,false,""
2025-03-16T21:00:00.000000,Canada,Québec,CA-QC,10.38,39.61,97.6,93.71,hydroquebec.com,false,""
2025-03-16T22:00:00.000000,Canada,Québec,CA-QC,10.3,39.33,97.62,94.07,hydroquebec.com,false,""
2025-03-16T23:00:00.000000,Canada,Québec,CA-QC,10.01,39.08,97.72,95.18,hydroquebec.com,false,""
2025-03-17T00:00:00.000000,Canada,Québec,CA-QC,10.42,39.41,97.61,94.69,hydroquebec.com,false,""
2025-03-17T01:00:00.000000,Canada,Québec,CA-QC,11.16,40.2,97.44,93.76,hydroquebec.com,false,""
2025-03-17T02:00:00.000000,Canada,Québec,CA-QC,12.2,41.54,97.21,92.76,hydroquebec.com,false,""
2025-03-17T03:00:00.000000,Canada,Québec,CA-QC,12.42,41.94,97.18,92.24,hydroquebec.com,false,""
2025-03-17T04:00:00.000000,Canada,Québec,CA-QC,12.79,42.52,97.09,91.74,hydroquebec.com,false,""
2025-03-17T05:00:00.000000,Canada,Québec,CA-QC,12.74,42.54,97.09,91.58,hydroquebec.com,false,""
2025-03-17T06:00:00.000000,Canada,Québec,CA-QC,13.09,43.03,96.99,91.45,hydroquebec.com,false,""
2025-03-17T07:00:00.000000,Canada,Québec,CA-QC,14.04,44.29,96.74,91.25,hydroquebec.com,false,""
2025-03-17T08:00:00.000000,Canada,Québec,CA-QC,15.28,45.91,96.42,91.0,hydroquebec.com,false,""
2025-03-17T09:00:00.000000,Canada,Québec,CA-QC,15.17,45.86,96.41,91.51,hydroquebec.com,false,""
2025-03-17T10:00:00.000000,Canada,Québec,CA-QC,14.09,44.59,96.65,92.63,hydroquebec.com,false,""
2025-03-17T11:00:00.000000,Canada,Québec,CA-QC,12.68,43.0,97.01,94.47,hydroquebec.com,false,""
2025-03-17T12:00:00.000000,Canada,Québec,CA-QC,11.94,42.09,97.19,95.15,hydroquebec.com,false,""
2025-03-17T13:00:00.000000,Canada,Québec,CA-QC,12.76,42.98,96.99,94.41,hydroquebec.com,false,""
2025-03-17T14:00:00.000000,Canada,Québec,CA-QC,11.87,42.05,97.25,94.9,hydroquebec.com,false,""
2025-03-17T15:00:00.000000,Canada,Québec,CA-QC,11.97,42.25,97.24,94.64,hydroquebec.com,false,""
2025-03-17T16:00:00.000000,Canada,Québec,CA-QC,12.3,42.77,97.15,94.17,hydroquebec.com,false,""
2025-03-17T17:00:00.000000,Canada,Québec,CA-QC,12.83,43.54,97.0,93.54,hydroquebec.com,false,""
2025-03-17T18:00:00.000000,Canada,Québec,CA-QC,12.91,43.65,96.98,93.24,hydroquebec.com,false,""
2025-03-17T19:00:00.000000,Canada,Québec,CA-QC,13.2,43.97,96.89,93.08,hydroquebec.com,false,""
2025-03-17T20:00:00.000000,Canada,Québec,CA-QC,12.52,43.06,97.06,93.46,hydroquebec.com,false,""
2025-03-17T21:00:00.000000,Canada,Québec,CA-QC,12.1,42.5,97.17,93.96,hydroquebec.com,false,""
2025-03-17T22:00:00.000000,Canada,Québec,CA-QC,11.84,42.18,97.22,94.49,hydroquebec.com,false,""
2025-03-17T23:00:00.000000,Canada,Québec,CA-QC,11.25,41.42,97.35,95.21,hydroquebec.com,false,""
2025-03-18T00:00:00.000000,Canada,Québec,CA-QC,11.79,41.87,97.22,94.87,hydroquebec.com,false,""
2025-03-18T01:00:00.000000,Canada,Québec,CA-QC,12.26,42.32,97.1,94.16,hydroquebec.com,false,""
2025-03-18T02:00:00.000000,Canada,Québec,CA-QC,12.68,42.84,97.02,93.56,hydroquebec.com,false,""
2025-03-18T03:00:00.000000,Canada,Québec,CA-QC,12.23,42.34,97.2,93.42,hydroquebec.com,false,""
2025-03-18T04:00:00.000000,Canada,Québec,CA-QC,12.67,42.97,97.09,92.89,hydroquebec.com,false,""
2025-03-18T05:00:00.000000,Canada,Québec,CA-QC,11.91,41.98,97.3,93.04,hydroquebec.com,false,""
2025-03-18T06:00:00.000000,Canada,Québec,CA-QC,11.41,41.2,97.43,93.06,hydroquebec.com,false,""
2025-03-18T07:00:00.000000,Canada,Québec,CA-QC,11.11,40.78,97.47,93.23,hydroquebec.com,false,""
2025-03-18T08:00:00.000000,Canada,Québec,CA-QC,11.25,40.88,97.42,93.32,hydroquebec.com,false,""
2025-03-18T09:00:00.000000,Canada,Québec,CA-QC,10.33,39.7,97.65,94.13,hydroquebec.com,false,""
2025-03-18T10:00:00.000000,Canada,Québec,CA-QC,9.78,39.06,97.74,94.99,hydroquebec.com,false,""
2025-03-18T11:00:00.000000,Canada,Québec,CA-QC,7.05,35.92,98.37,96.81,hydroquebec.com,false,""
2025-03-18T12:00:00.000000,Canada,Québec,CA-QC,8.84,38.07,98.0,96.15,hydroquebec.com,false,""
2025-03-18T13:00:00.000000,Canada,Québec,CA-QC,10.81,40.44,97.59,94.44,hydroquebec.com,false,""
2025-03-18T14:00:00.000000,Canada,Québec,CA-QC,11.31,41.43,97.44,93.86,hydroquebec.com,false,""
2025-03-18T15:00:00.000000,Canada,Québec,CA-QC,11.32,41.64,97.43,93.54,hydroquebec.com,false,""
2025-03-18T16:00:00.000000,Canada,Québec,CA-QC,11.19,41.61,97.48,93.45,hydroquebec.com,false,""
2025-03-18T17:00:00.000000,Canada,Québec,CA-QC,11.22,41.76,97.48,93.29,hydroquebec.com,false,""
2025-03-18T18:00:00.000000,Canada,Québec,CA-QC,12.4,43.25,97.23,92.84,hydroquebec.com,false,""
2025-03-18T19:00:00.000000,Canada,Québec,CA-QC,12.19,43.14,97.24,92.84,hydroquebec.com,false,""
2025-03-18T20:00:00.000000,Canada,Québec,CA-QC,12.45,43.48,97.17,92.92,hydroquebec.com,false,""
2025-03-18T21:00:00.000000,Canada,Québec,CA-QC,13.0,44.12,96.98,93.08,hydroquebec.com,false,""
2025-03-18T22:00:00.000000,Canada,Québec,CA-QC,12.02,42.82,97.2,93.97,hydroquebec.com,false,""
2025-03-18T23:00:00.000000,Canada,Québec,CA-QC,11.01,41.56,97.45,94.92,hydroquebec.com,false,""
2025-03-19T00:00:00.000000,Canada,Québec,CA-QC,10.65,41.02,97.54,95.02,hydroquebec.com,false,""
2025-03-19T01:00:00.000000,Canada,Québec,CA-QC,10.95,41.19,97.47,94.24,hydroquebec.com,false,""
2025-03-19T02:00:00.000000,Canada,Québec,CA-QC,10.91,41.23,97.48,94.12,hydroquebec.com,false,""
2025-03-19T03:00:00.000000,Canada,Québec,CA-QC,11.2,41.61,97.46,93.58,hydroquebec.com,false,""
2025-03-19T04:00:00.000000,Canada,Québec,CA-QC,11.08,41.58,97.5,93.26,hydroquebec.com,false,""
2025-03-19T05:00:00.000000,Canada,Québec,CA-QC,10.37,40.71,97.69,93.26,hydroquebec.com,false,""
2025-03-19T06:00:00.000000,Canada,Québec,CA-QC,10.62,41.05,97.63,93.15,hydroquebec.com,false,""
2025-03-19T07:00:00.000000,Canada,Québec,CA-QC,10.67,41.11,97.6,93.21,hydroquebec.com,false,""
2025-03-19T08:00:00.000000,Canada,Québec,CA-QC,9.1,39.26,97.92,93.89,hydroquebec.com,false,""
2025-03-19T09:00:00.000000,Canada,Québec,CA-QC,2.16,30.99,99.44,96.52,hydroquebec.com,false,""
2025-03-19T10:00:00.000000,Canada,Québec,CA-QC,7.91,37.47,98.17,95.3,hydroquebec.com,false,""
2025-03-19T11:00:00.000000,Canada,Québec,CA-QC,6.66,35.9,98.46,96.34,hydroquebec.com,false,""
2025-03-19T12:00:00.000000,Canada,Québec,CA-QC,8.88,38.46,97.99,95.58,hydroquebec.com,false,""
2025-03-19T13:00:00.000000,Canada,Québec,CA-QC,9.78,39.59,97.8,94.69,hydroquebec.com,false,""
2025-03-19T14:00:00.000000,Canada,Québec,CA-QC,10.82,41.06,97.55,93.91,hydroquebec.com,false,""
2025-03-19T15:00:00.000000,Canada,Québec,CA-QC,10.78,41.09,97.58,93.66,hydroquebec.com,false,""
2025-03-19T16:00:00.000000,Canada,Québec,CA-QC,10.92,41.45,97.56,93.43,hydroquebec.com,false,""
2025-03-19T17:00:00.000000,Canada,Québec,CA-QC,9.56,39.84,97.92,93.84,hydroquebec.com,false,""
2025-03-19T18:00:00.000000,Canada,Québec,CA-QC,9.67,40.01,97.89,93.74,hydroquebec.com,false,""
2025-03-19T19:00:00.000000,Canada,Québec,CA-QC,10.19,40.72,97.74,93.63,hydroquebec.com,false,""
2025-03-19T20:00:00.000000,Canada,Québec,CA-QC,10.63,41.28,97.63,94.07,hydroquebec.com,false,""
2025-03-19T21:00:00.000000,Canada,Québec,CA-QC,10.31,40.79,97.69,95.18,hydroquebec.com,false,""
2025-03-19T22:00:00.000000,Canada,Québec,CA-QC,9.81,39.92,97.8,95.99,hydroquebec.com,false,""
2025-03-19T23:00:00.000000,Canada,Québec,CA-QC,9.22,39.02,97.93,96.9,hydroquebec.com,false,""
2025-03-20T00:00:00.000000,Canada,Québec,CA-QC,9.18,38.62,97.95,96.79,hydroquebec.com,false,""
2025-03-20T01:00:00.000000,Canada,Québec,CA-QC,9.94,39.06,97.76,94.96,hydroquebec.com,false,""
2025-03-20T02:00:00.000000,Canada,Québec,CA-QC,10.38,39.6,97.66,94.17,hydroquebec.com,false,""
2025-03-20T03:00:00.000000,Canada,Québec,CA-QC,9.92,38.96,97.81,93.6,hydroquebec.com,false,""
2025-03-20T04:00:00.000000,Canada,Québec,CA-QC,9.58,38.65,97.94,93.68,hydroquebec.com,false,""
2025-03-20T05:00:00.000000,Canada,Québec,CA-QC,9.58,38.59,97.94,93.3,hydroquebec.com,false,""
2025-03-20T06:00:00.000000,Canada,Québec,CA-QC,9.5,38.56,97.95,93.24,hydroquebec.com,false,""
2025-03-20T07:00:00.000000,Canada,Québec,CA-QC,9.22,38.3,98.01,93.3,hydroquebec.com,false,""
2025-03-20T08:00:00.000000,Canada,Québec,CA-QC,9.75,38.91,97.88,93.3,hydroquebec.com,false,""
2025-03-20T09:00:00.000000,Canada,Québec,CA-QC,10.17,39.34,97.76,93.47,hydroquebec.com,false,""
2025-03-20T10:00:00.000000,Canada,Québec,CA-QC,10.85,40.25,97.53,94.09,hydroquebec.com,false,""
2025-03-20T11:00:00.000000,Canada,Québec,CA-QC,9.83,38.9,97.74,94.8,hydroquebec.com,false,""
2025-03-20T12:00:00.000000,Canada,Québec,CA-QC,10.81,39.99,97.53,94.31,hydroquebec.com,false,""
2025-03-20T13:00:00.000000,Canada,Québec,CA-QC,11.25,40.67,97.46,94.05,hydroquebec.com,false,""
2025-03-20T14:00:00.000000,Canada,Québec,CA-QC,11.88,41.56,97.31,93.72,hydroquebec.com,false,""
2025-03-20T15:00:00.000000,Canada,Québec,CA-QC,12.15,41.84,97.25,93.56,hydroquebec.com,false,""
2025-03-20T16:00:00.000000,Canada,Québec,CA-QC,11.82,41.47,97.34,93.55,hydroquebec.com,false,""
2025-03-20T17:00:00.000000,Canada,Québec,CA-QC,11.37,40.95,97.47,93.58,hydroquebec.com,false,""
2025-03-20T18:00:00.000000,Canada,Québec,CA-QC,11.43,41.08,97.44,93.57,hydroquebec.com,false,""
2025-03-20T19:00:00.000000,Canada,Québec,CA-QC,11.7,41.44,97.42,93.63,hydroquebec.com,false,""
2025-03-20T20:00:00.000000,Canada,Québec,CA-QC,11.75,41.52,97.4,93.82,hydroquebec.com,false,""
2025-03-20T21:00:00.000000,Canada,Québec,CA-QC,11.58,41.27,97.39,93.8,hydroquebec.com,false,""
2025-03-20T22:00:00.000000,Canada,Québec,CA-QC,10.96,40.48,97.53,94.07,hydroquebec.com,false,""
2025-03-20T23:00:00.000000,Canada,Québec,CA-QC,10.27,40.03,97.68,95.86,hydroquebec.com,false,""
2025-03-21T00:00:00.000000,Canada,Québec,CA-QC,12.02,41.78,97.21,94.14,hydroquebec.com,false,""
2025-03-21T01:00:00.000000,Canada,Québec,CA-QC,11.43,41.23,97.41,94.49,hydroquebec.com,false,""
2025-03-21T02:00:00.000000,Canada,Québec,CA-QC,12.07,41.99,97.27,93.66,hydroquebec.com,false,""
2025-03-21T03:00:00.000000,Canada,Québec,CA-QC,12.74,42.87,97.13,92.85,hydroquebec.com,false,""
2025-03-21T04:00:00.000000,Canada,Québec,CA-QC,11.89,42.16,97.35,93.26,hydroquebec.com,false,""
2025-03-21T05:00:00.000000,Canada,Québec,CA-QC,12.64,43.18,97.17,92.46,hydroquebec.com,false,""
2025-03-21T06:00:00.000000,Canada,Québec,CA-QC,13.5,44.48,96.92,92.13,hydroquebec.com,false,""
2025-03-21T07:00:00.000000,Canada,Québec,CA-QC,14.0,45.2,96.76,92.04,hydroquebec.com,false,""
2025-03-21T08:00:00.000000,Canada,Québec,CA-QC,14.1,45.43,96.76,92.39,hydroquebec.com,false,""
2025-03-21T09:00:00.000000,Canada,Québec,CA-QC,13.76,45.09,96.82,92.93,hydroquebec.com,false,""
2025-03-21T10:00:00.000000,Canada,Québec,CA-QC,11.55,42.51,97.35,95.22,hydroquebec.com,false,""
2025-03-21T11:00:00.000000,Canada,Québec,CA-QC,9.58,39.87,97.82,96.66,hydroquebec.com,false,""
2025-03-21T12:00:00.000000,Canada,Québec,CA-QC,9.31,39.32,97.91,96.65,hydroquebec.com,false,""
2025-03-21T13:00:00.000000,Canada,Québec,CA-QC,9.74,39.69,97.81,95.81,hydroquebec.com,false,""
2025-03-21T14:00:00.000000,Canada,Québec,CA-QC,9.56,39.48,97.87,95.5,hydroquebec.com,false,""
2025-03-21T15:00:00.000000,Canada,Québec,CA-QC,9.54,39.4,97.89,94.84,hydroquebec.com,false,""
2025-03-21T16:00:00.000000,Canada,Québec,CA-QC,9.2,38.99,97.98,94.43,hydroquebec.com,false,""
2025-03-21T17:00:00.000000,Canada,Québec,CA-QC,9.03,38.86,98.05,94.38,hydroquebec.com,false,""
2025-03-21T18:00:00.000000,Canada,Québec,CA-QC,9.11,38.97,98.0,94.22,hydroquebec.com,false,""
2025-03-21T19:00:00.000000,Canada,Québec,CA-QC,9.36,39.25,97.94,94.01,hydroquebec.com,false,""
2025-03-21T20:00:00.000000,Canada,Québec,CA-QC,9.84,39.74,97.81,93.94,hydroquebec.com,false,""
2025-03-21T21:00:00.000000,Canada,Québec,CA-QC,9.74,39.73,97.83,95.04,hydroquebec.com,false,""
2025-03-21T22:00:00.000000,Canada,Québec,CA-QC,9.05,38.85,97.95,95.49,hydroquebec.com,false,""
2025-03-21T23:00:00.000000,Canada,Québec,CA-QC,4.5,33.41,98.94,97.14,hydroquebec.com,false,""
2025-03-22T00:00:00.000000,Canada,Québec,CA-QC,7.94,37.21,98.16,95.66,hydroquebec.com,false,""
2025-03-22T01:00:00.000000,Canada,Québec,CA-QC,10.21,39.73,97.67,94.33,hydroquebec.com,false,""
2025-03-22T02:00:00.000000,Canada,Québec,CA-QC,10.39,39.98,97.65,94.1,hydroquebec.com,false,""
2025-03-22T03:00:00.000000,Canada,Québec,CA-QC,10.27,39.9,97.72,93.92,hydroquebec.com,false,""
2025-03-22T04:00:00.000000,Canada,Québec,CA-QC,9.45,39.0,97.92,93.9,hydroquebec.com,false,""
2025-03-22T05:00:00.000000,Canada,Québec,CA-QC,9.14,38.68,97.98,93.84,hydroquebec.com,false,""
2025-03-22T06:00:00.000000,Canada,Québec,CA-QC,9.23,38.77,97.95,93.76,hydroquebec.com,false,""
2025-03-22T07:00:00.000000,Canada,Québec,CA-QC,9.56,39.11,97.86,93.69,hydroquebec.com,false,""
2025-03-22T08:00:00.000000,Canada,Québec,CA-QC,9.51,39.05,97.86,93.79,hydroquebec.com,false,""
2025-03-22T09:00:00.000000,Canada,Québec,CA-QC,9.48,39.03,97.87,93.97,hydroquebec.com,false,""
2025-03-22T10:00:00.000000,Canada,Québec,CA-QC,8.74,38.1,98.03,94.4,hydroquebec.com,false,""
2025-03-22T11:00:00.000000,Canada,Québec,CA-QC,8.18,37.38,98.15,94.81,hydroquebec.com,false,""
2025-03-22T12:00:00.000000,Canada,Québec,CA-QC,8.54,37.87,98.08,94.76,hydroquebec.com,false,""
2025-03-22T13:00:00.000000,Canada,Québec,CA-QC,9.54,39.23,97.88,94.43,hydroquebec.com,false,""
2025-03-22T14:00:00.000000,Canada,Québec,CA-QC,9.55,39.44,97.89,94.36,hydroquebec.com,false,""
2025-03-22T15:00:00.000000,Canada,Québec,CA-QC,9.63,39.67,97.87,94.42,hydroquebec.com,false,""
2025-03-22T16:00:00.000000,Canada,Québec,CA-QC,9.41,39.59,97.93,94.52,hydroquebec.com,false,""
2025-03-22T17:00:00.000000,Canada,Québec,CA-QC,9.41,39.71,97.92,94.08,hydroquebec.com,false,""
2025-03-22T18:00:00.000000,Canada,Québec,CA-QC,9.62,39.95,97.85,93.84,hydroquebec.com,false,""
2025-03-22T19:00:00.000000,Canada,Québec,CA-QC,10.05,40.4,97.73,93.72,hydroquebec.com,false,""
2025-03-22T20:00:00.000000,Canada,Québec,CA-QC,10.22,40.57,97.65,93.79,hydroquebec.com,false,""
2025-03-22T21:00:00.000000,Canada,Québec,CA-QC,10.73,41.18,97.5,93.87,hydroquebec.com,false,""
2025-03-22T22:00:00.000000,Canada,Québec,CA-QC,10.3,40.79,97.62,94.9,hydroquebec.com,false,""
2025-03-22T23:00:00.000000,Canada,Québec,CA-QC,10.53,40.99,97.56,95.15,hydroquebec.com,false,""
2025-03-23T00:00:00.000000,Canada,Québec,CA-QC,11.58,42.13,97.36,94.96,hydroquebec.com,false,""
2025-03-23T01:00:00.000000,Canada,Québec,CA-QC,12.31,42.84,97.16,94.33,hydroquebec.com,false,""
2025-03-23T02:00:00.000000,Canada,Québec,CA-QC,12.6,43.06,97.05,93.6,hydroquebec.com,false,""
2025-03-23T03:00:00.000000,Canada,Québec,CA-QC,12.59,43.01,97.06,93.42,hydroquebec.com,false,""
2025-03-23T04:00:00.000000,Canada,Québec,CA-QC,12.51,42.84,97.08,93.33,hydroquebec.com,false,""
2025-03-23T05:00:00.000000,Canada,Québec,CA-QC,11.93,42.02,97.23,93.37,hydroquebec.com,false,""
2025-03-23T06:00:00.000000,Canada,Québec,CA-QC,11.06,40.83,97.5,94.13,hydroquebec.com,false,""
2025-03-23T07:00:00.000000,Canada,Québec,CA-QC,11.19,40.81,97.43,94.05,hydroquebec.com,false,""
2025-03-23T08:00:00.000000,Canada,Québec,CA-QC,11.84,41.39,97.25,93.64,hydroquebec.com,false,""
2025-03-23T09:00:00.000000,Canada,Québec,CA-QC,11.57,40.93,97.3,93.84,hydroquebec.com,false,""
2025-03-23T10:00:00.000000,Canada,Québec,CA-QC,10.89,40.01,97.47,94.44,hydroquebec.com,false,""
2025-03-23T11:00:00.000000,Canada,Québec,CA-QC,10.47,39.42,97.56,94.83,hydroquebec.com,false,""
2025-03-23T12:00:00.000000,Canada,Québec,CA-QC,10.18,39.1,97.63,94.95,hydroquebec.com,false,""
2025-03-23T13:00:00.000000,Canada,Québec,CA-QC,9.97,38.84,97.71,94.65,hydroquebec.com,false,""
2025-03-23T14:00:00.000000,Canada,Québec,CA-QC,9.9,38.82,97.74,94.45,hydroquebec.com,false,""
2025-03-23T15:00:00.000000,Canada,Québec,CA-QC,9.64,38.55,97.82,94.41,hydroquebec.com,false,""
2025-03-23T16:00:00.000000,Canada,Québec,CA-QC,9.11,37.98,97.97,94.64,hydroquebec.com,false,""
2025-03-23T17:00:00.000000,Canada,Québec,CA-QC,9.14,38.08,97.97,94.63,hydroquebec.com,false,""
2025-03-23T18:00:00.000000,Canada,Québec,CA-QC,9.3,38.34,97.93,94.47,hydroquebec.com,false,""
2025-03-23T19:00:00.000000,Canada,Québec,CA-QC,10.09,39.39,97.73,94.25,hydroquebec.com,false,""
2025-03-23T20:00:00.000000,Canada,Québec,CA-QC,11.0,40.5,97.51,93.95,hydroquebec.com,false,""
2025-03-23T21:00:00.000000,Canada,Québec,CA-QC,10.36,39.9,97.64,94.81,hydroquebec.com,false,""
2025-03-23T22:00:00.000000,Canada,Québec,CA-QC,9.66,39.09,97.8,95.69,hydroquebec.com,false,""
2025-03-23T23:00:00.000000,Canada,Québec,CA-QC,7.84,37.01,98.22,97.12,hydroquebec.com,false,""
2025-03-24T00:00:00.000000,Canada,Québec,CA-QC,7.86,36.9,98.21,96.88,hydroquebec.com,false,""
2025-03-24T01:00:00.000000,Canada,Québec,CA-QC,8.85,37.94,97.98,95.98,hydroquebec.com,false,""
2025-03-24T02:00:00.000000,Canada,Québec,CA-QC,9.77,38.9,97.76,94.68,hydroquebec.com,false,""
2025-03-24T03:00:00.000000,Canada,Québec,CA-QC,9.72,38.99,97.8,94.4,hydroquebec.com,false,""
2025-03-24T04:00:00.000000,Canada,Québec,CA-QC,8.82,37.97,98.02,94.55,hydroquebec.com,false,""
2025-03-24T05:00:00.000000,Canada,Québec,CA-QC,8.49,37.62,98.11,94.5,hydroquebec.com,false,""
2025-03-24T06:00:00.000000,Canada,Québec,CA-QC,8.27,37.59,98.16,94.73,hydroquebec.com,false,""
2025-03-24T07:00:00.000000,Canada,Québec,CA-QC,8.04,37.44,98.2,94.83,hydroquebec.com,false,""
2025-03-24T08:00:00.000000,Canada,Québec,CA-QC,8.56,38.15,98.05,94.73,hydroquebec.com,false,""
2025-03-24T09:00:00.000000,Canada,Québec,CA-QC,9.08,38.75,97.9,94.8,hydroquebec.com,false,""
2025-03-24T10:00:00.000000,Canada,Québec,CA-QC,8.92,38.4,97.91,95.25,hydroquebec.com,false,""
2025-03-24T11:00:00.000000,Canada,Québec,CA-QC,8.91,38.22,97.89,95.51,hydroquebec.com,false,""
2025-03-24T12:00:00.000000,Canada,Québec,CA-QC,8.88,38.12,97.91,95.54,hydroquebec.com,false,""
2025-03-24T13:00:00.000000,Canada,Québec,CA-QC,8.7,37.91,97.96,95.56,hydroquebec.com,false,""
2025-03-24T14:00:00.000000,Canada,Québec,CA-QC,8.75,37.93,97.97,95.38,hydroquebec.com,false,""
2025-03-24T15:00:00.000000,Canada,Québec,CA-QC,8.85,38.08,97.95,95.32,hydroquebec.com,false,""
2025-03-24T16:00:00.000000,Canada,Québec,CA-QC,8.43,37.66,98.07,95.64,hydroquebec.com,false,""
2025-03-24T17:00:00.000000,Canada,Québec,CA-QC,7.85,37.04,98.2,95.94,hydroquebec.com,false,""
2025-03-24T18:00:00.000000,Canada,Québec,CA-QC,8.42,37.63,98.05,95.38,hydroquebec.com,false,""
2025-03-24T19:00:00.000000,Canada,Québec,CA-QC,9.12,38.41,97.88,95.01,hydroquebec.com,false,""
2025-03-24T20:00:00.000000,Canada,Québec,CA-QC,9.49,38.83,97.79,94.92,hydroquebec.com,false,""
2025-03-24T21:00:00.000000,Canada,Québec,CA-QC,9.2,38.41,97.86,95.04,hydroquebec.com,false,""
2025-03-24T22:00:00.000000,Canada,Québec,CA-QC,9.02,38.15,97.9,95.16,hydroquebec.com,false,""
2025-03-24T23:00:00.000000,Canada,Québec,CA-QC,9.02,38.25,97.89,95.35,hydroquebec.com,false,""
2025-03-25T00:00:00.000000,Canada,Québec,CA-QC,8.25,37.55,98.09,96.11,hydroquebec.com,false,""
2025-03-25T01:00:00.000000,Canada,Québec,CA-QC,8.82,38.11,97.96,95.12,hydroquebec.com,false,""
2025-03-25T02:00:00.000000,Canada,Québec,CA-QC,8.79,38.19,97.99,94.83,hydroquebec.com,false,""
2025-03-25T03:00:00.000000,Canada,Québec,CA-QC,9.95,39.75,97.73,94.18,hydroquebec.com,false,""
2025-03-25T04:00:00.000000,Canada,Québec,CA-QC,9.7,39.54,97.82,93.93,hydroquebec.com,false,""
2025-03-25T05:00:00.000000,Canada,Québec,CA-QC,9.96,40.0,97.76,93.65,hydroquebec.com,false,""
2025-03-25T06:00:00.000000,Canada,Québec,CA-QC,9.79,39.88,97.79,93.61,hydroquebec.com,false,""
2025-03-25T07:00:00.000000,Canada,Québec,CA-QC,10.06,40.23,97.72,93.56,hydroquebec.com,false,""
2025-03-25T08:00:00.000000,Canada,Québec,CA-QC,10.68,41.06,97.54,93.5,hydroquebec.com,false,""
2025-03-25T09:00:00.000000,Canada,Québec,CA-QC,8.51,38.53,98.0,94.4,hydroquebec.com,false,""
2025-03-25T10:00:00.000000,Canada,Québec,CA-QC,8.19,38.08,98.05,94.99,hydroquebec.com,false,""
2025-03-25T11:00:00.000000,Canada,Québec,CA-QC,7.28,36.94,98.24,95.76,hydroquebec.com,false,""
2025-03-25T12:00:00.000000,Canada,Québec,CA-QC,7.32,36.99,98.21,95.67,hydroquebec.com,false,""
2025-03-25T13:00:00.000000,Canada,Québec,CA-QC,6.92,36.57,98.33,95.6,hydroquebec.com,false,""
2025-03-25T14:00:00.000000,Canada,Québec,CA-QC,6.53,36.18,98.44,95.58,hydroquebec.com,false,""
2025-03-25T15:00:00.000000,Canada,Québec,CA-QC,6.37,36.11,98.49,95.52,hydroquebec.com,false,""
2025-03-25T16:00:00.000000,Canada,Québec,CA-QC,6.01,35.71,98.59,95.51,hydroquebec.com,false,""
2025-03-25T17:00:00.000000,Canada,Québec,CA-QC,6.02,35.79,98.59,95.34,hydroquebec.com,false,""
2025-03-25T18:00:00.000000,Canada,Québec,CA-QC,6.24,36.16,98.53,95.21,hydroquebec.com,false,""
2025-03-25T19:00:00.000000,Canada,Québec,CA-QC,6.76,36.87,98.4,95.08,hydroquebec.com,false,""
2025-03-25T20:00:00.000000,Canada,Québec,CA-QC,7.62,37.81,98.22,94.99,hydroquebec.com,false,""
2025-03-25T21:00:00.000000,Canada,Québec,CA-QC,10.42,41.03,97.55,94.27,hydroquebec.com,false,""
2025-03-25T22:00:00.000000,Canada,Québec,CA-QC,9.24,39.67,97.78,94.89,hydroquebec.com,false,""
2025-03-25T23:00:00.000000,Canada,Québec,CA-QC,8.64,38.92,97.94,95.54,hydroquebec.com,false,""
2025-03-26T00:00:00.000000,Canada,Québec,CA-QC,8.59,38.93,97.96,95.71,hydroquebec.com,false,""
2025-03-26T01:00:00.000000,Canada,Québec,CA-QC,8.25,38.63,98.07,95.9,hydroquebec.com,false,""
2025-03-26T02:00:00.000000,Canada,Québec,CA-QC,9.64,40.24,97.71,94.42,hydroquebec.com,false,""
2025-03-26T03:00:00.000000,Canada,Québec,CA-QC,10.08,40.97,97.64,93.97,hydroquebec.com,false,""
2025-03-26T04:00:00.000000,Canada,Québec,CA-QC,9.71,40.65,97.75,93.87,hydroquebec.com,false,""
2025-03-26T05:00:00.000000,Canada,Québec,CA-QC,9.25,40.17,97.86,93.83,hydroquebec.com,false,""
2025-03-26T06:00:00.000000,Canada,Québec,CA-QC,9.34,40.3,97.83,93.69,hydroquebec.com,false,""
2025-03-26T07:00:00.000000,Canada,Québec,CA-QC,9.69,40.77,97.74,93.61,hydroquebec.com,false,""
2025-03-26T08:00:00.000000,Canada,Québec,CA-QC,9.98,41.13,97.65,93.65,hydroquebec.com,false,""
2025-03-26T09:00:00.000000,Canada,Québec,CA-QC,10.09,41.11,97.62,93.85,hydroquebec.com,false,""
2025-03-26T10:00:00.000000,Canada,Québec,CA-QC,9.03,39.73,97.87,95.2,hydroquebec.com,false,""
2025-03-26T11:00:00.000000,Canada,Québec,CA-QC,8.31,38.67,98.03,96.06,hydroquebec.com,false,""
2025-03-26T12:00:00.000000,Canada,Québec,CA-QC,10.78,41.42,97.46,94.83,hydroquebec.com,false,""
2025-03-26T13:00:00.000000,Canada,Québec,CA-QC,11.57,42.43,97.28,94.08,hydroquebec.com,false,""
2025-03-26T14:00:00.000000,Canada,Québec,CA-QC,12.0,43.12,97.18,93.79,hydroquebec.com,false,""
2025-03-26T15:00:00.000000,Canada,Québec,CA-QC,11.53,42.66,97.32,93.8,hydroquebec.com,false,""
2025-03-26T16:00:00.000000,Canada,Québec,CA-QC,11.52,42.64,97.38,93.58,hydroquebec.com,false,""
2025-03-26T17:00:00.000000,Canada,Québec,CA-QC,11.5,42.76,97.35,93.44,hydroquebec.com,false,""
2025-03-26T18:00:00.000000,Canada,Québec,CA-QC,12.73,44.39,97.02,92.97,hydroquebec.com,false,""
2025-03-26T19:00:00.000000,Canada,Québec,CA-QC,12.75,44.42,97.04,92.96,hydroquebec.com,false,""
2025-03-26T20:00:00.000000,Canada,Québec,CA-QC,11.97,43.38,97.23,93.33,hydroquebec.com,false,""
2025-03-26T21:00:00.000000,Canada,Québec,CA-QC,11.59,42.81,97.3,93.6,hydroquebec.com,false,""
2025-03-26T22:00:00.000000,Canada,Québec,CA-QC,9.79,40.54,97.71,94.46,hydroquebec.com,false,""
2025-03-26T23:00:00.000000,Canada,Québec,CA-QC,9.46,40.11,97.76,95.19,hydroquebec.com,false,""
2025-03-27T00:00:00.000000,Canada,Québec,CA-QC,10.29,40.97,97.54,94.69,hydroquebec.com,false,""
2025-03-27T01:00:00.000000,Canada,Québec,CA-QC,10.09,40.8,97.58,94.73,hydroquebec.com,false,""
2025-03-27T02:00:00.000000,Canada,Québec,CA-QC,9.95,40.74,97.63,94.67,hydroquebec.com,false,""
2025-03-27T03:00:00.000000,Canada,Québec,CA-QC,10.07,40.99,97.62,94.38,hydroquebec.com,false,""
2025-03-27T04:00:00.000000,Canada,Québec,CA-QC,11.68,43.02,97.22,93.15,hydroquebec.com,false,""
2025-03-27T05:00:00.000000,Canada,Québec,CA-QC,11.6,43.02,97.26,92.99,hydroquebec.com,false,""
2025-03-27T06:00:00.000000,Canada,Québec,CA-QC,11.41,42.84,97.31,93.02,hydroquebec.com,false,""
2025-03-27T07:00:00.000000,Canada,Québec,CA-QC,11.72,43.26,97.22,92.96,hydroquebec.com,false,""
2025-03-27T08:00:00.000000,Canada,Québec,CA-QC,11.52,43.0,97.27,93.33,hydroquebec.com,false,""
2025-03-27T09:00:00.000000,Canada,Québec,CA-QC,9.79,40.68,97.71,94.41,hydroquebec.com,false,""
2025-03-27T10:00:00.000000,Canada,Québec,CA-QC,8.07,38.49,98.13,96.27,hydroquebec.com,false,""
2025-03-27T11:00:00.000000,Canada,Québec,CA-QC,6.29,36.22,98.58,97.92,hydroquebec.com,false,""
2025-03-27T12:00:00.000000,Canada,Québec,CA-QC,9.2,39.46,97.9,96.03,hydroquebec.com,false,""
2025-03-27T13:00:00.000000,Canada,Québec,CA-QC,10.95,41.69,97.46,94.35,hydroquebec.com,false,""
2025-03-27T14:00:00.000000,Canada,Québec,CA-QC,11.5,42.54,97.35,93.47,hydroquebec.com,false,""
2025-03-27T15:00:00.000000,Canada,Québec,CA-QC,11.48,42.63,97.36,93.26,hydroquebec.com,false,""
2025-03-27T16:00:00.000000,Canada,Québec,CA-QC,11.29,42.39,97.44,93.19,hydroquebec.com,false,""
2025-03-27T17:00:00.000000,Canada,Québec,CA-QC,12.06,43.24,97.3,92.75,hydroquebec.com,false,""
2025-03-27T18:00:00.000000,Canada,Québec,CA-QC,10.85,41.95,97.54,93.03,hydroquebec.com,false,""
2025-03-27T19:00:00.000000,Canada,Québec,CA-QC,11.16,42.39,97.45,92.89,hydroquebec.com,false,""
2025-03-27T20:00:00.000000,Canada,Québec,CA-QC,11.44,42.73,97.36,92.99,hydroquebec.com,false,""
2025-03-27T21:00:00.000000,Canada,Québec,CA-QC,9.04,40.3,97.98,96.69,hydroquebec.com,false,""
2025-03-27T22:00:00.000000,Canada,Québec,CA-QC,8.43,38.72,98.03,94.66,hydroquebec.com,false,""
2025-03-27T23:00:00.000000,Canada,Québec,CA-QC,8.87,39.31,97.9,94.7,hydroquebec.com,false,""
2025-03-28T00:00:00.000000,Canada,Québec,CA-QC,9.03,39.44,97.85,94.96,hydroquebec.com,false,""
2025-03-28T01:00:00.000000,Canada,Québec,CA-QC,9.16,39.4,97.82,94.61,hydroquebec.com,false,""
2025-03-28T02:00:00.000000,Canada,Québec,CA-QC,9.67,40.0,97.7,94.18,hydroquebec.com,false,""
2025-03-28T03:00:00.000000,Canada,Québec,CA-QC,10.49,41.08,97.51,93.56,hydroquebec.com,false,""
2025-03-28T04:00:00.000000,Canada,Québec,CA-QC,10.51,41.18,97.54,93.18,hydroquebec.com,false,""
2025-03-28T05:00:00.000000,Canada,Québec,CA-QC,11.04,42.0,97.4,92.75,hydroquebec.com,false,""
2025-03-28T06:00:00.000000,Canada,Québec,CA-QC,11.34,42.52,97.32,92.61,hydroquebec.com,false,""
2025-03-28T07:00:00.000000,Canada,Québec,CA-QC,11.61,42.82,97.24,92.52,hydroquebec.com,false,""
2025-03-28T08:00:00.000000,Canada,Québec,CA-QC,11.58,42.67,97.24,92.71,hydroquebec.com,false,""
2025-03-28T09:00:00.000000,Canada,Québec,CA-QC,10.83,41.57,97.43,93.43,hydroquebec.com,false,""
2025-03-28T10:00:00.000000,Canada,Québec,CA-QC,8.96,38.97,97.89,94.86,hydroquebec.com,false,""
2025-03-28T11:00:00.000000,Canada,Québec,CA-QC,6.98,36.34,98.36,96.49,hydroquebec.com,false,""
2025-03-28T12:00:00.000000,Canada,Québec,CA-QC,9.43,38.97,97.79,94.98,hydroquebec.com,false,""
2025-03-28T13:00:00.000000,Canada,Québec,CA-QC,10.04,39.81,97.68,94.51,hydroquebec.com,false,""
2025-03-28T14:00:00.000000,Canada,Québec,CA-QC,10.44,40.46,97.58,94.24,hydroquebec.com,false,""
2025-03-28T15:00:00.000000,Canada,Québec,CA-QC,11.73,42.1,97.24,93.55,hydroquebec.com,false,""
2025-03-28T16:00:00.000000,Canada,Québec,CA-QC,11.92,42.3,97.2,93.39,hydroquebec.com,false,""
2025-03-28T17:00:00.000000,Canada,Québec,CA-QC,11.88,42.25,97.21,93.25,hydroquebec.com,false,""
2025-03-28T18:00:00.000000,Canada,Québec,CA-QC,11.83,42.18,97.23,93.16,hydroquebec.com,false,""
2025-03-28T19:00:00.000000,Canada,Québec,CA-QC,11.92,42.2,97.23,93.17,hydroquebec.com,false,""
2025-03-28T20:00:00.000000,Canada,Québec,CA-QC,11.7,41.77,97.29,93.49,hydroquebec.com,false,""
2025-03-28T21:00:00.000000,Canada,Québec,CA-QC,11.13,40.95,97.41,94.08,hydroquebec.com,false,""
2025-03-28T22:00:00.000000,Canada,Québec,CA-QC,8.57,37.94,97.99,95.58,hydroquebec.com,false,""
2025-03-28T23:00:00.000000,Canada,Québec,CA-QC,7.37,36.57,98.3,96.67,hydroquebec.com,false,""
2025-03-29T00:00:00.000000,Canada,Québec,CA-QC,8.07,37.2,98.1,95.55,hydroquebec.com,false,""
2025-03-29T01:00:00.000000,Canada,Québec,CA-QC,8.26,37.29,98.08,94.89,hydroquebec.com,false,""
2025-03-29T02:00:00.000000,Canada,Québec,CA-QC,9.01,38.29,97.9,94.29,hydroquebec.com,false,""
2025-03-29T03:00:00.000000,Canada,Québec,CA-QC,8.0,37.07,98.18,94.28,hydroquebec.com,false,""
2025-03-29T04:00:00.000000,Canada,Québec,CA-QC,6.69,35.54,98.52,94.56,hydroquebec.com,false,""
2025-03-29T05:00:00.000000,Canada,Québec,CA-QC,7.57,36.72,98.29,94.05,hydroquebec.com,false,""
2025-03-29T06:00:00.000000,Canada,Québec,CA-QC,7.44,36.6,98.32,94.1,hydroquebec.com,false,""
2025-03-29T07:00:00.000000,Canada,Québec,CA-QC,7.35,36.47,98.34,94.19,hydroquebec.com,false,""
2025-03-29T08:00:00.000000,Canada,Québec,CA-QC,7.68,36.82,98.24,94.19,hydroquebec.com,false,""
2025-03-29T09:00:00.000000,Canada,Québec,CA-QC,7.76,36.82,98.21,94.36,hydroquebec.com,false,""
2025-03-29T10:00:00.000000,Canada,Québec,CA-QC,7.76,36.73,98.21,94.54,hydroquebec.com,false,""
2025-03-29T11:00:00.000000,Canada,Québec,CA-QC,7.19,35.96,98.33,94.93,hydroquebec.com,false,""
2025-03-29T12:00:00.000000,Canada,Québec,CA-QC,8.67,37.7,98.01,94.65,hydroquebec.com,false,""
2025-03-29T13:00:00.000000,Canada,Québec,CA-QC,8.3,37.33,98.1,94.91,hydroquebec.com,false,""
2025-03-29T14:00:00.000000,Canada,Québec,CA-QC,8.64,37.95,98.02,95.22,hydroquebec.com,false,""
2025-03-29T15:00:00.000000,Canada,Québec,CA-QC,8.92,38.49,97.96,95.36,hydroquebec.com,false,""
2025-03-29T16:00:00.000000,Canada,Québec,CA-QC,9.39,39.19,97.84,94.88,hydroquebec.com,false,""
2025-03-29T17:00:00.000000,Canada,Québec,CA-QC,9.66,39.76,97.79,95.04,hydroquebec.com,false,""
2025-03-29T18:00:00.000000,Canada,Québec,CA-QC,11.08,41.45,97.44,93.95,hydroquebec.com,false,""
2025-03-29T19:00:00.000000,Canada,Québec,CA-QC,11.16,41.85,97.43,94.45,hydroquebec.com,false,""
2025-03-29T20:00:00.000000,Canada,Québec,CA-QC,11.48,42.27,97.36,94.22,hydroquebec.com,false,""
2025-03-29T21:00:00.000000,Canada,Québec,CA-QC,11.11,41.92,97.48,94.86,hydroquebec.com,false,""
2025-03-29T22:00:00.000000,Canada,Québec,CA-QC,8.45,38.82,98.08,96.14,hydroquebec.com,false,""
2025-03-29T23:00:00.000000,Canada,Québec,CA-QC,7.41,37.57,98.33,97.07,hydroquebec.com,false,""
2025-03-30T00:00:00.000000,Canada,Québec,CA-QC,7.53,37.49,98.3,96.66,hydroquebec.com,false,""
2025-03-30T01:00:00.000000,Canada,Québec,CA-QC,8.78,38.76,98.0,95.22,hydroquebec.com,false,""
2025-03-30T02:00:00.000000,Canada,Québec,CA-QC,9.09,39.13,97.93,94.71,hydroquebec.com,false,""
2025-03-30T03:00:00.000000,Canada,Québec,CA-QC,9.45,39.63,97.84,94.47,hydroquebec.com,false,""
2025-03-30T04:00:00.000000,Canada,Québec,CA-QC,9.56,39.75,97.79,93.89,hydroquebec.com,false,""
2025-03-30T05:00:00.000000,Canada,Québec,CA-QC,10.37,40.84,97.59,93.32,hydroquebec.com,false,""
2025-03-30T06:00:00.000000,Canada,Québec,CA-QC,12.34,43.19,97.16,92.58,hydroquebec.com,false,""
2025-03-30T07:00:00.000000,Canada,Québec,CA-QC,12.17,43.02,97.21,92.54,hydroquebec.com,false,""
2025-03-30T08:00:00.000000,Canada,Québec,CA-QC,11.92,42.72,97.27,92.65,hydroquebec.com,false,""
2025-03-30T09:00:00.000000,Canada,Québec,CA-QC,11.47,42.11,97.37,92.93,hydroquebec.com,false,""
2025-03-30T10:00:00.000000,Canada,Québec,CA-QC,10.58,40.92,97.57,93.34,hydroquebec.com,false,""
2025-03-30T11:00:00.000000,Canada,Québec,CA-QC,8.42,38.14,98.07,94.28,hydroquebec.com,false,""
2025-03-30T12:00:00.000000,Canada,Québec,CA-QC,9.13,38.92,97.91,94.25,hydroquebec.com,false,""
2025-03-30T13:00:00.000000,Canada,Québec,CA-QC,9.2,39.0,97.9,94.37,hydroquebec.com,false,""
2025-03-30T14:00:00.000000,Canada,Québec,CA-QC,9.11,38.85,97.95,94.41,hydroquebec.com,false,""
2025-03-30T15:00:00.000000,Canada,Québec,CA-QC,9.28,38.99,97.92,94.41,hydroquebec.com,false,""
2025-03-30T16:00:00.000000,Canada,Québec,CA-QC,9.15,38.9,97.95,94.92,hydroquebec.com,false,""
2025-03-30T17:00:00.000000,Canada,Québec,CA-QC,9.6,39.39,97.86,94.66,hydroquebec.com,false,""
2025-03-30T18:00:00.000000,Canada,Québec,CA-QC,9.74,39.51,97.79,94.17,hydroquebec.com,false,""
2025-03-30T19:00:00.000000,Canada,Québec,CA-QC,9.62,39.37,97.82,94.24,hydroquebec.com,false,""
2025-03-30T20:00:00.000000,Canada,Québec,CA-QC,9.51,39.2,97.84,94.46,hydroquebec.com,false,""
2025-03-30T21:00:00.000000,Canada,Québec,CA-QC,9.49,39.12,97.82,94.58,hydroquebec.com,false,""
2025-03-30T22:00:00.000000,Canada,Québec,CA-QC,8.83,38.39,97.98,95.22,hydroquebec.com,false,""
2025-03-30T23:00:00.000000,Canada,Québec,CA-QC,8.26,37.82,98.11,96.0,hydroquebec.com,false,""
2025-03-31T00:00:00.000000,Canada,Québec,CA-QC,8.87,38.34,97.95,94.93,hydroquebec.com,false,""
2025-03-31T01:00:00.000000,Canada,Québec,CA-QC,8.86,38.35,97.99,94.56,hydroquebec.com,false,""
2025-03-31T02:00:00.000000,Canada,Québec,CA-QC,9.28,39.13,97.91,94.49,hydroquebec.com,false,""
2025-03-31T03:00:00.000000,Canada,Québec,CA-QC,8.82,38.63,98.05,94.25,hydroquebec.com,false,""
2025-03-31T04:00:00.000000,Canada,Québec,CA-QC,8.08,37.81,98.19,93.98,hydroquebec.com,false,""
2025-03-31T05:00:00.000000,Canada,Québec,CA-QC,8.45,38.3,98.11,93.77,hydroquebec.com,false,""
2025-03-31T06:00:00.000000,Canada,Québec,CA-QC,8.94,38.86,97.99,93.61,hydroquebec.com,false,""
2025-03-31T07:00:00.000000,Canada,Québec,CA-QC,8.84,38.68,98.03,93.69,hydroquebec.com,false,""
2025-03-31T08:00:00.000000,Canada,Québec,CA-QC,8.28,37.91,98.13,93.79,hydroquebec.com,false,""
2025-03-31T09:00:00.000000,Canada,Québec,CA-QC,8.53,38.09,98.02,93.8,hydroquebec.com,false,""
2025-03-31T10:00:00.000000,Canada,Québec,CA-QC,7.84,37.02,98.19,94.69,hydroquebec.com,false,""
2025-03-31T11:00:00.000000,Canada,Québec,CA-QC,8.35,37.44,98.07,95.07,hydroquebec.com,false,""
2025-03-31T12:00:00.000000,Canada,Québec,CA-QC,8.65,37.72,98.01,95.13,hydroquebec.com,false,""
2025-03-31T13:00:00.000000,Canada,Québec,CA-QC,8.06,36.98,98.14,94.97,hydroquebec.com,false,""
2025-03-31T14:00:00.000000,Canada,Québec,CA-QC,9.82,39.11,97.75,94.41,hydroquebec.com,false,""
2025-03-31T15:00:00.000000,Canada,Québec,CA-QC,9.84,39.14,97.75,94.31,hydroquebec.com,false,""
2025-03-31T16:00:00.000000,Canada,Québec,CA-QC,9.81,39.14,97.75,94.2,hydroquebec.com,false,""
2025-03-31T17:00:00.000000,Canada,Québec,CA-QC,10.6,40.15,97.57,93.85,hydroquebec.com,false,""
2025-03-31T18:00:00.000000,Canada,Québec,CA-QC,10.37,39.9,97.65,93.85,hydroquebec.com,false,""
2025-03-31T19:00:00.000000,Canada,Québec,CA-QC,10.26,39.92,97.69,94.18,hydroquebec.com,false,""
2025-03-31T20:00:00.000000,Canada,Québec,CA-QC,10.61,40.36,97.58,93.96,hydroquebec.com,false,""
2025-03-31T21:00:00.000000,Canada,Québec,CA-QC,10.87,40.71,97.49,94.04,hydroquebec.com,false,""
2025-03-31T22:00:00.000000,Canada,Québec,CA-QC,9.37,38.81,97.83,94.57,hydroquebec.com,false,""
2025-03-31T23:00:00.000000,Canada,Québec,CA-QC,9.17,38.57,97.88,95.0,hydroquebec.com,false,""
2025-04-01T00:00:00.000000,Canada,Québec,CA-QC,11.43,41.32,97.38,94.3,hydroquebec.com,false,""
2025-04-01T01:00:00.000000,Canada,Québec,CA-QC,11.39,41.44,97.39,94.21,hydroquebec.com,false,""
2025-04-01T02:00:00.000000,Canada,Québec,CA-QC,12.34,42.68,97.2,93.65,hydroquebec.com,false,""
2025-04-01T03:00:00.000000,Canada,Québec,CA-QC,13.32,43.97,96.96,92.57,hydroquebec.com,false,""
2025-04-01T04:00:00.000000,Canada,Québec,CA-QC,13.43,44.37,96.9,92.03,hydroquebec.com,false,""
2025-04-01T05:00:00.000000,Canada,Québec,CA-QC,13.66,44.72,96.84,91.76,hydroquebec.com,false,""
2025-04-01T06:00:00.000000,Canada,Québec,CA-QC,13.77,44.75,96.84,91.69,hydroquebec.com,false,""
2025-04-01T07:00:00.000000,Canada,Québec,CA-QC,14.0,44.95,96.77,91.67,hydroquebec.com,false,""
2025-04-01T08:00:00.000000,Canada,Québec,CA-QC,14.28,45.26,96.69,91.73,hydroquebec.com,false,""
2025-04-01T09:00:00.000000,Canada,Québec,CA-QC,12.84,43.35,97.04,92.82,hydroquebec.com,false,""
2025-04-01T10:00:00.000000,Canada,Québec,CA-QC,11.34,41.4,97.39,94.52,hydroquebec.com,false,""
2025-04-01T11:00:00.000000,Canada,Québec,CA-QC,9.54,39.08,97.86,96.72,hydroquebec.com,false,""
2025-04-01T12:00:00.000000,Canada,Québec,CA-QC,9.89,39.24,97.82,96.72,hydroquebec.com,false,""
2025-04-01T13:00:00.000000,Canada,Québec,CA-QC,8.03,37.15,98.23,97.26,hydroquebec.com,false,""
2025-04-01T14:00:00.000000,Canada,Québec,CA-QC,9.28,38.76,97.95,96.64,hydroquebec.com,false,""
2025-04-01T15:00:00.000000,Canada,Québec,CA-QC,11.71,41.32,97.35,93.75,hydroquebec.com,false,""
2025-04-01T16:00:00.000000,Canada,Québec,CA-QC,12.64,42.35,97.12,92.8,hydroquebec.com,false,""
2025-04-01T17:00:00.000000,Canada,Québec,CA-QC,13.24,43.01,96.96,92.27,hydroquebec.com,false,""
2025-04-01T18:00:00.000000,Canada,Québec,CA-QC,13.75,43.66,96.83,91.95,hydroquebec.com,false,""
2025-04-01T19:00:00.000000,Canada,Québec,CA-QC,14.07,43.97,96.78,91.82,hydroquebec.com,false,""
2025-04-01T20:00:00.000000,Canada,Québec,CA-QC,14.1,43.94,96.76,92.07,hydroquebec.com,false,""
2025-04-01T21:00:00.000000,Canada,Québec,CA-QC,13.53,43.14,96.88,92.64,hydroquebec.com,false,""
2025-04-01T22:00:00.000000,Canada,Québec,CA-QC,10.4,39.39,97.59,94.4,hydroquebec.com,false,""
2025-04-01T23:00:00.000000,Canada,Québec,CA-QC,9.49,38.35,97.82,95.57,hydroquebec.com,false,""
2025-04-02T00:00:00.000000,Canada,Québec,CA-QC,8.53,37.24,98.04,96.51,hydroquebec.com,false,""
2025-04-02T01:00:00.000000,Canada,Québec,CA-QC,9.39,38.1,97.82,95.51,hydroquebec.com,false,""
2025-04-02T02:00:00.000000,Canada,Québec,CA-QC,11.42,40.52,97.39,94.59,hydroquebec.com,false,""
2025-04-02T03:00:00.000000,Canada,Québec,CA-QC,13.29,42.68,96.93,92.88,hydroquebec.com,false,""
2025-04-02T04:00:00.000000,Canada,Québec,CA-QC,13.39,42.83,96.92,92.49,hydroquebec.com,false,""
2025-04-02T05:00:00.000000,Canada,Québec,CA-QC,12.44,41.55,97.2,92.66,hydroquebec.com,false,""
2025-04-02T06:00:00.000000,Canada,Québec,CA-QC,11.79,40.66,97.37,92.82,hydroquebec.com,false,""
2025-04-02T07:00:00.000000,Canada,Québec,CA-QC,11.11,39.87,97.51,93.08,hydroquebec.com,false,""
2025-04-02T08:00:00.000000,Canada,Québec,CA-QC,11.58,40.48,97.38,93.07,hydroquebec.com,false,""
2025-04-02T09:00:00.000000,Canada,Québec,CA-QC,10.39,39.09,97.67,94.29,hydroquebec.com,false,""
2025-04-02T10:00:00.000000,Canada,Québec,CA-QC,6.84,34.79,98.41,95.78,hydroquebec.com,false,""
2025-04-02T11:00:00.000000,Canada,Québec,CA-QC,7.26,35.28,98.33,96.11,hydroquebec.com,false,""
2025-04-02T12:00:00.000000,Canada,Québec,CA-QC,8.04,36.24,98.14,95.42,hydroquebec.com,false,""
2025-04-02T13:00:00.000000,Canada,Québec,CA-QC,10.93,40.02,97.52,94.63,hydroquebec.com,false,""
2025-04-02T14:00:00.000000,Canada,Québec,CA-QC,11.58,41.19,97.36,94.67,hydroquebec.com,false,""
2025-04-02T15:00:00.000000,Canada,Québec,CA-QC,12.24,42.08,97.18,94.01,hydroquebec.com,false,""
2025-04-02T16:00:00.000000,Canada,Québec,CA-QC,12.55,42.81,97.12,94.25,hydroquebec.com,false,""
2025-04-02T17:00:00.000000,Canada,Québec,CA-QC,13.04,43.67,96.99,93.95,hydroquebec.com,false,""
2025-04-02T18:00:00.000000,Canada,Québec,CA-QC,12.94,43.79,97.05,94.39,hydroquebec.com,false,""
2025-04-02T19:00:00.000000,Canada,Québec,CA-QC,12.56,43.48,97.19,95.39,hydroquebec.com,false,""
2025-04-02T20:00:00.000000,Canada,Québec,CA-QC,11.1,41.46,97.5,95.9,hydroquebec.com,false,""
2025-04-02T21:00:00.000000,Canada,Québec,CA-QC,10.81,40.9,97.58,96.37,hydroquebec.com,false,""
2025-04-02T22:00:00.000000,Canada,Québec,CA-QC,6.83,36.07,98.49,97.89,hydroquebec.com,false,""
2025-04-02T23:00:00.000000,Canada,Québec,CA-QC,6.1,35.19,98.63,98.13,hydroquebec.com,false,""
2025-04-03T00:00:00.000000,Canada,Québec,CA-QC,5.66,34.68,98.73,98.26,hydroquebec.com,false,""
2025-04-03T01:00:00.000000,Canada,Québec,CA-QC,7.09,36.31,98.41,97.41,hydroquebec.com,false,""
2025-04-03T02:00:00.000000,Canada,Québec,CA-QC,8.92,38.48,98.01,96.22,hydroquebec.com,false,""
2025-04-03T03:00:00.000000,Canada,Québec,CA-QC,10.68,40.65,97.62,94.61,hydroquebec.com,false,""
2025-04-03T04:00:00.000000,Canada,Québec,CA-QC,11.41,41.65,97.41,93.44,hydroquebec.com,false,""
2025-04-03T05:00:00.000000,Canada,Québec,CA-QC,10.82,41.11,97.58,93.94,hydroquebec.com,false,""
2025-04-03T06:00:00.000000,Canada,Québec,CA-QC,10.42,40.66,97.7,94.45,hydroquebec.com,false,""
2025-04-03T07:00:00.000000,Canada,Québec,CA-QC,9.97,39.88,97.84,94.59,hydroquebec.com,false,""
2025-04-03T08:00:00.000000,Canada,Québec,CA-QC,10.06,39.81,97.81,94.61,hydroquebec.com,false,""
2025-04-03T09:00:00.000000,Canada,Québec,CA-QC,9.73,39.2,97.86,94.86,hydroquebec.com,false,""
2025-04-03T10:00:00.000000,Canada,Québec,CA-QC,9.18,38.32,97.94,95.3,hydroquebec.com,false,""
2025-04-03T11:00:00.000000,Canada,Québec,CA-QC,7.29,35.8,98.32,96.31,hydroquebec.com,false,""
2025-04-03T12:00:00.000000,Canada,Québec,CA-QC,7.9,36.4,98.21,96.52,hydroquebec.com,false,""
2025-04-03T13:00:00.000000,Canada,Québec,CA-QC,8.48,37.09,98.11,96.35,hydroquebec.com,false,""
2025-04-03T14:00:00.000000,Canada,Québec,CA-QC,9.15,37.75,97.94,95.45,hydroquebec.com,false,""
2025-04-03T15:00:00.000000,Canada,Québec,CA-QC,9.34,37.96,97.9,95.03,hydroquebec.com,false,""
2025-04-03T16:00:00.000000,Canada,Québec,CA-QC,9.86,38.6,97.77,94.53,hydroquebec.com,false,""
2025-04-03T17:00:00.000000,Canada,Québec,CA-QC,10.39,39.29,97.65,94.22,hydroquebec.com,false,""
2025-04-03T18:00:00.000000,Canada,Québec,CA-QC,11.12,40.25,97.46,93.9,hydroquebec.com,false,""
2025-04-03T19:00:00.000000,Canada,Québec,CA-QC,13.69,43.37,96.9,93.1,hydroquebec.com,false,""
2025-04-03T20:00:00.000000,Canada,Québec,CA-QC,11.93,41.29,97.27,93.66,hydroquebec.com,false,""
2025-04-03T21:00:00.000000,Canada,Québec,CA-QC,11.06,40.25,97.5,94.72,hydroquebec.com,false,""
2025-04-03T22:00:00.000000,Canada,Québec,CA-QC,9.62,38.54,97.8,95.33,hydroquebec.com,false,""
2025-04-03T23:00:00.000000,Canada,Québec,CA-QC,8.99,38.12,97.94,96.19,hydroquebec.com,false,""
2025-04-04T00:00:00.000000,Canada,Québec,CA-QC,8.81,38.12,98.0,96.87,hydroquebec.com,false,""
2025-04-04T01:00:00.000000,Canada,Québec,CA-QC,9.94,39.44,97.71,95.7,hydroquebec.com,false,""
2025-04-04T02:00:00.000000,Canada,Québec,CA-QC,12.33,42.58,97.18,94.54,hydroquebec.com,false,""
2025-04-04T03:00:00.000000,Canada,Québec,CA-QC,13.56,44.22,96.91,93.26,hydroquebec.com,false,""
2025-04-04T04:00:00.000000,Canada,Québec,CA-QC,14.71,45.61,96.68,91.91,hydroquebec.com,false,""
2025-04-04T05:00:00.000000,Canada,Québec,CA-QC,14.93,45.98,96.67,91.57,hydroquebec.com,false,""
2025-04-04T06:00:00.000000,Canada,Québec,CA-QC,15.28,46.53,96.56,91.37,hydroquebec.com,false,""
2025-04-04T07:00:00.000000,Canada,Québec,CA-QC,15.23,46.48,96.57,91.33,hydroquebec.com,false,""
2025-04-04T08:00:00.000000,Canada,Québec,CA-QC,14.89,46.01,96.64,91.46,hydroquebec.com,false,""
2025-04-04T09:00:00.000000,Canada,Québec,CA-QC,14.97,45.97,96.61,91.81,hydroquebec.com,false,""
2025-04-04T10:00:00.000000,Canada,Québec,CA-QC,11.72,42.0,97.28,93.48,hydroquebec.com,false,""
2025-04-04T11:00:00.000000,Canada,Québec,CA-QC,9.86,39.61,97.72,95.25,hydroquebec.com,false,""
2025-04-04T12:00:00.000000,Canada,Québec,CA-QC,10.48,40.2,97.61,95.34,hydroquebec.com,false,""
2025-04-04T13:00:00.000000,Canada,Québec,CA-QC,12.34,42.45,97.19,94.35,hydroquebec.com,false,""
2025-04-04T14:00:00.000000,Canada,Québec,CA-QC,13.73,44.2,96.81,93.01,hydroquebec.com,false,""
2025-04-04T15:00:00.000000,Canada,Québec,CA-QC,15.0,45.98,96.52,92.46,hydroquebec.com,false,""
2025-04-04T16:00:00.000000,Canada,Québec,CA-QC,15.3,46.45,96.45,92.11,hydroquebec.com,false,""
2025-04-04T17:00:00.000000,Canada,Québec,CA-QC,15.44,46.64,96.42,91.91,hydroquebec.com,false,""
2025-04-04T18:00:00.000000,Canada,Québec,CA-QC,16.09,47.46,96.28,91.67,hydroquebec.com,false,""
2025-04-04T19:00:00.000000,Canada,Québec,CA-QC,16.52,47.94,96.19,91.5,hydroquebec.com,false,""
2025-04-04T20:00:00.000000,Canada,Québec,CA-QC,16.16,47.59,96.26,92.14,hydroquebec.com,false,""
2025-04-04T21:00:00.000000,Canada,Québec,CA-QC,15.19,46.39,96.46,93.09,hydroquebec.com,false,""
2025-04-04T22:00:00.000000,Canada,Québec,CA-QC,11.39,41.66,97.37,94.9,hydroquebec.com,false,""
2025-04-04T23:00:00.000000,Canada,Québec,CA-QC,9.63,39.47,97.78,95.84,hydroquebec.com,false,""
2025-04-05T00:00:00.000000,Canada,Québec,CA-QC,8.73,38.46,98.03,96.84,hydroquebec.com,false,""
2025-04-05T01:00:00.000000,Canada,Québec,CA-QC,11.36,41.4,97.37,94.76,hydroquebec.com,false,""
2025-04-05T02:00:00.000000,Canada,Québec,CA-QC,12.65,43.03,97.05,93.2,hydroquebec.com,false,""
2025-04-05T03:00:00.000000,Canada,Québec,CA-QC,13.86,44.83,96.85,92.39,hydroquebec.com,false,""
2025-04-05T04:00:00.000000,Canada,Québec,CA-QC,14.75,46.01,96.67,91.69,hydroquebec.com,false,""
2025-04-05T05:00:00.000000,Canada,Québec,CA-QC,14.32,45.61,96.74,91.77,hydroquebec.com,false,""
2025-04-05T06:00:00.000000,Canada,Québec,CA-QC,13.31,44.4,97.01,91.97,hydroquebec.com,false,""
2025-04-05T07:00:00.000000,Canada,Québec,CA-QC,12.03,42.85,97.3,92.37,hydroquebec.com,false,""
2025-04-05T08:00:00.000000,Canada,Québec,CA-QC,12.08,42.89,97.28,92.42,hydroquebec.com,false,""
2025-04-05T09:00:00.000000,Canada,Québec,CA-QC,11.9,42.6,97.3,92.54,hydroquebec.com,false,""
2025-04-05T10:00:00.000000,Canada,Québec,CA-QC,12.21,42.91,97.19,92.74,hydroquebec.com,false,""
2025-04-05T11:00:00.000000,Canada,Québec,CA-QC,12.09,42.63,97.21,93.19,hydroquebec.com,false,""
2025-04-05T12:00:00.000000,Canada,Québec,CA-QC,12.69,43.31,97.06,93.32,hydroquebec.com,false,""
2025-04-05T13:00:00.000000,Canada,Québec,CA-QC,12.2,42.77,97.15,93.69,hydroquebec.com,false,""
2025-04-05T14:00:00.000000,Canada,Québec,CA-QC,11.93,42.4,97.21,93.78,hydroquebec.com,false,""
2025-04-05T15:00:00.000000,Canada,Québec,CA-QC,13.85,44.58,96.85,93.33,hydroquebec.com,false,""
2025-04-05T16:00:00.000000,Canada,Québec,CA-QC,11.73,42.12,97.28,93.99,hydroquebec.com,false,""
2025-04-05T17:00:00.000000,Canada,Québec,CA-QC,11.24,41.47,97.43,94.24,hydroquebec.com,false,""
2025-04-05T18:00:00.000000,Canada,Québec,CA-QC,11.51,41.66,97.35,94.05,hydroquebec.com,false,""
2025-04-05T19:00:00.000000,Canada,Québec,CA-QC,11.68,41.6,97.31,93.77,hydroquebec.com,false,""
2025-04-05T20:00:00.000000,Canada,Québec,CA-QC,11.15,40.68,97.44,93.94,hydroquebec.com,false,""
2025-04-05T21:00:00.000000,Canada,Québec,CA-QC,10.85,40.12,97.49,94.12,hydroquebec.com,false,""
2025-04-05T22:00:00.000000,Canada,Québec,CA-QC,10.45,39.54,97.57,94.27,hydroquebec.com,false,""
2025-04-05T23:00:00.000000,Canada,Québec,CA-QC,9.88,39.07,97.7,95.05,hydroquebec.com,false,""
2025-04-06T00:00:00.000000,Canada,Québec,CA-QC,10.86,40.36,97.49,95.05,hydroquebec.com,false,""
2025-04-06T01:00:00.000000,Canada,Québec,CA-QC,12.55,42.18,97.06,93.52,hydroquebec.com,false,""
2025-04-06T02:00:00.000000,Canada,Québec,CA-QC,12.83,42.42,97.04,93.14,hydroquebec.com,false,""
2025-04-06T03:00:00.000000,Canada,Québec,CA-QC,13.19,42.85,96.97,92.8,hydroquebec.com,false,""
2025-04-06T04:00:00.000000,Canada,Québec,CA-QC,13.09,42.78,97.03,92.45,hydroquebec.com,false,""
2025-04-06T05:00:00.000000,Canada,Québec,CA-QC,12.08,41.67,97.3,92.44,hydroquebec.com,false,""
2025-04-06T06:00:00.000000,Canada,Québec,CA-QC,11.55,41.18,97.46,92.61,hydroquebec.com,false,""
2025-04-06T07:00:00.000000,Canada,Québec,CA-QC,11.59,41.26,97.45,92.3,hydroquebec.com,false,""
2025-04-06T08:00:00.000000,Canada,Québec,CA-QC,11.4,41.11,97.48,92.36,hydroquebec.com,false,""
2025-04-06T09:00:00.000000,Canada,Québec,CA-QC,6.47,35.72,98.56,95.64,hydroquebec.com,false,""
2025-04-06T10:00:00.000000,Canada,Québec,CA-QC,6.26,35.41,98.6,95.88,hydroquebec.com,false,""
2025-04-06T11:00:00.000000,Canada,Québec,CA-QC,6.57,35.83,98.52,95.95,hydroquebec.com,false,""
2025-04-06T12:00:00.000000,Canada,Québec,CA-QC,6.77,36.07,98.44,96.04,hydroquebec.com,false,""
2025-04-06T13:00:00.000000,Canada,Québec,CA-QC,6.69,35.98,98.46,96.14,hydroquebec.com,false,""
2025-04-06T14:00:00.000000,Canada,Québec,CA-QC,9.26,39.12,97.9,95.29,hydroquebec.com,false,""
2025-04-06T15:00:00.000000,Canada,Québec,CA-QC,11.25,41.64,97.46,94.61,hydroquebec.com,false,""
2025-04-06T16:00:00.000000,Canada,Québec,CA-QC,11.64,42.21,97.39,94.41,hydroquebec.com,false,""
2025-04-06T17:00:00.000000,Canada,Québec,CA-QC,12.45,43.33,97.2,94.06,hydroquebec.com,false,""
2025-04-06T18:00:00.000000,Canada,Québec,CA-QC,12.89,43.86,97.1,93.85,hydroquebec.com,false,""
2025-04-06T19:00:00.000000,Canada,Québec,CA-QC,12.99,43.94,97.05,93.76,hydroquebec.com,false,""
2025-04-06T20:00:00.000000,Canada,Québec,CA-QC,13.09,43.95,97.02,93.87,hydroquebec.com,false,""
2025-04-06T21:00:00.000000,Canada,Québec,CA-QC,12.84,43.49,97.04,94.12,hydroquebec.com,false,""
2025-04-06T22:00:00.000000,Canada,Québec,CA-QC,9.44,39.24,97.81,95.34,hydroquebec.com,false,""
2025-04-06T23:00:00.000000,Canada,Québec,CA-QC,9.4,39.18,97.8,95.5,hydroquebec.com,false,""
2025-04-07T00:00:00.000000,Canada,Québec,CA-QC,9.16,38.95,97.86,95.74,hydroquebec.com,false,""
2025-04-07T01:00:00.000000,Canada,Québec,CA-QC,11.88,42.24,97.28,95.11,hydroquebec.com,false,""
2025-04-07T02:00:00.000000,Canada,Québec,CA-QC,12.69,43.27,97.1,94.35,hydroquebec.com,false,""
2025-04-07T03:00:00.000000,Canada,Québec,CA-QC,13.03,43.81,97.02,93.85,hydroquebec.com,false,""
2025-04-07T04:00:00.000000,Canada,Québec,CA-QC,12.75,43.55,97.12,93.75,hydroquebec.com,false,""
2025-04-07T05:00:00.000000,Canada,Québec,CA-QC,12.62,43.38,97.15,93.7,hydroquebec.com,false,""
2025-04-07T06:00:00.000000,Canada,Québec,CA-QC,12.53,43.26,97.17,93.73,hydroquebec.com,false,""
2025-04-07T07:00:00.000000,Canada,Québec,CA-QC,12.34,43.12,97.2,93.8,hydroquebec.com,false,""
2025-04-07T08:00:00.000000,Canada,Québec,CA-QC,12.13,42.93,97.25,93.98,hydroquebec.com,false,""
2025-04-07T09:00:00.000000,Canada,Québec,CA-QC,11.75,42.36,97.33,94.37,hydroquebec.com,false,""
2025-04-07T10:00:00.000000,Canada,Québec,CA-QC,10.42,40.62,97.62,95.48,hydroquebec.com,false,""
2025-04-07T11:00:00.000000,Canada,Québec,CA-QC,6.35,35.61,98.51,96.92,hydroquebec.com,false,""
2025-04-07T12:00:00.000000,Canada,Québec,CA-QC,6.44,35.63,98.5,96.7,hydroquebec.com,false,""
2025-04-07T13:00:00.000000,Canada,Québec,CA-QC,6.89,36.25,98.39,96.48,hydroquebec.com,false,""
2025-04-07T14:00:00.000000,Canada,Québec,CA-QC,6.98,36.42,98.38,96.3,hydroquebec.com,false,""
2025-04-07T15:00:00.000000,Canada,Québec,CA-QC,6.88,36.39,98.41,96.25,hydroquebec.com,false,""
2025-04-07T16:00:00.000000,Canada,Québec,CA-QC,6.67,36.22,98.47,96.24,hydroquebec.com,false,""
2025-04-07T17:00:00.000000,Canada,Québec,CA-QC,6.57,36.26,98.5,96.27,hydroquebec.com,false,""
2025-04-07T18:00:00.000000,Canada,Québec,CA-QC,6.81,36.76,98.44,96.18,hydroquebec.com,false,""
2025-04-07T19:00:00.000000,Canada,Québec,CA-QC,7.21,37.41,98.34,96.08,hydroquebec.com,false,""
2025-04-07T20:00:00.000000,Canada,Québec,CA-QC,7.27,37.55,98.32,96.1,hydroquebec.com,false,""
2025-04-07T21:00:00.000000,Canada,Québec,CA-QC,6.88,37.11,98.4,96.29,hydroquebec.com,false,""
2025-04-07T22:00:00.000000,Canada,Québec,CA-QC,6.9,37.16,98.38,96.37,hydroquebec.com,false,""
2025-04-07T23:00:00.000000,Canada,Québec,CA-QC,6.68,36.93,98.42,96.51,hydroquebec.com,false,""
2025-04-08T00:00:00.000000,Canada,Québec,CA-QC,6.8,37.07,98.39,96.54,hydroquebec.com,false,""
2025-04-08T01:00:00.000000,Canada,Québec,CA-QC,6.54,36.73,98.47,96.55,hydroquebec.com,false,""
2025-04-08T02:00:00.000000,Canada,Québec,CA-QC,6.4,36.66,98.51,96.43,hydroquebec.com,false,""
2025-04-08T03:00:00.000000,Canada,Québec,CA-QC,6.14,36.52,98.58,96.36,hydroquebec.com,false,""
2025-04-08T04:00:00.000000,Canada,Québec,CA-QC,5.69,36.04,98.69,96.38,hydroquebec.com,false,""
2025-04-08T05:00:00.000000,Canada,Québec,CA-QC,5.62,35.92,98.72,96.35,hydroquebec.com,false,""
2025-04-08T06:00:00.000000,Canada,Québec,CA-QC,5.96,36.32,98.64,96.21,hydroquebec.com,false,""
2025-04-08T07:00:00.000000,Canada,Québec,CA-QC,6.14,36.48,98.6,96.18,hydroquebec.com,false,""
2025-04-08T08:00:00.000000,Canada,Québec,CA-QC,6.05,36.31,98.59,96.28,hydroquebec.com,false,""
2025-04-08T09:00:00.000000,Canada,Québec,CA-QC,5.92,36.03,98.6,96.53,hydroquebec.com,false,""
2025-04-08T10:00:00.000000,Canada,Québec,CA-QC,5.59,35.37,98.67,97.05,hydroquebec.com,false,""
2025-04-08T11:00:00.000000,Canada,Québec,CA-QC,5.51,34.95,98.68,97.21,hydroquebec.com,false,""
2025-04-08T12:00:00.000000,Canada,Québec,CA-QC,5.5,34.87,98.69,97.23,hydroquebec.com,false,""
2025-04-08T13:00:00.000000,Canada,Québec,CA-QC,5.78,35.25,98.64,96.97,hydroquebec.com,false,""
2025-04-08T14:00:00.000000,Canada,Québec,CA-QC,5.98,35.54,98.61,96.82,hydroquebec.com,false,""
2025-04-08T15:00:00.000000,Canada,Québec,CA-QC,5.94,35.52,98.62,96.74,hydroquebec.com,false,""
2025-04-08T16:00:00.000000,Canada,Québec,CA-QC,5.72,35.28,98.67,96.74,hydroquebec.com,false,""
2025-04-08T17:00:00.000000,Canada,Québec,CA-QC,5.67,35.21,98.69,96.68,hydroquebec.com,false,""
2025-04-08T18:00:00.000000,Canada,Québec,CA-QC,5.82,35.38,98.65,96.62,hydroquebec.com,false,""
2025-04-08T19:00:00.000000,Canada,Québec,CA-QC,5.89,35.5,98.64,96.62,hydroquebec.com,false,""
2025-04-08T20:00:00.000000,Canada,Québec,CA-QC,5.27,34.67,98.8,96.76,hydroquebec.com,false,""
2025-04-08T21:00:00.000000,Canada,Québec,CA-QC,5.83,35.29,98.63,96.86,hydroquebec.com,false,""
2025-04-08T22:00:00.000000,Canada,Québec,CA-QC,5.87,35.19,98.6,96.95,hydroquebec.com,false,""
2025-04-08T23:00:00.000000,Canada,Québec,CA-QC,4.83,34.0,98.88,98.18,hydroquebec.com,false,""
2025-04-09T00:00:00.000000,Canada,Québec,CA-QC,3.85,32.75,99.1,98.59,hydroquebec.com,false,""
2025-04-09T01:00:00.000000,Canada,Québec,CA-QC,6.48,35.75,98.44,96.85,hydroquebec.com,false,""
2025-04-09T02:00:00.000000,Canada,Québec,CA-QC,6.72,36.12,98.39,96.65,hydroquebec.com,false,""
2025-04-09T03:00:00.000000,Canada,Québec,CA-QC,6.47,35.85,98.45,96.53,hydroquebec.com,false,""
2025-04-09T04:00:00.000000,Canada,Québec,CA-QC,6.47,35.86,98.46,96.47,hydroquebec.com,false,""
2025-04-09T05:00:00.000000,Canada,Québec,CA-QC,6.06,35.38,98.57,96.61,hydroquebec.com,false,""
2025-04-09T06:00:00.000000,Canada,Québec,CA-QC,6.02,35.32,98.57,96.57,hydroquebec.com,false,""
2025-04-09T07:00:00.000000,Canada,Québec,CA-QC,5.96,35.2,98.58,96.6,hydroquebec.com,false,""
2025-04-09T08:00:00.000000,Canada,Québec,CA-QC,6.23,35.45,98.52,96.67,hydroquebec.com,false,""
2025-04-09T09:00:00.000000,Canada,Québec,CA-QC,5.04,33.93,98.86,98.09,hydroquebec.com,false,""
2025-04-09T10:00:00.000000,Canada,Québec,CA-QC,4.26,32.75,99.02,98.44,hydroquebec.com,false,""
2025-04-09T11:00:00.000000,Canada,Québec,CA-QC,3.68,31.92,99.15,98.66,hydroquebec.com,false,""
2025-04-09T12:00:00.000000,Canada,Québec,CA-QC,5.03,33.53,98.87,98.22,hydroquebec.com,false,""
2025-04-09T13:00:00.000000,Canada,Québec,CA-QC,5.25,33.87,98.82,97.92,hydroquebec.com,false,""
2025-04-09T14:00:00.000000,Canada,Québec,CA-QC,6.42,35.27,98.47,96.66,hydroquebec.com,false,""
2025-04-09T15:00:00.000000,Canada,Québec,CA-QC,3.31,31.56,99.15,97.68,hydroquebec.com,false,""
2025-04-09T16:00:00.000000,Canada,Québec,CA-QC,2.4,30.38,99.4,97.99,hydroquebec.com,false,""
2025-04-09T17:00:00.000000,Canada,Québec,CA-QC,2.16,30.12,99.46,98.0,hydroquebec.com,false,""
2025-04-09T18:00:00.000000,Canada,Québec,CA-QC,2.15,30.15,99.46,98.03,hydroquebec.com,false,""
2025-04-09T19:00:00.000000,Canada,Québec,CA-QC,2.19,30.17,99.45,98.0,hydroquebec.com,false,""
2025-04-09T20:00:00.000000,Canada,Québec,CA-QC,2.22,30.08,99.45,98.02,hydroquebec.com,false,""
2025-04-09T21:00:00.000000,Canada,Québec,CA-QC,2.43,30.19,99.39,97.98,hydroquebec.com,false,""
2025-04-09T22:00:00.000000,Canada,Québec,CA-QC,2.89,30.65,99.29,97.99,hydroquebec.com,false,""
2025-04-09T23:00:00.000000,Canada,Québec,CA-QC,1.97,29.69,99.55,99.28,hydroquebec.com,false,""
2025-04-10T00:00:00.000000,Canada,Québec,CA-QC,1.77,29.41,99.6,99.42,hydroquebec.com,false,""
2025-04-10T01:00:00.000000,Canada,Québec,CA-QC,4.63,32.79,98.96,98.46,hydroquebec.com,false,""
2025-04-10T02:00:00.000000,Canada,Québec,CA-QC,5.35,33.73,98.79,98.0,hydroquebec.com,false,""
2025-04-10T03:00:00.000000,Canada,Québec,CA-QC,6.84,35.6,98.4,96.5,hydroquebec.com,false,""
2025-04-10T04:00:00.000000,Canada,Québec,CA-QC,7.5,36.48,98.25,96.05,hydroquebec.com,false,""
2025-04-10T05:00:00.000000,Canada,Québec,CA-QC,7.35,36.21,98.31,96.01,hydroquebec.com,false,""
2025-04-10T06:00:00.000000,Canada,Québec,CA-QC,7.15,35.9,98.36,96.05,hydroquebec.com,false,""
2025-04-10T07:00:00.000000,Canada,Québec,CA-QC,6.92,35.56,98.41,96.11,hydroquebec.com,false,""
2025-04-10T08:00:00.000000,Canada,Québec,CA-QC,6.69,35.16,98.47,96.21,hydroquebec.com,false,""
2025-04-10T09:00:00.000000,Canada,Québec,CA-QC,6.37,34.64,98.54,96.43,hydroquebec.com,false,""
2025-04-10T10:00:00.000000,Canada,Québec,CA-QC,3.06,30.64,99.28,98.26,hydroquebec.com,false,""
2025-04-10T11:00:00.000000,Canada,Québec,CA-QC,2.16,29.52,99.49,98.83,hydroquebec.com,false,""
2025-04-10T12:00:00.000000,Canada,Québec,CA-QC,5.37,33.37,98.74,97.09,hydroquebec.com,false,""
2025-04-10T13:00:00.000000,Canada,Québec,CA-QC,6.54,35.0,98.49,96.59,hydroquebec.com,false,""
2025-04-10T14:00:00.000000,Canada,Québec,CA-QC,6.87,35.53,98.42,96.36,hydroquebec.com,false,""
2025-04-10T15:00:00.000000,Canada,Québec,CA-QC,7.09,35.93,98.37,96.23,hydroquebec.com,false,""
2025-04-10T16:00:00.000000,Canada,Québec,CA-QC,7.3,36.38,98.3,96.11,hydroquebec.com,false,""
2025-04-10T17:00:00.000000,Canada,Québec,CA-QC,7.49,36.74,98.25,96.1,hydroquebec.com,false,""
2025-04-10T18:00:00.000000,Canada,Québec,CA-QC,8.26,37.77,98.07,95.86,hydroquebec.com,false,""
2025-04-10T19:00:00.000000,Canada,Québec,CA-QC,8.6,38.37,97.99,95.84,hydroquebec.com,false,""
2025-04-10T20:00:00.000000,Canada,Québec,CA-QC,7.66,37.45,98.23,96.72,hydroquebec.com,false,""
2025-04-10T21:00:00.000000,Canada,Québec,CA-QC,6.89,36.42,98.39,96.7,hydroquebec.com,false,""
2025-04-10T22:00:00.000000,Canada,Québec,CA-QC,6.23,35.61,98.54,97.16,hydroquebec.com,false,""
2025-04-10T23:00:00.000000,Canada,Québec,CA-QC,0.36,28.72,99.92,99.88,hydroquebec.com,false,""
2025-04-11T00:00:00.000000,Canada,Québec,CA-QC,0.0,28.18,100.0,100.0,hydroquebec.com,false,""
2025-04-11T01:00:00.000000,Canada,Québec,CA-QC,5.29,34.45,98.78,97.76,hydroquebec.com,false,""
2025-04-11T02:00:00.000000,Canada,Québec,CA-QC,7.1,36.83,98.36,96.83,hydroquebec.com,false,""
2025-04-11T03:00:00.000000,Canada,Québec,CA-QC,7.89,38.01,98.16,95.87,hydroquebec.com,false,""
2025-04-11T04:00:00.000000,Canada,Québec,CA-QC,8.1,38.67,98.09,95.59,hydroquebec.com,false,""
2025-04-11T05:00:00.000000,Canada,Québec,CA-QC,7.65,38.29,98.21,95.54,hydroquebec.com,false,""
2025-04-11T06:00:00.000000,Canada,Québec,CA-QC,7.43,38.13,98.26,95.48,hydroquebec.com,false,""
2025-04-11T07:00:00.000000,Canada,Québec,CA-QC,7.45,38.21,98.25,95.52,hydroquebec.com,false,""
2025-04-11T08:00:00.000000,Canada,Québec,CA-QC,7.07,37.65,98.33,95.66,hydroquebec.com,false,""
2025-04-11T09:00:00.000000,Canada,Québec,CA-QC,7.15,37.58,98.31,95.82,hydroquebec.com,false,""
2025-04-11T10:00:00.000000,Canada,Québec,CA-QC,6.22,36.24,98.53,96.71,hydroquebec.com,false,""
2025-04-11T11:00:00.000000,Canada,Québec,CA-QC,2.03,31.05,99.51,98.95,hydroquebec.com,false,""
2025-04-11T12:00:00.000000,Canada,Québec,CA-QC,2.25,31.22,99.49,99.26,hydroquebec.com,false,""
2025-04-11T13:00:00.000000,Canada,Québec,CA-QC,5.2,34.83,98.83,98.31,hydroquebec.com,false,""
2025-04-11T14:00:00.000000,Canada,Québec,CA-QC,6.39,36.33,98.53,97.32,hydroquebec.com,false,""
2025-04-11T15:00:00.000000,Canada,Québec,CA-QC,7.1,37.22,98.35,96.55,hydroquebec.com,false,""
2025-04-11T16:00:00.000000,Canada,Québec,CA-QC,7.22,37.45,98.32,96.43,hydroquebec.com,false,""
2025-04-11T17:00:00.000000,Canada,Québec,CA-QC,7.72,38.13,98.2,96.06,hydroquebec.com,false,""
2025-04-11T18:00:00.000000,Canada,Québec,CA-QC,7.91,38.49,98.15,95.93,hydroquebec.com,false,""
2025-04-11T19:00:00.000000,Canada,Québec,CA-QC,7.91,38.56,98.16,95.93,hydroquebec.com,false,""
2025-04-11T20:00:00.000000,Canada,Québec,CA-QC,7.78,38.31,98.19,96.0,hydroquebec.com,false,""
2025-04-11T21:00:00.000000,Canada,Québec,CA-QC,7.43,37.76,98.28,96.22,hydroquebec.com,false,""
2025-04-11T22:00:00.000000,Canada,Québec,CA-QC,2.88,32.35,99.29,97.68,hydroquebec.com,false,""
2025-04-11T23:00:00.000000,Canada,Québec,CA-QC,0.93,30.11,99.75,99.03,hydroquebec.com,false,""
2025-04-12T00:00:00.000000,Canada,Québec,CA-QC,0.44,29.49,99.88,99.58,hydroquebec.com,false,""
2025-04-12T01:00:00.000000,Canada,Québec,CA-QC,6.48,36.62,98.47,96.57,hydroquebec.com,false,""
2025-04-12T02:00:00.000000,Canada,Québec,CA-QC,7.01,37.6,98.34,96.21,hydroquebec.com,false,""
2025-04-12T03:00:00.000000,Canada,Québec,CA-QC,7.16,37.94,98.32,96.06,hydroquebec.com,false,""
2025-04-12T04:00:00.000000,Canada,Québec,CA-QC,8.32,39.34,98.07,95.45,hydroquebec.com,false,""
2025-04-12T05:00:00.000000,Canada,Québec,CA-QC,8.05,39.07,98.15,95.58,hydroquebec.com,false,""
2025-04-12T06:00:00.000000,Canada,Québec,CA-QC,7.97,39.0,98.17,95.54,hydroquebec.com,false,""
2025-04-12T07:00:00.000000,Canada,Québec,CA-QC,7.82,38.82,98.19,95.42,hydroquebec.com,false,""
2025-04-12T08:00:00.000000,Canada,Québec,CA-QC,7.83,38.85,98.18,95.58,hydroquebec.com,false,""
2025-04-12T09:00:00.000000,Canada,Québec,CA-QC,7.3,38.18,98.32,96.28,hydroquebec.com,false,""
2025-04-12T10:00:00.000000,Canada,Québec,CA-QC,7.45,38.05,98.26,96.01,hydroquebec.com,false,""
2025-04-12T11:00:00.000000,Canada,Québec,CA-QC,5.0,35.1,98.85,97.78,hydroquebec.com,false,""
2025-04-12T12:00:00.000000,Canada,Québec,CA-QC,3.47,33.0,99.18,97.99,hydroquebec.com,false,""
2025-04-12T13:00:00.000000,Canada,Québec,CA-QC,6.07,35.98,98.6,97.24,hydroquebec.com,false,""
2025-04-12T14:00:00.000000,Canada,Québec,CA-QC,6.32,36.3,98.55,97.0,hydroquebec.com,false,""
2025-04-12T15:00:00.000000,Canada,Québec,CA-QC,5.9,35.93,98.67,97.49,hydroquebec.com,false,""
2025-04-12T16:00:00.000000,Canada,Québec,CA-QC,5.45,35.51,98.75,97.28,hydroquebec.com,false,""
2025-04-12T17:00:00.000000,Canada,Québec,CA-QC,6.06,36.39,98.58,96.41,hydroquebec.com,false,""
2025-04-12T18:00:00.000000,Canada,Québec,CA-QC,7.0,37.62,98.37,95.88,hydroquebec.com,false,""
2025-04-12T19:00:00.000000,Canada,Québec,CA-QC,6.98,37.59,98.39,95.88,hydroquebec.com,false,""
2025-04-12T20:00:00.000000,Canada,Québec,CA-QC,6.63,37.08,98.46,96.07,hydroquebec.com,false,""
2025-04-12T21:00:00.000000,Canada,Québec,CA-QC,6.74,37.14,98.43,96.06,hydroquebec.com,false,""
2025-04-12T22:00:00.000000,Canada,Québec,CA-QC,5.57,35.82,98.69,96.62,hydroquebec.com,false,""
2025-04-12T23:00:00.000000,Canada,Québec,CA-QC,2.88,32.79,99.33,98.58,hydroquebec.com,false,""
2025-04-13T00:00:00.000000,Canada,Québec,CA-QC,2.31,32.0,99.47,99.02,hydroquebec.com,false,""
2025-04-13T01:00:00.000000,Canada,Québec,CA-QC,6.43,36.74,98.47,96.38,hydroquebec.com,false,""
2025-04-13T02:00:00.000000,Canada,Québec,CA-QC,7.27,37.92,98.27,95.89,hydroquebec.com,false,""
2025-04-13T03:00:00.000000,Canada,Québec,CA-QC,8.18,39.06,98.08,95.51,hydroquebec.com,false,""
2025-04-13T04:00:00.000000,Canada,Québec,CA-QC,8.09,39.09,98.11,95.27,hydroquebec.com,false,""
2025-04-13T05:00:00.000000,Canada,Québec,CA-QC,8.33,39.65,98.06,95.06,hydroquebec.com,false,""
2025-04-13T06:00:00.000000,Canada,Québec,CA-QC,8.15,39.61,98.12,95.12,hydroquebec.com,false,""
2025-04-13T07:00:00.000000,Canada,Québec,CA-QC,7.98,39.48,98.17,95.33,hydroquebec.com,false,""
2025-04-13T08:00:00.000000,Canada,Québec,CA-QC,7.94,39.42,98.17,95.22,hydroquebec.com,false,""
2025-04-13T09:00:00.000000,Canada,Québec,CA-QC,7.76,39.14,98.21,95.42,hydroquebec.com,false,""
2025-04-13T10:00:00.000000,Canada,Québec,CA-QC,6.52,37.43,98.48,96.08,hydroquebec.com,false,""
2025-04-13T11:00:00.000000,Canada,Québec,CA-QC,7.18,37.91,98.31,95.79,hydroquebec.com,false,""
2025-04-13T12:00:00.000000,Canada,Québec,CA-QC,6.95,37.45,98.38,95.87,hydroquebec.com,false,""
2025-04-13T13:00:00.000000,Canada,Québec,CA-QC,6.62,36.94,98.47,96.05,hydroquebec.com,false,""
2025-04-13T14:00:00.000000,Canada,Québec,CA-QC,6.35,36.56,98.53,95.97,hydroquebec.com,false,""
2025-04-13T15:00:00.000000,Canada,Québec,CA-QC,7.32,37.67,98.34,95.48,hydroquebec.com,false,""
2025-04-13T16:00:00.000000,Canada,Québec,CA-QC,6.17,36.45,98.58,95.78,hydroquebec.com,false,""
2025-04-13T17:00:00.000000,Canada,Québec,CA-QC,5.96,36.34,98.63,95.82,hydroquebec.com,false,""
2025-04-13T18:00:00.000000,Canada,Québec,CA-QC,6.07,36.6,98.61,95.71,hydroquebec.com,false,""
2025-04-13T19:00:00.000000,Canada,Québec,CA-QC,6.35,37.09,98.55,95.59,hydroquebec.com,false,""
2025-04-13T20:00:00.000000,Canada,Québec,CA-QC,6.55,37.34,98.5,95.6,hydroquebec.com,false,""
2025-04-13T21:00:00.000000,Canada,Québec,CA-QC,7.15,37.86,98.36,95.64,hydroquebec.com,false,""
2025-04-13T22:00:00.000000,Canada,Québec,CA-QC,7.13,37.71,98.36,95.81,hydroquebec.com,false,""
2025-04-13T23:00:00.000000,Canada,Québec,CA-QC,7.07,37.4,98.36,95.85,hydroquebec.com,false,""
2025-04-14T00:00:00.000000,Canada,Québec,CA-QC,7.12,37.29,98.33,96.08,hydroquebec.com,false,""
2025-04-14T01:00:00.000000,Canada,Québec,CA-QC,7.12,37.41,98.34,95.89,hydroquebec.com,false,""
2025-04-14T02:00:00.000000,Canada,Québec,CA-QC,7.05,37.66,98.38,95.66,hydroquebec.com,false,""
2025-04-14T03:00:00.000000,Canada,Québec,CA-QC,7.59,38.33,98.21,94.46,hydroquebec.com,false,""
2025-04-14T04:00:00.000000,Canada,Québec,CA-QC,8.25,38.96,98.09,93.26,hydroquebec.com,false,""
2025-04-14T05:00:00.000000,Canada,Québec,CA-QC,8.41,39.16,98.06,93.1,hydroquebec.com,false,""
2025-04-14T06:00:00.000000,Canada,Québec,CA-QC,8.29,39.02,98.09,93.28,hydroquebec.com,false,""
2025-04-14T07:00:00.000000,Canada,Québec,CA-QC,8.12,38.65,98.12,93.5,hydroquebec.com,false,""
2025-04-14T08:00:00.000000,Canada,Québec,CA-QC,8.08,38.39,98.12,93.67,hydroquebec.com,false,""
2025-04-14T09:00:00.000000,Canada,Québec,CA-QC,7.44,37.35,98.25,94.1,hydroquebec.com,false,""
2025-04-14T10:00:00.000000,Canada,Québec,CA-QC,1.7,30.38,99.55,97.58,hydroquebec.com,false,""
2025-04-14T11:00:00.000000,Canada,Québec,CA-QC,1.85,30.36,99.52,98.02,hydroquebec.com,false,""
2025-04-14T12:00:00.000000,Canada,Québec,CA-QC,5.56,34.96,98.69,96.47,hydroquebec.com,false,""
2025-04-14T13:00:00.000000,Canada,Québec,CA-QC,7.67,37.79,98.19,94.86,hydroquebec.com,false,""
2025-04-14T14:00:00.000000,Canada,Québec,CA-QC,8.99,39.52,97.91,93.95,hydroquebec.com,false,""
2025-04-14T15:00:00.000000,Canada,Québec,CA-QC,8.45,38.95,98.01,94.0,hydroquebec.com,false,""
2025-04-14T16:00:00.000000,Canada,Québec,CA-QC,8.65,39.3,97.96,94.02,hydroquebec.com,false,""
2025-04-14T17:00:00.000000,Canada,Québec,CA-QC,8.46,39.38,98.03,94.21,hydroquebec.com,false,""
2025-04-14T18:00:00.000000,Canada,Québec,CA-QC,8.58,39.78,98.0,94.01,hydroquebec.com,false,""
2025-04-14T19:00:00.000000,Canada,Québec,CA-QC,8.91,40.2,97.92,93.59,hydroquebec.com,false,""
2025-04-14T20:00:00.000000,Canada,Québec,CA-QC,8.23,39.35,98.08,93.82,hydroquebec.com,false,""
2025-04-14T21:00:00.000000,Canada,Québec,CA-QC,7.96,39.02,98.13,94.17,hydroquebec.com,false,""
2025-04-14T22:00:00.000000,Canada,Québec,CA-QC,7.48,38.31,98.24,94.6,hydroquebec.com,false,""
2025-04-14T23:00:00.000000,Canada,Québec,CA-QC,3.83,33.86,99.06,96.11,hydroquebec.com,false,""
2025-04-15T00:00:00.000000,Canada,Québec,CA-QC,4.27,34.28,98.95,96.01,hydroquebec.com,false,""
2025-04-15T01:00:00.000000,Canada,Québec,CA-QC,7.81,38.73,98.14,94.64,hydroquebec.com,false,""
2025-04-15T02:00:00.000000,Canada,Québec,CA-QC,7.48,38.6,98.26,94.19,hydroquebec.com,false,""
2025-04-15T03:00:00.000000,Canada,Québec,CA-QC,7.14,38.36,98.36,93.8,hydroquebec.com,false,""
2025-04-15T04:00:00.000000,Canada,Québec,CA-QC,6.06,37.19,98.63,93.67,hydroquebec.com,false,""
2025-04-15T05:00:00.000000,Canada,Québec,CA-QC,5.8,37.01,98.68,93.5,hydroquebec.com,false,""
2025-04-15T06:00:00.000000,Canada,Québec,CA-QC,5.72,36.88,98.71,93.42,hydroquebec.com,false,""
2025-04-15T07:00:00.000000,Canada,Québec,CA-QC,5.81,36.99,98.68,93.39,hydroquebec.com,false,""
2025-04-15T08:00:00.000000,Canada,Québec,CA-QC,6.91,38.27,98.41,93.14,hydroquebec.com,false,""
2025-04-15T09:00:00.000000,Canada,Québec,CA-QC,7.25,38.48,98.32,93.44,hydroquebec.com,false,""
2025-04-15T10:00:00.000000,Canada,Québec,CA-QC,6.98,37.76,98.37,94.21,hydroquebec.com,false,""
2025-04-15T11:00:00.000000,Canada,Québec,CA-QC,6.63,36.98,98.44,94.74,hydroquebec.com,false,""
2025-04-15T12:00:00.000000,Canada,Québec,CA-QC,6.6,36.96,98.45,94.96,hydroquebec.com,false,""
2025-04-15T13:00:00.000000,Canada,Québec,CA-QC,6.15,36.58,98.56,94.99,hydroquebec.com,false,""
2025-04-15T14:00:00.000000,Canada,Québec,CA-QC,6.91,37.65,98.39,94.64,hydroquebec.com,false,""
2025-04-15T15:00:00.000000,Canada,Québec,CA-QC,6.85,37.61,98.41,94.51,hydroquebec.com,false,""
2025-04-15T16:00:00.000000,Canada,Québec,CA-QC,7.04,37.79,98.36,94.37,hydroquebec.com,false,""
2025-04-15T17:00:00.000000,Canada,Québec,CA-QC,6.72,37.32,98.45,94.33,hydroquebec.com,false,""
2025-04-15T18:00:00.000000,Canada,Québec,CA-QC,6.26,36.63,98.57,94.46,hydroquebec.com,false,""
2025-04-15T19:00:00.000000,Canada,Québec,CA-QC,6.4,36.72,98.53,94.49,hydroquebec.com,false,""
2025-04-15T20:00:00.000000,Canada,Québec,CA-QC,6.8,37.15,98.42,94.64,hydroquebec.com,false,""
2025-04-15T21:00:00.000000,Canada,Québec,CA-QC,7.02,37.25,98.33,94.87,hydroquebec.com,false,""
2025-04-15T22:00:00.000000,Canada,Québec,CA-QC,6.55,36.59,98.46,95.18,hydroquebec.com,false,""
2025-04-15T23:00:00.000000,Canada,Québec,CA-QC,6.3,36.37,98.53,95.78,hydroquebec.com,false,""
2025-04-16T00:00:00.000000,Canada,Québec,CA-QC,5.74,35.76,98.66,96.45,hydroquebec.com,false,""
2025-04-16T01:00:00.000000,Canada,Québec,CA-QC,5.92,35.83,98.61,95.59,hydroquebec.com,false,""
2025-04-16T02:00:00.000000,Canada,Québec,CA-QC,6.64,36.64,98.46,94.66,hydroquebec.com,false,""
2025-04-16T03:00:00.000000,Canada,Québec,CA-QC,6.45,36.55,98.5,94.38,hydroquebec.com,false,""
2025-04-16T04:00:00.000000,Canada,Québec,CA-QC,6.17,36.1,98.62,94.0,hydroquebec.com,false,""
2025-04-16T05:00:00.000000,Canada,Québec,CA-QC,5.9,35.93,98.7,94.44,hydroquebec.com,false,""
2025-04-16T06:00:00.000000,Canada,Québec,CA-QC,6.26,36.19,98.61,93.9,hydroquebec.com,false,""
2025-04-16T07:00:00.000000,Canada,Québec,CA-QC,7.08,37.16,98.39,93.65,hydroquebec.com,false,""
2025-04-16T08:00:00.000000,Canada,Québec,CA-QC,7.38,37.62,98.26,93.78,hydroquebec.com,false,""
2025-04-16T09:00:00.000000,Canada,Québec,CA-QC,7.1,37.32,98.31,94.26,hydroquebec.com,false,""
2025-04-16T10:00:00.000000,Canada,Québec,CA-QC,7.1,37.06,98.29,94.82,hydroquebec.com,false,""
2025-04-16T11:00:00.000000,Canada,Québec,CA-QC,7.43,37.23,98.17,95.15,hydroquebec.com,false,""
2025-04-16T12:00:00.000000,Canada,Québec,CA-QC,7.23,36.87,98.25,95.31,hydroquebec.com,false,""
2025-04-16T13:00:00.000000,Canada,Québec,CA-QC,7.0,36.63,98.32,95.32,hydroquebec.com,false,""
2025-04-16T14:00:00.000000,Canada,Québec,CA-QC,6.98,36.68,98.34,95.21,hydroquebec.com,false,""
2025-04-16T15:00:00.000000,Canada,Québec,CA-QC,7.47,37.27,98.27,94.98,hydroquebec.com,false,""
2025-04-16T16:00:00.000000,Canada,Québec,CA-QC,6.58,36.35,98.47,95.14,hydroquebec.com,false,""
2025-04-16T17:00:00.000000,Canada,Québec,CA-QC,7.7,37.81,98.23,94.73,hydroquebec.com,false,""
2025-04-16T18:00:00.000000,Canada,Québec,CA-QC,6.84,36.9,98.39,94.92,hydroquebec.com,false,""
2025-04-16T19:00:00.000000,Canada,Québec,CA-QC,6.47,36.43,98.48,94.95,hydroquebec.com,false,""
2025-04-16T20:00:00.000000,Canada,Québec,CA-QC,6.17,35.96,98.54,95.09,hydroquebec.com,false,""
2025-04-16T21:00:00.000000,Canada,Québec,CA-QC,6.26,35.87,98.51,95.24,hydroquebec.com,false,""
2025-04-16T22:00:00.000000,Canada,Québec,CA-QC,6.19,35.67,98.5,95.64,hydroquebec.com,false,""
2025-04-16T23:00:00.000000,Canada,Québec,CA-QC,6.85,36.52,98.3,95.62,hydroquebec.com,false,""
2025-04-17T00:00:00.000000,Canada,Québec,CA-QC,6.19,35.87,98.48,96.53,hydroquebec.com,false,""
2025-04-17T01:00:00.000000,Canada,Québec,CA-QC,7.69,37.47,98.1,95.13,hydroquebec.com,false,""
2025-04-17T02:00:00.000000,Canada,Québec,CA-QC,8.85,38.93,97.85,94.41,hydroquebec.com,false,""
2025-04-17T03:00:00.000000,Canada,Québec,CA-QC,8.64,38.68,97.96,94.03,hydroquebec.com,false,""
2025-04-17T04:00:00.000000,Canada,Québec,CA-QC,8.43,38.48,98.03,93.9,hydroquebec.com,false,""
2025-04-17T05:00:00.000000,Canada,Québec,CA-QC,8.3,38.32,98.06,93.69,hydroquebec.com,false,""
2025-04-17T06:00:00.000000,Canada,Québec,CA-QC,8.5,38.58,98.0,93.63,hydroquebec.com,false,""
2025-04-17T07:00:00.000000,Canada,Québec,CA-QC,8.0,37.89,98.1,93.76,hydroquebec.com,false,""
2025-04-17T08:00:00.000000,Canada,Québec,CA-QC,8.01,37.79,98.06,93.9,hydroquebec.com,false,""
2025-04-17T09:00:00.000000,Canada,Québec,CA-QC,8.21,37.82,98.02,94.16,hydroquebec.com,false,""
2025-04-17T10:00:00.000000,Canada,Québec,CA-QC,5.87,34.89,98.55,95.97,hydroquebec.com,false,""
2025-04-17T11:00:00.000000,Canada,Québec,CA-QC,5.55,34.21,98.62,96.37,hydroquebec.com,false,""
2025-04-17T12:00:00.000000,Canada,Québec,CA-QC,7.06,35.86,98.31,95.55,hydroquebec.com,false,""
2025-04-17T13:00:00.000000,Canada,Québec,CA-QC,7.7,36.72,98.16,94.83,hydroquebec.com,false,""
2025-04-17T14:00:00.000000,Canada,Québec,CA-QC,7.43,36.49,98.24,94.61,hydroquebec.com,false,""
2025-04-17T15:00:00.000000,Canada,Québec,CA-QC,7.56,36.67,98.25,94.33,hydroquebec.com,false,""
2025-04-17T16:00:00.000000,Canada,Québec,CA-QC,6.98,36.08,98.37,94.44,hydroquebec.com,false,""
2025-04-17T17:00:00.000000,Canada,Québec,CA-QC,6.6,35.6,98.5,94.3,hydroquebec.com,false,""
2025-04-17T18:00:00.000000,Canada,Québec,CA-QC,6.7,35.8,98.49,94.14,hydroquebec.com,false,""
2025-04-17T19:00:00.000000,Canada,Québec,CA-QC,7.11,36.42,98.37,94.06,hydroquebec.com,false,""
2025-04-17T20:00:00.000000,Canada,Québec,CA-QC,7.69,37.26,98.2,94.1,hydroquebec.com,false,""
2025-04-17T21:00:00.000000,Canada,Québec,CA-QC,8.07,37.69,98.09,94.17,hydroquebec.com,false,""
2025-04-17T22:00:00.000000,Canada,Québec,CA-QC,7.89,37.44,98.13,94.5,hydroquebec.com,false,""
2025-04-17T23:00:00.000000,Canada,Québec,CA-QC,7.97,37.59,98.1,94.75,hydroquebec.com,false,""
2025-04-18T00:00:00.000000,Canada,Québec,CA-QC,7.68,37.15,98.17,95.05,hydroquebec.com,false,""
2025-04-18T01:00:00.000000,Canada,Québec,CA-QC,7.53,36.74,98.22,94.82,hydroquebec.com,false,""
2025-04-18T02:00:00.000000,Canada,Québec,CA-QC,7.37,36.53,98.28,94.6,hydroquebec.com,false,""
2025-04-18T03:00:00.000000,Canada,Québec,CA-QC,6.93,36.02,98.41,94.4,hydroquebec.com,false,""
2025-04-18T04:00:00.000000,Canada,Québec,CA-QC,6.38,35.46,98.56,94.31,hydroquebec.com,false,""
2025-04-18T05:00:00.000000,Canada,Québec,CA-QC,5.99,35.12,98.67,94.35,hydroquebec.com,false,""
2025-04-18T06:00:00.000000,Canada,Québec,CA-QC,5.69,34.78,98.74,94.37,hydroquebec.com,false,""
2025-04-18T07:00:00.000000,Canada,Québec,CA-QC,5.02,34.11,98.88,94.64,hydroquebec.com,false,""
2025-04-18T08:00:00.000000,Canada,Québec,CA-QC,5.17,34.4,98.84,94.77,hydroquebec.com,false,""
2025-04-18T09:00:00.000000,Canada,Québec,CA-QC,5.12,34.26,98.85,94.89,hydroquebec.com,false,""
2025-04-18T10:00:00.000000,Canada,Québec,CA-QC,2.9,31.53,99.34,96.0,hydroquebec.com,false,""
2025-04-18T11:00:00.000000,Canada,Québec,CA-QC,2.14,30.61,99.51,96.38,hydroquebec.com,false,""
2025-04-18T12:00:00.000000,Canada,Québec,CA-QC,2.16,30.81,99.52,96.4,hydroquebec.com,false,""
2025-04-18T13:00:00.000000,Canada,Québec,CA-QC,4.72,34.06,98.97,95.56,hydroquebec.com,false,""
2025-04-18T14:00:00.000000,Canada,Québec,CA-QC,4.79,34.33,98.97,95.32,hydroquebec.com,false,""
2025-04-18T15:00:00.000000,Canada,Québec,CA-QC,4.55,34.38,99.03,95.57,hydroquebec.com,false,""
2025-04-18T16:00:00.000000,Canada,Québec,CA-QC,4.75,34.88,98.97,95.68,hydroquebec.com,false,""
2025-04-18T17:00:00.000000,Canada,Québec,CA-QC,5.18,35.49,98.88,95.81,hydroquebec.com,false,""
2025-04-18T18:00:00.000000,Canada,Québec,CA-QC,5.27,35.58,98.85,95.66,hydroquebec.com,false,""
2025-04-18T19:00:00.000000,Canada,Québec,CA-QC,5.34,35.39,98.8,94.92,hydroquebec.com,false,""
2025-04-18T20:00:00.000000,Canada,Québec,CA-QC,6.02,36.1,98.63,94.73,hydroquebec.com,false,""
2025-04-18T21:00:00.000000,Canada,Québec,CA-QC,6.06,36.11,98.61,94.85,hydroquebec.com,false,""
2025-04-18T22:00:00.000000,Canada,Québec,CA-QC,6.52,36.67,98.47,94.9,hydroquebec.com,false,""
2025-04-18T23:00:00.000000,Canada,Québec,CA-QC,5.8,35.94,98.66,95.87,hydroquebec.com,false,""
2025-04-19T00:00:00.000000,Canada,Québec,CA-QC,5.71,36.05,98.69,96.5,hydroquebec.com,false,""
2025-04-19T01:00:00.000000,Canada,Québec,CA-QC,6.19,36.62,98.59,95.93,hydroquebec.com,false,""
2025-04-19T02:00:00.000000,Canada,Québec,CA-QC,6.68,37.08,98.51,94.72,hydroquebec.com,false,""
2025-04-19T03:00:00.000000,Canada,Québec,CA-QC,6.72,37.11,98.53,94.05,hydroquebec.com,false,""
2025-04-19T04:00:00.000000,Canada,Québec,CA-QC,6.69,37.04,98.57,93.6,hydroquebec.com,false,""
2025-04-19T05:00:00.000000,Canada,Québec,CA-QC,6.73,37.05,98.56,93.18,hydroquebec.com,false,""
2025-04-19T06:00:00.000000,Canada,Québec,CA-QC,5.33,35.49,98.87,93.56,hydroquebec.com,false,""
2025-04-19T07:00:00.000000,Canada,Québec,CA-QC,5.43,35.63,98.84,93.52,hydroquebec.com,false,""
2025-04-19T08:00:00.000000,Canada,Québec,CA-QC,4.87,34.99,98.95,93.65,hydroquebec.com,false,""
2025-04-19T09:00:00.000000,Canada,Québec,CA-QC,5.53,35.78,98.78,93.55,hydroquebec.com,false,""
2025-04-19T10:00:00.000000,Canada,Québec,CA-QC,5.36,35.61,98.8,93.99,hydroquebec.com,false,""
2025-04-19T11:00:00.000000,Canada,Québec,CA-QC,4.48,34.58,98.99,94.69,hydroquebec.com,false,""
2025-04-19T12:00:00.000000,Canada,Québec,CA-QC,5.46,35.63,98.77,94.6,hydroquebec.com,false,""
2025-04-19T13:00:00.000000,Canada,Québec,CA-QC,5.32,35.31,98.8,94.84,hydroquebec.com,false,""
2025-04-19T14:00:00.000000,Canada,Québec,CA-QC,5.3,35.29,98.8,95.02,hydroquebec.com,false,""
2025-04-19T15:00:00.000000,Canada,Québec,CA-QC,5.59,35.73,98.73,95.19,hydroquebec.com,false,""
2025-04-19T16:00:00.000000,Canada,Québec,CA-QC,5.51,35.66,98.76,95.39,hydroquebec.com,false,""
2025-04-19T17:00:00.000000,Canada,Québec,CA-QC,5.46,35.67,98.78,95.4,hydroquebec.com,false,""
2025-04-19T18:00:00.000000,Canada,Québec,CA-QC,5.9,36.14,98.67,94.64,hydroquebec.com,false,""
2025-04-19T19:00:00.000000,Canada,Québec,CA-QC,6.39,36.9,98.57,94.42,hydroquebec.com,false,""
2025-04-19T20:00:00.000000,Canada,Québec,CA-QC,6.42,37.22,98.55,94.77,hydroquebec.com,false,""
2025-04-19T21:00:00.000000,Canada,Québec,CA-QC,7.76,38.8,98.24,94.35,hydroquebec.com,false,""
2025-04-19T22:00:00.000000,Canada,Québec,CA-QC,7.5,38.55,98.24,94.23,hydroquebec.com,false,""
2025-04-19T23:00:00.000000,Canada,Québec,CA-QC,7.07,38.07,98.35,94.76,hydroquebec.com,false,""
2025-04-20T00:00:00.000000,Canada,Québec,CA-QC,7.27,38.22,98.3,94.46,hydroquebec.com,false,""
2025-04-20T01:00:00.000000,Canada,Québec,CA-QC,8.18,39.47,98.13,93.83,hydroquebec.com,false,""
2025-04-20T02:00:00.000000,Canada,Québec,CA-QC,10.07,41.71,97.78,92.8,hydroquebec.com,false,""
2025-04-20T03:00:00.000000,Canada,Québec,CA-QC,9.15,40.83,98.01,92.81,hydroquebec.com,false,""
2025-04-20T04:00:00.000000,Canada,Québec,CA-QC,8.38,39.84,98.24,92.57,hydroquebec.com,false,""
2025-04-20T05:00:00.000000,Canada,Québec,CA-QC,7.99,39.03,98.35,92.4,hydroquebec.com,false,""
2025-04-20T06:00:00.000000,Canada,Québec,CA-QC,7.96,38.68,98.34,92.32,hydroquebec.com,false,""
2025-04-20T07:00:00.000000,Canada,Québec,CA-QC,8.26,38.72,98.26,92.23,hydroquebec.com,false,""
2025-04-20T08:00:00.000000,Canada,Québec,CA-QC,8.26,38.4,98.24,92.35,hydroquebec.com,false,""
2025-04-20T09:00:00.000000,Canada,Québec,CA-QC,7.67,37.5,98.33,92.84,hydroquebec.com,false,""
2025-04-20T10:00:00.000000,Canada,Québec,CA-QC,6.81,36.33,98.5,93.48,hydroquebec.com,false,""
2025-04-20T11:00:00.000000,Canada,Québec,CA-QC,6.69,36.03,98.51,93.76,hydroquebec.com,false,""
2025-04-20T12:00:00.000000,Canada,Québec,CA-QC,6.86,36.08,98.49,93.88,hydroquebec.com,false,""
2025-04-20T13:00:00.000000,Canada,Québec,CA-QC,6.49,35.55,98.58,94.08,hydroquebec.com,false,""
2025-04-20T14:00:00.000000,Canada,Québec,CA-QC,5.64,34.57,98.76,94.49,hydroquebec.com,false,""
2025-04-20T15:00:00.000000,Canada,Québec,CA-QC,6.12,35.1,98.72,94.09,hydroquebec.com,false,""
2025-04-20T16:00:00.000000,Canada,Québec,CA-QC,6.33,35.5,98.67,93.9,hydroquebec.com,false,""
2025-04-20T17:00:00.000000,Canada,Québec,CA-QC,7.18,36.72,98.47,93.42,hydroquebec.com,false,""
2025-04-20T18:00:00.000000,Canada,Québec,CA-QC,7.94,37.89,98.3,93.17,hydroquebec.com,false,""
2025-04-20T19:00:00.000000,Canada,Québec,CA-QC,8.47,38.7,98.14,92.83,hydroquebec.com,false,""
2025-04-20T20:00:00.000000,Canada,Québec,CA-QC,9.17,39.68,97.97,92.83,hydroquebec.com,false,""
2025-04-20T21:00:00.000000,Canada,Québec,CA-QC,9.54,40.23,97.83,92.96,hydroquebec.com,false,""
2025-04-20T22:00:00.000000,Canada,Québec,CA-QC,9.45,40.14,97.83,93.28,hydroquebec.com,false,""
2025-04-20T23:00:00.000000,Canada,Québec,CA-QC,9.16,39.75,97.86,93.43,hydroquebec.com,false,""
2025-04-21T00:00:00.000000,Canada,Québec,CA-QC,9.27,39.71,97.87,93.57,hydroquebec.com,false,""
2025-04-21T01:00:00.000000,Canada,Québec,CA-QC,9.33,39.76,97.87,93.6,hydroquebec.com,false,""
2025-04-21T02:00:00.000000,Canada,Québec,CA-QC,8.47,38.85,98.07,93.7,hydroquebec.com,false,""
2025-04-21T03:00:00.000000,Canada,Québec,CA-QC,8.74,38.96,98.13,93.1,hydroquebec.com,false,""
2025-04-21T04:00:00.000000,Canada,Québec,CA-QC,7.81,37.98,98.37,93.22,hydroquebec.com,false,""
2025-04-21T05:00:00.000000,Canada,Québec,CA-QC,7.48,37.72,98.43,93.13,hydroquebec.com,false,""
2025-04-21T06:00:00.000000,Canada,Québec,CA-QC,7.19,37.77,98.49,94.08,hydroquebec.com,false,""
2025-04-21T07:00:00.000000,Canada,Québec,CA-QC,6.12,36.36,98.71,93.68,hydroquebec.com,false,""
2025-04-21T08:00:00.000000,Canada,Québec,CA-QC,5.93,36.42,98.71,94.1,hydroquebec.com,false,""
2025-04-21T09:00:00.000000,Canada,Québec,CA-QC,5.66,36.03,98.72,94.48,hydroquebec.com,false,""
2025-04-21T10:00:00.000000,Canada,Québec,CA-QC,5.73,35.95,98.68,94.84,hydroquebec.com,false,""
2025-04-21T11:00:00.000000,Canada,Québec,CA-QC,5.79,36.09,98.68,95.24,hydroquebec.com,false,""
2025-04-21T12:00:00.000000,Canada,Québec,CA-QC,5.99,36.72,98.65,95.62,hydroquebec.com,false,""
2025-04-21T13:00:00.000000,Canada,Québec,CA-QC,6.18,37.07,98.61,95.37,hydroquebec.com,false,""
2025-04-21T14:00:00.000000,Canada,Québec,CA-QC,6.2,37.07,98.6,95.0,hydroquebec.com,false,""
2025-04-21T15:00:00.000000,Canada,Québec,CA-QC,7.03,38.18,98.45,94.8,hydroquebec.com,false,""
2025-04-21T16:00:00.000000,Canada,Québec,CA-QC,7.16,38.41,98.45,94.71,hydroquebec.com,false,""
2025-04-21T17:00:00.000000,Canada,Québec,CA-QC,7.03,38.53,98.49,95.01,hydroquebec.com,false,""
2025-04-21T18:00:00.000000,Canada,Québec,CA-QC,6.79,38.44,98.52,95.05,hydroquebec.com,false,""
2025-04-21T19:00:00.000000,Canada,Québec,CA-QC,6.95,38.71,98.42,94.53,hydroquebec.com,false,""
2025-04-21T20:00:00.000000,Canada,Québec,CA-QC,7.27,39.13,98.33,94.52,hydroquebec.com,false,""
2025-04-21T21:00:00.000000,Canada,Québec,CA-QC,7.01,38.51,98.37,94.79,hydroquebec.com,false,""
2025-04-21T22:00:00.000000,Canada,Québec,CA-QC,6.67,37.82,98.45,95.03,hydroquebec.com,false,""
2025-04-21T23:00:00.000000,Canada,Québec,CA-QC,6.79,37.93,98.42,95.04,hydroquebec.com,false,""
2025-04-22T00:00:00.000000,Canada,Québec,CA-QC,6.92,38.06,98.39,95.0,hydroquebec.com,false,""
2025-04-22T01:00:00.000000,Canada,Québec,CA-QC,7.18,38.33,98.35,94.77,hydroquebec.com,false,""
2025-04-22T02:00:00.000000,Canada,Québec,CA-QC,7.13,38.38,98.41,94.38,hydroquebec.com,false,""
2025-04-22T03:00:00.000000,Canada,Québec,CA-QC,6.9,38.14,98.51,93.89,hydroquebec.com,false,""
2025-04-22T04:00:00.000000,Canada,Québec,CA-QC,7.12,38.39,98.48,93.41,hydroquebec.com,false,""
2025-04-22T05:00:00.000000,Canada,Québec,CA-QC,7.22,38.49,98.45,93.21,hydroquebec.com,false,""
2025-04-22T06:00:00.000000,Canada,Québec,CA-QC,7.27,38.5,98.43,92.98,hydroquebec.com,false,""
2025-04-22T07:00:00.000000,Canada,Québec,CA-QC,6.86,38.03,98.51,93.11,hydroquebec.com,false,""
2025-04-22T08:00:00.000000,Canada,Québec,CA-QC,5.88,36.98,98.66,93.7,hydroquebec.com,false,""
2025-04-22T09:00:00.000000,Canada,Québec,CA-QC,6.5,37.58,98.5,93.91,hydroquebec.com,false,""
2025-04-22T10:00:00.000000,Canada,Québec,CA-QC,6.57,37.48,98.48,94.93,hydroquebec.com,false,""
2025-04-22T11:00:00.000000,Canada,Québec,CA-QC,6.15,36.59,98.58,95.81,hydroquebec.com,false,""
2025-04-22T12:00:00.000000,Canada,Québec,CA-QC,5.8,35.77,98.65,95.56,hydroquebec.com,false,""
2025-04-22T13:00:00.000000,Canada,Québec,CA-QC,6.13,36.1,98.57,95.15,hydroquebec.com,false,""
2025-04-22T14:00:00.000000,Canada,Québec,CA-QC,6.77,36.94,98.45,95.21,hydroquebec.com,false,""
2025-04-22T15:00:00.000000,Canada,Québec,CA-QC,5.97,35.99,98.62,95.5,hydroquebec.com,false,""
2025-04-22T16:00:00.000000,Canada,Québec,CA-QC,5.82,35.83,98.67,95.46,hydroquebec.com,false,""
2025-04-22T17:00:00.000000,Canada,Québec,CA-QC,6.06,36.15,98.63,95.34,hydroquebec.com,false,""
2025-04-22T18:00:00.000000,Canada,Québec,CA-QC,5.92,36.12,98.65,95.39,hydroquebec.com,false,""
2025-04-22T19:00:00.000000,Canada,Québec,CA-QC,6.64,37.14,98.47,95.19,hydroquebec.com,false,""
2025-04-22T20:00:00.000000,Canada,Québec,CA-QC,6.95,37.39,98.39,95.23,hydroquebec.com,false,""
2025-04-22T21:00:00.000000,Canada,Québec,CA-QC,7.04,37.32,98.37,95.37,hydroquebec.com,false,""
2025-04-22T22:00:00.000000,Canada,Québec,CA-QC,7.09,37.3,98.33,95.44,hydroquebec.com,false,""
2025-04-22T23:00:00.000000,Canada,Québec,CA-QC,7.45,37.89,98.24,95.66,hydroquebec.com,false,""
2025-04-23T00:00:00.000000,Canada,Québec,CA-QC,7.78,38.49,98.15,95.74,hydroquebec.com,false,""
2025-04-23T01:00:00.000000,Canada,Québec,CA-QC,8.35,39.28,98.01,95.12,hydroquebec.com,false,""
2025-04-23T02:00:00.000000,Canada,Québec,CA-QC,8.49,39.71,97.99,94.57,hydroquebec.com,false,""
2025-04-23T03:00:00.000000,Canada,Québec,CA-QC,8.79,40.29,97.98,93.99,hydroquebec.com,false,""
2025-04-23T04:00:00.000000,Canada,Québec,CA-QC,8.53,40.26,98.07,93.65,hydroquebec.com,false,""
2025-04-23T05:00:00.000000,Canada,Québec,CA-QC,7.84,39.52,98.26,93.28,hydroquebec.com,false,""
2025-04-23T06:00:00.000000,Canada,Québec,CA-QC,7.23,38.95,98.42,93.68,hydroquebec.com,false,""
2025-04-23T07:00:00.000000,Canada,Québec,CA-QC,7.47,39.27,98.33,93.36,hydroquebec.com,false,""
2025-04-23T08:00:00.000000,Canada,Québec,CA-QC,7.49,39.48,98.27,93.6,hydroquebec.com,false,""
2025-04-23T09:00:00.000000,Canada,Québec,CA-QC,7.78,39.68,98.18,94.19,hydroquebec.com,false,""
2025-04-23T10:00:00.000000,Canada,Québec,CA-QC,7.13,38.6,98.34,95.49,hydroquebec.com,false,""
2025-04-23T11:00:00.000000,Canada,Québec,CA-QC,7.05,38.2,98.37,95.76,hydroquebec.com,false,""
2025-04-23T12:00:00.000000,Canada,Québec,CA-QC,7.07,38.19,98.38,95.65,hydroquebec.com,false,""
2025-04-23T13:00:00.000000,Canada,Québec,CA-QC,7.51,38.83,98.26,94.99,hydroquebec.com,false,""
2025-04-23T14:00:00.000000,Canada,Québec,CA-QC,7.68,39.14,98.21,94.29,hydroquebec.com,false,""
2025-04-23T15:00:00.000000,Canada,Québec,CA-QC,7.45,39.04,98.28,94.19,hydroquebec.com,false,""
2025-04-23T16:00:00.000000,Canada,Québec,CA-QC,7.49,39.08,98.29,94.04,hydroquebec.com,false,""
2025-04-23T17:00:00.000000,Canada,Québec,CA-QC,7.76,39.4,98.22,93.93,hydroquebec.com,false,""
2025-04-23T18:00:00.000000,Canada,Québec,CA-QC,8.13,40.01,98.11,93.83,hydroquebec.com,false,""
2025-04-23T19:00:00.000000,Canada,Québec,CA-QC,8.64,40.65,97.98,93.75,hydroquebec.com,false,""
2025-04-23T20:00:00.000000,Canada,Québec,CA-QC,8.28,40.23,98.03,94.17,hydroquebec.com,false,""
2025-04-23T21:00:00.000000,Canada,Québec,CA-QC,9.57,41.68,97.73,93.88,hydroquebec.com,false,""
2025-04-23T22:00:00.000000,Canada,Québec,CA-QC,9.37,41.5,97.77,94.57,hydroquebec.com,false,""
2025-04-23T23:00:00.000000,Canada,Québec,CA-QC,8.46,40.5,98.0,95.65,hydroquebec.com,false,""
2025-04-24T00:00:00.000000,Canada,Québec,CA-QC,8.38,40.35,98.0,95.74,hydroquebec.com,false,""
2025-04-24T01:00:00.000000,Canada,Québec,CA-QC,10.15,42.39,97.54,94.02,hydroquebec.com,false,""
2025-04-24T02:00:00.000000,Canada,Québec,CA-QC,10.42,43.03,97.52,93.49,hydroquebec.com,false,""
2025-04-24T03:00:00.000000,Canada,Québec,CA-QC,10.66,43.53,97.53,92.97,hydroquebec.com,false,""
2025-04-24T04:00:00.000000,Canada,Québec,CA-QC,9.92,42.75,97.74,92.8,hydroquebec.com,false,""
2025-04-24T05:00:00.000000,Canada,Québec,CA-QC,9.24,41.98,97.93,92.72,hydroquebec.com,false,""
2025-04-24T06:00:00.000000,Canada,Québec,CA-QC,8.94,41.65,97.96,92.73,hydroquebec.com,false,""
2025-04-24T07:00:00.000000,Canada,Québec,CA-QC,8.5,41.13,98.02,92.96,hydroquebec.com,false,""
2025-04-24T08:00:00.000000,Canada,Québec,CA-QC,8.01,40.56,98.09,93.33,hydroquebec.com,false,""
2025-04-24T09:00:00.000000,Canada,Québec,CA-QC,8.12,40.43,98.05,93.71,hydroquebec.com,false,""
2025-04-24T10:00:00.000000,Canada,Québec,CA-QC,7.8,39.68,98.12,94.67,hydroquebec.com,false,""
2025-04-24T11:00:00.000000,Canada,Québec,CA-QC,7.76,39.32,98.13,94.78,hydroquebec.com,false,""
2025-04-24T12:00:00.000000,Canada,Québec,CA-QC,8.0,39.65,98.1,94.53,hydroquebec.com,false,""
2025-04-24T13:00:00.000000,Canada,Québec,CA-QC,8.27,40.21,98.04,94.31,hydroquebec.com,false,""
2025-04-24T14:00:00.000000,Canada,Québec,CA-QC,8.25,40.44,98.07,94.71,hydroquebec.com,false,""
2025-04-24T15:00:00.000000,Canada,Québec,CA-QC,8.36,40.64,98.05,94.65,hydroquebec.com,false,""
2025-04-24T16:00:00.000000,Canada,Québec,CA-QC,8.41,40.75,98.04,94.52,hydroquebec.com,false,""
2025-04-24T17:00:00.000000,Canada,Québec,CA-QC,8.78,41.32,97.94,94.4,hydroquebec.com,false,""
2025-04-24T18:00:00.000000,Canada,Québec,CA-QC,9.34,42.15,97.79,94.21,hydroquebec.com,false,""
2025-04-24T19:00:00.000000,Canada,Québec,CA-QC,9.39,42.27,97.79,94.21,hydroquebec.com,false,""
2025-04-24T20:00:00.000000,Canada,Québec,CA-QC,9.64,42.54,97.71,94.27,hydroquebec.com,false,""
2025-04-24T21:00:00.000000,Canada,Québec,CA-QC,10.09,43.02,97.58,94.34,hydroquebec.com,false,""
2025-04-24T22:00:00.000000,Canada,Québec,CA-QC,9.24,41.95,97.8,95.24,hydroquebec.com,false,""
2025-04-24T23:00:00.000000,Canada,Québec,CA-QC,5.96,38.19,98.61,97.71,hydroquebec.com,false,""
2025-04-25T00:00:00.000000,Canada,Québec,CA-QC,8.38,40.61,98.0,95.52,hydroquebec.com,false,""
2025-04-25T01:00:00.000000,Canada,Québec,CA-QC,9.52,41.99,97.71,94.24,hydroquebec.com,false,""
2025-04-25T02:00:00.000000,Canada,Québec,CA-QC,10.47,43.35,97.52,93.44,hydroquebec.com,false,""
2025-04-25T03:00:00.000000,Canada,Québec,CA-QC,10.52,43.62,97.58,92.86,hydroquebec.com,false,""
2025-04-25T04:00:00.000000,Canada,Québec,CA-QC,9.96,43.23,97.77,92.75,hydroquebec.com,false,""
2025-04-25T05:00:00.000000,Canada,Québec,CA-QC,9.42,42.62,97.92,92.55,hydroquebec.com,false,""
2025-04-25T06:00:00.000000,Canada,Québec,CA-QC,8.66,41.63,98.12,92.46,hydroquebec.com,false,""
2025-04-25T07:00:00.000000,Canada,Québec,CA-QC,8.38,41.36,98.17,92.61,hydroquebec.com,false,""
2025-04-25T08:00:00.000000,Canada,Québec,CA-QC,8.32,41.34,98.1,92.72,hydroquebec.com,false,""
2025-04-25T09:00:00.000000,Canada,Québec,CA-QC,8.65,41.59,97.97,93.05,hydroquebec.com,false,""
2025-04-25T10:00:00.000000,Canada,Québec,CA-QC,8.24,40.62,98.05,93.99,hydroquebec.com,false,""
2025-04-25T11:00:00.000000,Canada,Québec,CA-QC,7.47,39.39,98.24,95.11,hydroquebec.com,false,""
2025-04-25T12:00:00.000000,Canada,Québec,CA-QC,7.68,39.46,98.19,94.89,hydroquebec.com,false,""
2025-04-25T13:00:00.000000,Canada,Québec,CA-QC,7.88,39.81,98.16,94.69,hydroquebec.com,false,""
2025-04-25T14:00:00.000000,Canada,Québec,CA-QC,8.3,40.4,98.06,94.23,hydroquebec.com,false,""
2025-04-25T15:00:00.000000,Canada,Québec,CA-QC,8.35,40.59,98.05,94.13,hydroquebec.com,false,""
2025-04-25T16:00:00.000000,Canada,Québec,CA-QC,9.6,42.32,97.78,93.64,hydroquebec.com,false,""
2025-04-25T17:00:00.000000,Canada,Québec,CA-QC,9.02,42.02,97.89,93.75,hydroquebec.com,false,""
2025-04-25T18:00:00.000000,Canada,Québec,CA-QC,9.42,42.72,97.78,93.55,hydroquebec.com,false,""
2025-04-25T19:00:00.000000,Canada,Québec,CA-QC,10.03,43.55,97.64,93.36,hydroquebec.com,false,""
2025-04-25T20:00:00.000000,Canada,Québec,CA-QC,9.52,42.79,97.72,93.6,hydroquebec.com,false,""
2025-04-25T21:00:00.000000,Canada,Québec,CA-QC,9.25,42.3,97.8,93.89,hydroquebec.com,false,""
2025-04-25T22:00:00.000000,Canada,Québec,CA-QC,8.8,41.93,97.91,94.8,hydroquebec.com,false,""
2025-04-25T23:00:00.000000,Canada,Québec,CA-QC,9.21,42.28,97.8,94.39,hydroquebec.com,false,""
2025-04-26T00:00:00.000000,Canada,Québec,CA-QC,9.34,42.49,97.76,94.66,hydroquebec.com,false,""
2025-04-26T01:00:00.000000,Canada,Québec,CA-QC,9.93,42.93,97.61,93.83,hydroquebec.com,false,""
2025-04-26T02:00:00.000000,Canada,Québec,CA-QC,9.71,42.64,97.71,93.44,hydroquebec.com,false,""
2025-04-26T03:00:00.000000,Canada,Québec,CA-QC,9.98,42.9,97.74,92.68,hydroquebec.com,false,""
2025-04-26T04:00:00.000000,Canada,Québec,CA-QC,10.53,43.65,97.63,92.08,hydroquebec.com,false,""
2025-04-26T05:00:00.000000,Canada,Québec,CA-QC,9.4,42.13,97.94,92.05,hydroquebec.com,false,""
2025-04-26T06:00:00.000000,Canada,Québec,CA-QC,9.22,41.79,98.0,92.04,hydroquebec.com,false,""
2025-04-26T07:00:00.000000,Canada,Québec,CA-QC,8.94,41.24,98.08,91.85,hydroquebec.com,false,""
2025-04-26T08:00:00.000000,Canada,Québec,CA-QC,8.46,40.62,98.18,92.04,hydroquebec.com,false,""
2025-04-26T09:00:00.000000,Canada,Québec,CA-QC,7.86,39.87,98.28,92.47,hydroquebec.com,false,""
2025-04-26T10:00:00.000000,Canada,Québec,CA-QC,7.44,39.34,98.33,93.2,hydroquebec.com,false,""
2025-04-26T11:00:00.000000,Canada,Québec,CA-QC,6.96,38.35,98.42,93.64,hydroquebec.com,false,""
2025-04-26T12:00:00.000000,Canada,Québec,CA-QC,6.42,37.33,98.54,94.31,hydroquebec.com,false,""
2025-04-26T13:00:00.000000,Canada,Québec,CA-QC,6.04,36.61,98.62,94.59,hydroquebec.com,false,""
2025-04-26T14:00:00.000000,Canada,Québec,CA-QC,5.95,36.41,98.64,94.81,hydroquebec.com,false,""
2025-04-26T15:00:00.000000,Canada,Québec,CA-QC,5.99,36.38,98.64,94.93,hydroquebec.com,false,""
2025-04-26T16:00:00.000000,Canada,Québec,CA-QC,5.95,36.26,98.65,94.95,hydroquebec.com,false,""
2025-04-26T17:00:00.000000,Canada,Québec,CA-QC,6.01,36.31,98.63,94.88,hydroquebec.com,false,""
2025-04-26T18:00:00.000000,Canada,Québec,CA-QC,6.16,36.45,98.59,94.73,hydroquebec.com,false,""
2025-04-26T19:00:00.000000,Canada,Québec,CA-QC,6.37,36.64,98.53,94.65,hydroquebec.com,false,""
2025-04-26T20:00:00.000000,Canada,Québec,CA-QC,6.49,36.69,98.5,94.71,hydroquebec.com,false,""
2025-04-26T21:00:00.000000,Canada,Québec,CA-QC,6.4,36.48,98.53,94.83,hydroquebec.com,false,""
2025-04-26T22:00:00.000000,Canada,Québec,CA-QC,6.4,36.46,98.52,94.86,hydroquebec.com,false,""
2025-04-26T23:00:00.000000,Canada,Québec,CA-QC,6.92,37.13,98.4,94.66,hydroquebec.com,false,""
2025-04-27T00:00:00.000000,Canada,Québec,CA-QC,7.66,38.17,98.24,94.45,hydroquebec.com,false,""
2025-04-27T01:00:00.000000,Canada,Québec,CA-QC,7.87,38.58,98.19,94.35,hydroquebec.com,false,""
2025-04-27T02:00:00.000000,Canada,Québec,CA-QC,8.32,39.13,98.14,93.7,hydroquebec.com,false,""
2025-04-27T03:00:00.000000,Canada,Québec,CA-QC,7.86,38.8,98.29,93.6,hydroquebec.com,false,""
2025-04-27T04:00:00.000000,Canada,Québec,CA-QC,7.32,38.31,98.44,93.46,hydroquebec.com,false,""
2025-04-27T05:00:00.000000,Canada,Québec,CA-QC,7.36,38.44,98.44,93.14,hydroquebec.com,false,""
2025-04-27T06:00:00.000000,Canada,Québec,CA-QC,7.44,38.64,98.43,92.96,hydroquebec.com,false,""
2025-04-27T07:00:00.000000,Canada,Québec,CA-QC,7.78,39.04,98.33,92.9,hydroquebec.com,false,""
2025-04-27T08:00:00.000000,Canada,Québec,CA-QC,7.54,38.77,98.37,93.4,hydroquebec.com,false,""
2025-04-27T09:00:00.000000,Canada,Québec,CA-QC,7.02,38.45,98.47,95.1,hydroquebec.com,false,""
2025-04-27T10:00:00.000000,Canada,Québec,CA-QC,6.3,37.38,98.61,95.64,hydroquebec.com,false,""
2025-04-27T11:00:00.000000,Canada,Québec,CA-QC,5.22,35.83,98.82,96.22,hydroquebec.com,false,""
2025-04-27T12:00:00.000000,Canada,Québec,CA-QC,4.87,35.1,98.9,96.47,hydroquebec.com,false,""
2025-04-27T13:00:00.000000,Canada,Québec,CA-QC,4.84,34.86,98.91,96.66,hydroquebec.com,false,""
2025-04-27T14:00:00.000000,Canada,Québec,CA-QC,4.68,34.47,98.95,96.62,hydroquebec.com,false,""
2025-04-27T15:00:00.000000,Canada,Québec,CA-QC,4.53,34.16,99.0,96.62,hydroquebec.com,false,""
2025-04-27T16:00:00.000000,Canada,Québec,CA-QC,4.49,34.03,99.01,96.62,hydroquebec.com,false,""
2025-04-27T17:00:00.000000,Canada,Québec,CA-QC,4.7,34.35,98.96,96.5,hydroquebec.com,false,""
2025-04-27T18:00:00.000000,Canada,Québec,CA-QC,4.94,34.88,98.9,96.34,hydroquebec.com,false,""
2025-04-27T19:00:00.000000,Canada,Québec,CA-QC,5.05,35.27,98.88,96.27,hydroquebec.com,false,""
2025-04-27T20:00:00.000000,Canada,Québec,CA-QC,5.45,35.94,98.78,96.17,hydroquebec.com,false,""
2025-04-27T21:00:00.000000,Canada,Québec,CA-QC,5.73,36.41,98.72,96.17,hydroquebec.com,false,""
2025-04-27T22:00:00.000000,Canada,Québec,CA-QC,6.0,36.85,98.65,96.21,hydroquebec.com,false,""
2025-04-27T23:00:00.000000,Canada,Québec,CA-QC,6.73,37.74,98.47,96.1,hydroquebec.com,false,""
2025-04-28T00:00:00.000000,Canada,Québec,CA-QC,7.05,38.03,98.39,96.06,hydroquebec.com,false,""
2025-04-28T01:00:00.000000,Canada,Québec,CA-QC,6.93,37.75,98.42,96.03,hydroquebec.com,false,""
2025-04-28T02:00:00.000000,Canada,Québec,CA-QC,7.03,37.82,98.41,95.79,hydroquebec.com,false,""
2025-04-28T03:00:00.000000,Canada,Québec,CA-QC,7.93,38.87,98.25,95.12,hydroquebec.com,false,""
2025-04-28T04:00:00.000000,Canada,Québec,CA-QC,8.2,39.29,98.23,94.67,hydroquebec.com,false,""
2025-04-28T05:00:00.000000,Canada,Québec,CA-QC,8.16,39.47,98.22,94.57,hydroquebec.com,false,""
2025-04-28T06:00:00.000000,Canada,Québec,CA-QC,8.33,39.82,98.19,94.44,hydroquebec.com,false,""
2025-04-28T07:00:00.000000,Canada,Québec,CA-QC,8.44,40.11,98.15,94.41,hydroquebec.com,false,""
2025-04-28T08:00:00.000000,Canada,Québec,CA-QC,8.07,39.8,98.19,94.75,hydroquebec.com,false,""
2025-04-28T09:00:00.000000,Canada,Québec,CA-QC,6.98,38.49,98.38,95.49,hydroquebec.com,false,""
2025-04-28T10:00:00.000000,Canada,Québec,CA-QC,6.73,37.91,98.44,95.95,hydroquebec.com,false,""
2025-04-28T11:00:00.000000,Canada,Québec,CA-QC,6.69,37.77,98.48,96.26,hydroquebec.com,false,""
2025-04-28T12:00:00.000000,Canada,Québec,CA-QC,7.01,38.44,98.4,96.05,hydroquebec.com,false,""
2025-04-28T13:00:00.000000,Canada,Québec,CA-QC,7.29,39.1,98.37,95.73,hydroquebec.com,false,""
2025-04-28T14:00:00.000000,Canada,Québec,CA-QC,7.57,39.57,98.33,95.45,hydroquebec.com,false,""
2025-04-28T15:00:00.000000,Canada,Québec,CA-QC,8.13,40.29,98.24,95.13,hydroquebec.com,false,""
2025-04-28T16:00:00.000000,Canada,Québec,CA-QC,8.15,40.32,98.25,95.03,hydroquebec.com,false,""
2025-04-28T17:00:00.000000,Canada,Québec,CA-QC,8.25,40.39,98.25,94.93,hydroquebec.com,false,""
2025-04-28T18:00:00.000000,Canada,Québec,CA-QC,8.33,40.51,98.24,94.86,hydroquebec.com,false,""
2025-04-28T19:00:00.000000,Canada,Québec,CA-QC,8.75,41.11,98.13,94.74,hydroquebec.com,false,""
2025-04-28T20:00:00.000000,Canada,Québec,CA-QC,8.35,40.77,98.17,95.08,hydroquebec.com,false,""
2025-04-28T21:00:00.000000,Canada,Québec,CA-QC,9.02,41.44,98.0,95.04,hydroquebec.com,false,""
2025-04-28T22:00:00.000000,Canada,Québec,CA-QC,8.5,40.79,98.08,95.59,hydroquebec.com,false,""
2025-04-28T23:00:00.000000,Canada,Québec,CA-QC,6.11,37.82,98.58,96.54,hydroquebec.com,false,""
2025-04-29T00:00:00.000000,Canada,Québec,CA-QC,5.8,37.2,98.65,96.59,hydroquebec.com,false,""
2025-04-29T01:00:00.000000,Canada,Québec,CA-QC,6.98,38.55,98.38,96.09,hydroquebec.com,false,""
2025-04-29T02:00:00.000000,Canada,Québec,CA-QC,7.55,39.18,98.3,95.44,hydroquebec.com,false,""
2025-04-29T03:00:00.000000,Canada,Québec,CA-QC,8.35,40.11,98.16,94.77,hydroquebec.com,false,""
2025-04-29T04:00:00.000000,Canada,Québec,CA-QC,6.98,38.88,98.51,96.75,hydroquebec.com,false,""
2025-04-29T05:00:00.000000,Canada,Québec,CA-QC,5.55,37.07,98.81,96.84,hydroquebec.com,false,""
2025-04-29T06:00:00.000000,Canada,Québec,CA-QC,6.28,37.95,98.64,96.67,hydroquebec.com,false,""
2025-04-29T07:00:00.000000,Canada,Québec,CA-QC,4.5,35.65,99.0,96.74,hydroquebec.com,false,""
2025-04-29T08:00:00.000000,Canada,Québec,CA-QC,5.67,36.96,98.72,96.74,hydroquebec.com,false,""
2025-04-29T09:00:00.000000,Canada,Québec,CA-QC,5.96,36.74,98.64,95.43,hydroquebec.com,false,""
2025-04-29T10:00:00.000000,Canada,Québec,CA-QC,6.16,36.7,98.58,95.72,hydroquebec.com,false,""
2025-04-29T11:00:00.000000,Canada,Québec,CA-QC,6.05,36.24,98.62,96.09,hydroquebec.com,false,""
2025-04-29T12:00:00.000000,Canada,Québec,CA-QC,5.87,35.98,98.67,96.28,hydroquebec.com,false,""
2025-04-29T13:00:00.000000,Canada,Québec,CA-QC,6.02,36.25,98.64,96.11,hydroquebec.com,false,""
2025-04-29T14:00:00.000000,Canada,Québec,CA-QC,6.08,36.43,98.63,96.04,hydroquebec.com,false,""
2025-04-29T15:00:00.000000,Canada,Québec,CA-QC,6.22,36.58,98.6,95.98,hydroquebec.com,false,""
2025-04-29T16:00:00.000000,Canada,Québec,CA-QC,7.02,37.23,98.47,95.54,hydroquebec.com,false,""
2025-04-29T17:00:00.000000,Canada,Québec,CA-QC,7.82,37.97,98.32,95.21,hydroquebec.com,false,""
2025-04-29T18:00:00.000000,Canada,Québec,CA-QC,8.0,38.12,98.27,95.15,hydroquebec.com,false,""
2025-04-29T19:00:00.000000,Canada,Québec,CA-QC,8.27,38.52,98.19,95.13,hydroquebec.com,false,""
2025-04-29T20:00:00.000000,Canada,Québec,CA-QC,6.44,36.56,98.53,96.1,hydroquebec.com,false,""
2025-04-29T21:00:00.000000,Canada,Québec,CA-QC,6.29,36.2,98.57,96.33,hydroquebec.com,false,""
2025-04-29T22:00:00.000000,Canada,Québec,CA-QC,6.23,36.06,98.57,96.41,hydroquebec.com,false,""
2025-04-29T23:00:00.000000,Canada,Québec,CA-QC,6.17,36.0,98.58,96.42,hydroquebec.com,false,""
2025-04-30T00:00:00.000000,Canada,Québec,CA-QC,6.24,36.11,98.56,96.36,hydroquebec.com,false,""
2025-04-30T01:00:00.000000,Canada,Québec,CA-QC,6.4,36.55,98.53,96.21,hydroquebec.com,false,""
2025-04-30T02:00:00.000000,Canada,Québec,CA-QC,6.6,37.26,98.49,95.91,hydroquebec.com,false,""
2025-04-30T03:00:00.000000,Canada,Québec,CA-QC,1.87,32.13,99.56,97.6,hydroquebec.com,false,""
2025-04-30T04:00:00.000000,Canada,Québec,CA-QC,1.64,31.76,99.62,97.4,hydroquebec.com,false,""
2025-04-30T05:00:00.000000,Canada,Québec,CA-QC,1.55,31.77,99.65,97.15,hydroquebec.com,false,""
2025-04-30T06:00:00.000000,Canada,Québec,CA-QC,6.4,37.91,98.6,96.63,hydroquebec.com,false,""
2025-04-30T07:00:00.000000,Canada,Québec,CA-QC,6.53,38.14,98.56,96.57,hydroquebec.com,false,""
2025-04-30T08:00:00.000000,Canada,Québec,CA-QC,3.48,34.18,99.21,96.68,hydroquebec.com,false,""
2025-04-30T09:00:00.000000,Canada,Québec,CA-QC,7.22,38.21,98.37,95.49,hydroquebec.com,false,""
2025-04-30T10:00:00.000000,Canada,Québec,CA-QC,7.47,38.12,98.29,95.6,hydroquebec.com,false,""
2025-04-30T11:00:00.000000,Canada,Québec,CA-QC,7.4,37.71,98.29,95.97,hydroquebec.com,false,""
2025-04-30T12:00:00.000000,Canada,Québec,CA-QC,7.21,37.32,98.34,96.1,hydroquebec.com,false,""
2025-04-30T13:00:00.000000,Canada,Québec,CA-QC,6.85,36.83,98.44,96.16,hydroquebec.com,false,""
2025-04-30T14:00:00.000000,Canada,Québec,CA-QC,6.8,36.72,98.45,95.98,hydroquebec.com,false,""
2025-04-30T15:00:00.000000,Canada,Québec,CA-QC,6.83,36.76,98.45,95.94,hydroquebec.com,false,""
2025-04-30T16:00:00.000000,Canada,Québec,CA-QC,6.39,36.19,98.55,95.99,hydroquebec.com,false,""
2025-04-30T17:00:00.000000,Canada,Québec,CA-QC,6.59,36.49,98.5,96.01,hydroquebec.com,false,""
2025-04-30T18:00:00.000000,Canada,Québec,CA-QC,6.9,37.0,98.41,95.84,hydroquebec.com,false,""
2025-04-30T19:00:00.000000,Canada,Québec,CA-QC,7.4,37.74,98.29,95.74,hydroquebec.com,false,""
2025-04-30T20:00:00.000000,Canada,Québec,CA-QC,7.79,38.24,98.18,95.7,hydroquebec.com,false,""
2025-04-30T21:00:00.000000,Canada,Québec,CA-QC,8.1,38.57,98.09,95.82,hydroquebec.com,false,""
2025-04-30T22:00:00.000000,Canada,Québec,CA-QC,7.1,37.23,98.32,96.29,hydroquebec.com,false,""
2025-04-30T23:00:00.000000,Canada,Québec,CA-QC,6.49,36.47,98.44,96.53,hydroquebec.com,false,""
2025-05-01T00:00:00.000000,Canada,Québec,CA-QC,6.96,37.03,98.33,96.42,hydroquebec.com,false,""
2025-05-01T01:00:00.000000,Canada,Québec,CA-QC,8.12,38.51,98.08,96.01,hydroquebec.com,false,""
2025-05-01T02:00:00.000000,Canada,Québec,CA-QC,8.03,38.67,98.12,95.81,hydroquebec.com,false,""
2025-05-01T03:00:00.000000,Canada,Québec,CA-QC,7.68,38.53,98.23,95.65,hydroquebec.com,false,""
2025-05-01T04:00:00.000000,Canada,Québec,CA-QC,7.1,38.29,98.42,96.66,hydroquebec.com,false,""
2025-05-01T05:00:00.000000,Canada,Québec,CA-QC,6.66,38.03,98.53,97.51,hydroquebec.com,false,""
2025-05-01T06:00:00.000000,Canada,Québec,CA-QC,6.5,37.81,98.57,97.56,hydroquebec.com,false,""
2025-05-01T07:00:00.000000,Canada,Québec,CA-QC,6.34,37.55,98.6,97.58,hydroquebec.com,false,""
2025-05-01T08:00:00.000000,Canada,Québec,CA-QC,6.29,37.38,98.61,97.67,hydroquebec.com,false,""
2025-05-01T09:00:00.000000,Canada,Québec,CA-QC,6.32,37.06,98.59,96.95,hydroquebec.com,false,""
2025-05-01T10:00:00.000000,Canada,Québec,CA-QC,6.21,36.74,98.61,97.35,hydroquebec.com,false,""
2025-05-01T11:00:00.000000,Canada,Québec,CA-QC,5.39,35.59,98.81,97.84,hydroquebec.com,false,""
2025-05-01T12:00:00.000000,Canada,Québec,CA-QC,5.48,35.73,98.77,97.5,hydroquebec.com,false,""
2025-05-01T13:00:00.000000,Canada,Québec,CA-QC,6.24,36.91,98.62,97.18,hydroquebec.com,false,""
2025-05-01T14:00:00.000000,Canada,Québec,CA-QC,6.28,37.21,98.62,97.11,hydroquebec.com,false,""
2025-05-01T15:00:00.000000,Canada,Québec,CA-QC,6.12,37.14,98.66,97.1,hydroquebec.com,false,""
2025-05-01T16:00:00.000000,Canada,Québec,CA-QC,7.69,38.94,98.37,96.36,hydroquebec.com,false,""
2025-05-01T17:00:00.000000,Canada,Québec,CA-QC,8.02,39.42,98.3,96.28,hydroquebec.com,false,""
2025-05-01T18:00:00.000000,Canada,Québec,CA-QC,6.31,37.63,98.62,97.06,hydroquebec.com,false,""
2025-05-01T19:00:00.000000,Canada,Québec,CA-QC,8.55,40.17,98.16,96.35,hydroquebec.com,false,""
2025-05-01T20:00:00.000000,Canada,Québec,CA-QC,6.49,37.78,98.57,97.08,hydroquebec.com,false,""
2025-05-01T21:00:00.000000,Canada,Québec,CA-QC,8.08,39.6,98.21,96.63,hydroquebec.com,false,""
2025-05-01T22:00:00.000000,Canada,Québec,CA-QC,11.48,43.58,97.41,95.55,hydroquebec.com,false,""
2025-05-01T23:00:00.000000,Canada,Québec,CA-QC,10.47,42.35,97.63,95.92,hydroquebec.com,false,""
2025-05-02T00:00:00.000000,Canada,Québec,CA-QC,10.37,42.2,97.66,96.0,hydroquebec.com,false,""
2025-05-02T01:00:00.000000,Canada,Québec,CA-QC,11.51,43.71,97.41,95.57,hydroquebec.com,false,""
2025-05-02T02:00:00.000000,Canada,Québec,CA-QC,12.08,44.72,97.27,95.2,hydroquebec.com,false,""
2025-05-02T03:00:00.000000,Canada,Québec,CA-QC,12.31,45.32,97.23,94.85,hydroquebec.com,false,""
2025-05-02T04:00:00.000000,Canada,Québec,CA-QC,13.36,46.85,97.0,94.04,hydroquebec.com,false,""
2025-05-02T05:00:00.000000,Canada,Québec,CA-QC,13.86,47.58,96.91,93.65,hydroquebec.com,false,""
2025-05-02T06:00:00.000000,Canada,Québec,CA-QC,14.04,47.69,96.89,93.21,hydroquebec.com,false,""
2025-05-02T07:00:00.000000,Canada,Québec,CA-QC,12.79,46.15,97.12,93.51,hydroquebec.com,false,""
2025-05-02T08:00:00.000000,Canada,Québec,CA-QC,12.77,45.83,97.1,93.61,hydroquebec.com,false,""
2025-05-02T09:00:00.000000,Canada,Québec,CA-QC,10.07,41.88,97.74,94.56,hydroquebec.com,false,""
2025-05-02T10:00:00.000000,Canada,Québec,CA-QC,11.23,42.68,97.5,95.09,hydroquebec.com,false,""
2025-05-02T11:00:00.000000,Canada,Québec,CA-QC,10.99,41.88,97.55,95.47,hydroquebec.com,false,""
2025-05-02T12:00:00.000000,Canada,Québec,CA-QC,10.63,41.15,97.67,95.68,hydroquebec.com,false,""
2025-05-02T13:00:00.000000,Canada,Québec,CA-QC,10.5,40.89,97.71,95.52,hydroquebec.com,false,""
2025-05-02T14:00:00.000000,Canada,Québec,CA-QC,10.51,40.99,97.71,95.49,hydroquebec.com,false,""
2025-05-02T15:00:00.000000,Canada,Québec,CA-QC,10.55,41.03,97.68,95.43,hydroquebec.com,false,""
2025-05-02T16:00:00.000000,Canada,Québec,CA-QC,8.81,39.01,98.07,95.94,hydroquebec.com,false,""
2025-05-02T17:00:00.000000,Canada,Québec,CA-QC,5.73,35.59,98.74,97.04,hydroquebec.com,false,""
2025-05-02T18:00:00.000000,Canada,Québec,CA-QC,6.04,36.02,98.66,96.89,hydroquebec.com,false,""
2025-05-02T19:00:00.000000,Canada,Québec,CA-QC,6.86,36.99,98.47,96.6,hydroquebec.com,false,""
2025-05-02T20:00:00.000000,Canada,Québec,CA-QC,7.07,37.17,98.41,96.59,hydroquebec.com,false,""
2025-05-02T21:00:00.000000,Canada,Québec,CA-QC,6.34,36.26,98.57,96.88,hydroquebec.com,false,""
2025-05-02T22:00:00.000000,Canada,Québec,CA-QC,5.53,35.31,98.74,97.11,hydroquebec.com,false,""
2025-05-02T23:00:00.000000,Canada,Québec,CA-QC,5.65,35.56,98.71,97.14,hydroquebec.com,false,""
2025-05-03T00:00:00.000000,Canada,Québec,CA-QC,5.64,35.49,98.71,96.86,hydroquebec.com,false,""
2025-05-03T01:00:00.000000,Canada,Québec,CA-QC,7.01,37.1,98.4,96.14,hydroquebec.com,false,""
2025-05-03T02:00:00.000000,Canada,Québec,CA-QC,9.19,39.81,97.94,95.25,hydroquebec.com,false,""
2025-05-03T03:00:00.000000,Canada,Québec,CA-QC,7.04,37.8,98.47,96.94,hydroquebec.com,false,""
2025-05-03T04:00:00.000000,Canada,Québec,CA-QC,0.3,30.15,99.93,99.44,hydroquebec.com,false,""
2025-05-03T05:00:00.000000,Canada,Québec,CA-QC,0.06,30.02,99.98,99.25,hydroquebec.com,false,""
2025-05-03T06:00:00.000000,Canada,Québec,CA-QC,0.62,30.9,99.88,98.59,hydroquebec.com,false,""
2025-05-03T07:00:00.000000,Canada,Québec,CA-QC,1.19,31.6,99.78,98.05,hydroquebec.com,false,""
2025-05-03T08:00:00.000000,Canada,Québec,CA-QC,1.3,31.86,99.75,98.09,hydroquebec.com,false,""
2025-05-03T09:00:00.000000,Canada,Québec,CA-QC,0.5,31.06,99.9,98.52,hydroquebec.com,false,""
2025-05-03T10:00:00.000000,Canada,Québec,CA-QC,4.36,35.31,99.03,96.13,hydroquebec.com,false,""
2025-05-03T11:00:00.000000,Canada,Québec,CA-QC,12.73,45.3,97.17,94.11,hydroquebec.com,false,""
2025-05-03T12:00:00.000000,Canada,Québec,CA-QC,12.55,45.19,97.21,95.11,hydroquebec.com,false,""
2025-05-03T13:00:00.000000,Canada,Québec,CA-QC,12.09,44.54,97.3,95.12,hydroquebec.com,false,""
2025-05-03T14:00:00.000000,Canada,Québec,CA-QC,11.99,44.58,97.31,95.5,hydroquebec.com,false,""
2025-05-03T15:00:00.000000,Canada,Québec,CA-QC,12.32,45.05,97.23,95.5,hydroquebec.com,false,""
2025-05-03T16:00:00.000000,Canada,Québec,CA-QC,12.77,45.82,97.12,95.33,hydroquebec.com,false,""
2025-05-03T17:00:00.000000,Canada,Québec,CA-QC,13.45,46.77,97.0,95.0,hydroquebec.com,false,""
2025-05-03T18:00:00.000000,Canada,Québec,CA-QC,13.04,46.25,97.08,93.95,hydroquebec.com,false,""
2025-05-03T19:00:00.000000,Canada,Québec,CA-QC,13.38,46.78,97.01,93.43,hydroquebec.com,false,""
2025-05-03T20:00:00.000000,Canada,Québec,CA-QC,11.72,44.93,97.36,94.02,hydroquebec.com,false,""
2025-05-03T21:00:00.000000,Canada,Québec,CA-QC,10.79,44.11,97.55,95.36,hydroquebec.com,false,""
2025-05-03T22:00:00.000000,Canada,Québec,CA-QC,10.25,43.43,97.68,95.78,hydroquebec.com,false,""
2025-05-03T23:00:00.000000,Canada,Québec,CA-QC,11.45,44.97,97.41,95.53,hydroquebec.com,false,""
2025-05-04T00:00:00.000000,Canada,Québec,CA-QC,11.57,45.13,97.41,95.96,hydroquebec.com,false,""
2025-05-04T01:00:00.000000,Canada,Québec,CA-QC,12.79,45.9,97.17,93.8,hydroquebec.com,false,""
2025-05-04T02:00:00.000000,Canada,Québec,CA-QC,15.05,48.9,96.71,93.33,hydroquebec.com,false,""
2025-05-04T03:00:00.000000,Canada,Québec,CA-QC,15.61,49.56,96.61,92.11,hydroquebec.com,false,""
2025-05-04T04:00:00.000000,Canada,Québec,CA-QC,13.49,47.36,97.1,92.43,hydroquebec.com,false,""
2025-05-04T05:00:00.000000,Canada,Québec,CA-QC,8.7,41.89,98.16,93.96,hydroquebec.com,false,""
2025-05-04T06:00:00.000000,Canada,Québec,CA-QC,11.91,45.58,97.48,92.68,hydroquebec.com,false,""
2025-05-04T07:00:00.000000,Canada,Québec,CA-QC,13.07,46.96,97.23,92.19,hydroquebec.com,false,""
2025-05-04T08:00:00.000000,Canada,Québec,CA-QC,12.27,46.09,97.38,92.62,hydroquebec.com,false,""
2025-05-04T09:00:00.000000,Canada,Québec,CA-QC,11.45,45.15,97.54,92.93,hydroquebec.com,false,""
2025-05-04T10:00:00.000000,Canada,Québec,CA-QC,9.5,42.84,97.93,93.8,hydroquebec.com,false,""
2025-05-04T11:00:00.000000,Canada,Québec,CA-QC,8.22,41.26,98.15,94.57,hydroquebec.com,false,""
2025-05-04T12:00:00.000000,Canada,Québec,CA-QC,11.57,44.9,97.42,93.42,hydroquebec.com,false,""
2025-05-04T13:00:00.000000,Canada,Québec,CA-QC,11.03,43.99,97.56,93.68,hydroquebec.com,false,""
2025-05-04T14:00:00.000000,Canada,Québec,CA-QC,12.02,44.94,97.33,93.37,hydroquebec.com,false,""
2025-05-04T15:00:00.000000,Canada,Québec,CA-QC,12.11,44.88,97.31,93.43,hydroquebec.com,false,""
2025-05-04T16:00:00.000000,Canada,Québec,CA-QC,11.17,43.47,97.51,93.81,hydroquebec.com,false,""
2025-05-04T17:00:00.000000,Canada,Québec,CA-QC,10.72,42.65,97.62,93.98,hydroquebec.com,false,""
2025-05-04T18:00:00.000000,Canada,Québec,CA-QC,12.35,44.42,97.26,93.37,hydroquebec.com,false,""
2025-05-04T19:00:00.000000,Canada,Québec,CA-QC,10.45,42.15,97.68,94.07,hydroquebec.com,false,""
2025-05-04T20:00:00.000000,Canada,Québec,CA-QC,12.19,44.25,97.26,93.94,hydroquebec.com,false,""
2025-05-04T21:00:00.000000,Canada,Québec,CA-QC,11.14,42.54,97.46,93.08,hydroquebec.com,false,""
2025-05-04T22:00:00.000000,Canada,Québec,CA-QC,5.37,35.79,98.76,95.71,hydroquebec.com,false,""
2025-05-04T23:00:00.000000,Canada,Québec,CA-QC,3.29,33.31,99.22,96.54,hydroquebec.com,false,""
2025-05-05T00:00:00.000000,Canada,Québec,CA-QC,6.94,37.72,98.44,95.7,hydroquebec.com,false,""
2025-05-05T01:00:00.000000,Canada,Québec,CA-QC,2.39,32.37,99.44,97.28,hydroquebec.com,false,""
2025-05-05T02:00:00.000000,Canada,Québec,CA-QC,6.49,37.08,98.53,94.87,hydroquebec.com,false,""
2025-05-05T03:00:00.000000,Canada,Québec,CA-QC,9.34,40.76,97.94,93.17,hydroquebec.com,false,""
2025-05-05T04:00:00.000000,Canada,Québec,CA-QC,2.27,32.95,99.51,95.41,hydroquebec.com,false,""
2025-05-05T05:00:00.000000,Canada,Québec,CA-QC,1.17,31.71,99.76,95.53,hydroquebec.com,false,""
2025-05-05T06:00:00.000000,Canada,Québec,CA-QC,1.18,31.69,99.76,95.15,hydroquebec.com,false,""
2025-05-05T07:00:00.000000,Canada,Québec,CA-QC,1.38,32.02,99.68,95.13,hydroquebec.com,false,""
2025-05-05T08:00:00.000000,Canada,Québec,CA-QC,3.54,34.51,99.21,94.64,hydroquebec.com,false,""
2025-05-05T09:00:00.000000,Canada,Québec,CA-QC,6.51,37.63,98.54,93.55,hydroquebec.com,false,""
2025-05-05T10:00:00.000000,Canada,Québec,CA-QC,9.44,41.0,97.87,93.67,hydroquebec.com,false,""
2025-05-05T11:00:00.000000,Canada,Québec,CA-QC,6.41,37.63,98.56,96.4,hydroquebec.com,false,""
2025-05-05T12:00:00.000000,Canada,Québec,CA-QC,7.03,38.32,98.42,96.45,hydroquebec.com,false,""
2025-05-05T13:00:00.000000,Canada,Québec,CA-QC,8.51,40.3,98.09,96.26,hydroquebec.com,false,""
2025-05-05T14:00:00.000000,Canada,Québec,CA-QC,8.74,40.65,98.04,95.89,hydroquebec.com,false,""
2025-05-05T15:00:00.000000,Canada,Québec,CA-QC,9.98,42.34,97.78,95.98,hydroquebec.com,false,""
2025-05-05T16:00:00.000000,Canada,Québec,CA-QC,9.93,42.44,97.78,96.12,hydroquebec.com,false,""
2025-05-05T17:00:00.000000,Canada,Québec,CA-QC,10.01,42.7,97.77,96.09,hydroquebec.com,false,""
2025-05-05T18:00:00.000000,Canada,Québec,CA-QC,10.08,42.91,97.75,96.06,hydroquebec.com,false,""
2025-05-05T19:00:00.000000,Canada,Québec,CA-QC,10.27,43.25,97.71,95.99,hydroquebec.com,false,""
2025-05-05T20:00:00.000000,Canada,Québec,CA-QC,6.77,39.06,98.48,96.94,hydroquebec.com,false,""
2025-05-05T21:00:00.000000,Canada,Québec,CA-QC,7.22,39.35,98.38,96.85,hydroquebec.com,false,""
2025-05-05T22:00:00.000000,Canada,Québec,CA-QC,6.27,38.18,98.59,97.4,hydroquebec.com,false,""
2025-05-05T23:00:00.000000,Canada,Québec,CA-QC,3.73,35.1,99.16,98.3,hydroquebec.com,false,""
2025-05-06T00:00:00.000000,Canada,Québec,CA-QC,6.23,37.87,98.59,97.68,hydroquebec.com,false,""
2025-05-06T01:00:00.000000,Canada,Québec,CA-QC,7.77,39.52,98.26,97.01,hydroquebec.com,false,""
2025-05-06T02:00:00.000000,Canada,Québec,CA-QC,10.29,42.15,97.72,94.7,hydroquebec.com,false,""
2025-05-06T03:00:00.000000,Canada,Québec,CA-QC,12.8,45.31,97.18,93.22,hydroquebec.com,false,""
2025-05-06T04:00:00.000000,Canada,Québec,CA-QC,4.68,36.21,98.92,95.7,hydroquebec.com,false,""
2025-05-06T05:00:00.000000,Canada,Québec,CA-QC,4.09,35.51,99.05,95.73,hydroquebec.com,false,""
2025-05-06T06:00:00.000000,Canada,Québec,CA-QC,3.03,34.3,99.29,96.05,hydroquebec.com,false,""
2025-05-06T07:00:00.000000,Canada,Québec,CA-QC,3.73,35.05,99.15,95.82,hydroquebec.com,false,""
2025-05-06T08:00:00.000000,Canada,Québec,CA-QC,3.17,34.14,99.25,95.11,hydroquebec.com,false,""
2025-05-06T09:00:00.000000,Canada,Québec,CA-QC,8.41,40.25,98.09,93.91,hydroquebec.com,false,""
2025-05-06T10:00:00.000000,Canada,Québec,CA-QC,11.17,43.32,97.45,93.67,hydroquebec.com,false,""
2025-05-06T11:00:00.000000,Canada,Québec,CA-QC,9.64,41.5,97.82,95.66,hydroquebec.com,false,""
2025-05-06T12:00:00.000000,Canada,Québec,CA-QC,8.16,39.66,98.16,96.48,hydroquebec.com,false,""
2025-05-06T13:00:00.000000,Canada,Québec,CA-QC,10.02,41.99,97.76,96.1,hydroquebec.com,false,""
2025-05-06T14:00:00.000000,Canada,Québec,CA-QC,12.98,45.38,97.14,94.88,hydroquebec.com,false,""
2025-05-06T15:00:00.000000,Canada,Québec,CA-QC,12.13,44.43,97.31,94.76,hydroquebec.com,false,""
2025-05-06T16:00:00.000000,Canada,Québec,CA-QC,12.28,44.74,97.27,94.72,hydroquebec.com,false,""
2025-05-06T17:00:00.000000,Canada,Québec,CA-QC,11.87,44.4,97.41,95.81,hydroquebec.com,false,""
2025-05-06T18:00:00.000000,Canada,Québec,CA-QC,11.18,43.53,97.54,95.96,hydroquebec.com,false,""
2025-05-06T19:00:00.000000,Canada,Québec,CA-QC,11.46,43.81,97.47,95.88,hydroquebec.com,false,""
2025-05-06T20:00:00.000000,Canada,Québec,CA-QC,10.4,42.37,97.7,96.28,hydroquebec.com,false,""
2025-05-06T21:00:00.000000,Canada,Québec,CA-QC,10.79,42.52,97.61,96.16,hydroquebec.com,false,""
2025-05-06T22:00:00.000000,Canada,Québec,CA-QC,7.67,38.5,98.24,96.08,hydroquebec.com,false,""
2025-05-06T23:00:00.000000,Canada,Québec,CA-QC,7.66,38.48,98.23,96.12,hydroquebec.com,false,""
2025-05-07T00:00:00.000000,Canada,Québec,CA-QC,9.07,40.2,97.92,95.91,hydroquebec.com,false,""
2025-05-07T01:00:00.000000,Canada,Québec,CA-QC,10.77,42.34,97.55,95.02,hydroquebec.com,false,""
2025-05-07T02:00:00.000000,Canada,Québec,CA-QC,7.37,38.72,98.32,95.94,hydroquebec.com,false,""
2025-05-07T03:00:00.000000,Canada,Québec,CA-QC,7.23,39.0,98.35,95.68,hydroquebec.com,false,""
2025-05-07T04:00:00.000000,Canada,Québec,CA-QC,1.18,32.34,99.69,97.18,hydroquebec.com,false,""
2025-05-07T05:00:00.000000,Canada,Québec,CA-QC,0.53,31.92,99.86,97.46,hydroquebec.com,false,""
2025-05-07T06:00:00.000000,Canada,Québec,CA-QC,0.59,32.06,99.84,96.91,hydroquebec.com,false,""
2025-05-07T07:00:00.000000,Canada,Québec,CA-QC,0.66,32.24,99.82,96.49,hydroquebec.com,false,""
2025-05-07T08:00:00.000000,Canada,Québec,CA-QC,5.9,38.42,98.66,94.24,hydroquebec.com,false,""
2025-05-07T09:00:00.000000,Canada,Québec,CA-QC,7.23,39.9,98.35,93.54,hydroquebec.com,false,""
2025-05-07T10:00:00.000000,Canada,Québec,CA-QC,7.71,40.03,98.23,94.09,hydroquebec.com,false,""
2025-05-07T11:00:00.000000,Canada,Québec,CA-QC,7.03,38.86,98.38,95.19,hydroquebec.com,false,""
2025-05-07T12:00:00.000000,Canada,Québec,CA-QC,6.7,38.31,98.46,95.44,hydroquebec.com,false,""
2025-05-07T13:00:00.000000,Canada,Québec,CA-QC,7.95,39.82,98.22,94.99,hydroquebec.com,false,""
2025-05-07T14:00:00.000000,Canada,Québec,CA-QC,7.99,40.04,98.21,94.79,hydroquebec.com,false,""
2025-05-07T15:00:00.000000,Canada,Québec,CA-QC,8.12,40.33,98.19,94.69,hydroquebec.com,false,""
2025-05-07T16:00:00.000000,Canada,Québec,CA-QC,7.74,39.89,98.24,94.57,hydroquebec.com,false,""
2025-05-07T17:00:00.000000,Canada,Québec,CA-QC,8.51,40.61,98.04,93.52,hydroquebec.com,false,""
2025-05-07T18:00:00.000000,Canada,Québec,CA-QC,8.64,40.9,98.04,93.84,hydroquebec.com,false,""
2025-05-07T19:00:00.000000,Canada,Québec,CA-QC,9.92,42.4,97.74,93.26,hydroquebec.com,false,""
2025-05-07T20:00:00.000000,Canada,Québec,CA-QC,11.82,44.7,97.32,93.13,hydroquebec.com,false,""
2025-05-07T21:00:00.000000,Canada,Québec,CA-QC,11.33,43.9,97.41,93.28,hydroquebec.com,false,""
2025-05-07T22:00:00.000000,Canada,Québec,CA-QC,10.3,42.5,97.65,93.59,hydroquebec.com,false,""
2025-05-07T23:00:00.000000,Canada,Québec,CA-QC,5.94,37.25,98.58,95.19,hydroquebec.com,false,""
2025-05-08T00:00:00.000000,Canada,Québec,CA-QC,3.71,34.26,99.08,95.76,hydroquebec.com,false,""
2025-05-08T01:00:00.000000,Canada,Québec,CA-QC,10.45,42.12,97.62,93.27,hydroquebec.com,false,""
2025-05-08T02:00:00.000000,Canada,Québec,CA-QC,14.94,47.65,96.68,91.22,hydroquebec.com,false,""
2025-05-08T03:00:00.000000,Canada,Québec,CA-QC,15.6,48.83,96.58,90.63,hydroquebec.com,false,""
2025-05-08T04:00:00.000000,Canada,Québec,CA-QC,13.63,46.65,97.06,90.36,hydroquebec.com,false,""
2025-05-08T05:00:00.000000,Canada,Québec,CA-QC,12.2,45.23,97.34,90.6,hydroquebec.com,false,""
2025-05-08T06:00:00.000000,Canada,Québec,CA-QC,12.56,45.69,97.23,90.36,hydroquebec.com,false,""
2025-05-08T07:00:00.000000,Canada,Québec,CA-QC,11.9,45.02,97.33,90.56,hydroquebec.com,false,""
2025-05-08T08:00:00.000000,Canada,Québec,CA-QC,12.4,45.6,97.22,90.53,hydroquebec.com,false,""
2025-05-08T09:00:00.000000,Canada,Québec,CA-QC,12.9,46.26,97.09,91.15,hydroquebec.com,false,""
2025-05-08T10:00:00.000000,Canada,Québec,CA-QC,10.74,43.68,97.58,93.95,hydroquebec.com,false,""
2025-05-08T11:00:00.000000,Canada,Québec,CA-QC,6.89,38.83,98.48,97.39,hydroquebec.com,false,""
2025-05-08T12:00:00.000000,Canada,Québec,CA-QC,9.03,40.86,98.04,96.7,hydroquebec.com,false,""
2025-05-08T13:00:00.000000,Canada,Québec,CA-QC,8.57,40.33,98.15,96.74,hydroquebec.com,false,""
2025-05-08T14:00:00.000000,Canada,Québec,CA-QC,9.82,41.84,97.87,96.31,hydroquebec.com,false,""
2025-05-08T15:00:00.000000,Canada,Québec,CA-QC,10.1,42.19,97.81,96.26,hydroquebec.com,false,""
2025-05-08T16:00:00.000000,Canada,Québec,CA-QC,9.89,41.94,97.87,96.3,hydroquebec.com,false,""
2025-05-08T17:00:00.000000,Canada,Québec,CA-QC,9.97,42.08,97.85,96.28,hydroquebec.com,false,""
2025-05-08T18:00:00.000000,Canada,Québec,CA-QC,10.2,42.43,97.77,96.26,hydroquebec.com,false,""
2025-05-08T19:00:00.000000,Canada,Québec,CA-QC,11.1,43.48,97.6,95.93,hydroquebec.com,false,""
2025-05-08T20:00:00.000000,Canada,Québec,CA-QC,11.0,43.32,97.61,95.99,hydroquebec.com,false,""
2025-05-08T21:00:00.000000,Canada,Québec,CA-QC,9.89,42.01,97.83,96.33,hydroquebec.com,false,""
2025-05-08T22:00:00.000000,Canada,Québec,CA-QC,11.0,42.8,97.51,93.71,hydroquebec.com,false,""
2025-05-08T23:00:00.000000,Canada,Québec,CA-QC,5.51,36.42,98.68,95.27,hydroquebec.com,false,""
2025-05-09T00:00:00.000000,Canada,Québec,CA-QC,10.07,41.72,97.69,93.92,hydroquebec.com,false,""
2025-05-09T01:00:00.000000,Canada,Québec,CA-QC,11.1,43.08,97.46,93.47,hydroquebec.com,false,""
2025-05-09T02:00:00.000000,Canada,Québec,CA-QC,14.92,47.62,96.68,91.53,hydroquebec.com,false,""
2025-05-09T03:00:00.000000,Canada,Québec,CA-QC,16.64,49.87,96.35,90.32,hydroquebec.com,false,""
2025-05-09T04:00:00.000000,Canada,Québec,CA-QC,14.4,47.59,96.8,90.88,hydroquebec.com,false,""
2025-05-09T05:00:00.000000,Canada,Québec,CA-QC,13.6,46.65,97.01,90.76,hydroquebec.com,false,""
2025-05-09T06:00:00.000000,Canada,Québec,CA-QC,13.59,46.75,97.02,90.65,hydroquebec.com,false,""
2025-05-09T07:00:00.000000,Canada,Québec,CA-QC,13.83,47.05,96.95,90.59,hydroquebec.com,false,""
2025-05-09T08:00:00.000000,Canada,Québec,CA-QC,14.02,47.22,96.88,90.65,hydroquebec.com,false,""
2025-05-09T09:00:00.000000,Canada,Québec,CA-QC,14.62,47.9,96.69,90.84,hydroquebec.com,false,""
2025-05-09T10:00:00.000000,Canada,Québec,CA-QC,13.49,46.33,96.93,91.86,hydroquebec.com,false,""
2025-05-09T11:00:00.000000,Canada,Québec,CA-QC,12.85,45.15,97.07,92.49,hydroquebec.com,false,""
2025-05-09T12:00:00.000000,Canada,Québec,CA-QC,11.61,43.51,97.34,93.17,hydroquebec.com,false,""
2025-05-09T13:00:00.000000,Canada,Québec,CA-QC,12.98,45.02,97.03,92.67,hydroquebec.com,false,""
2025-05-09T14:00:00.000000,Canada,Québec,CA-QC,12.83,44.88,97.1,92.82,hydroquebec.com,false,""
2025-05-09T15:00:00.000000,Canada,Québec,CA-QC,12.75,44.82,97.12,93.02,hydroquebec.com,false,""
2025-05-09T16:00:00.000000,Canada,Québec,CA-QC,12.93,45.0,97.07,92.76,hydroquebec.com,false,""
2025-05-09T17:00:00.000000,Canada,Québec,CA-QC,12.36,44.42,97.19,92.74,hydroquebec.com,false,""
2025-05-09T18:00:00.000000,Canada,Québec,CA-QC,12.95,45.3,97.07,92.43,hydroquebec.com,false,""
2025-05-09T19:00:00.000000,Canada,Québec,CA-QC,13.25,45.74,97.0,92.33,hydroquebec.com,false,""
2025-05-09T20:00:00.000000,Canada,Québec,CA-QC,13.21,45.63,97.03,92.44,hydroquebec.com,false,""
2025-05-09T21:00:00.000000,Canada,Québec,CA-QC,13.0,45.25,97.05,92.66,hydroquebec.com,false,""
2025-05-09T22:00:00.000000,Canada,Québec,CA-QC,12.95,45.12,97.06,92.8,hydroquebec.com,false,""
2025-05-09T23:00:00.000000,Canada,Québec,CA-QC,10.96,42.9,97.49,93.87,hydroquebec.com,false,""
2025-05-10T00:00:00.000000,Canada,Québec,CA-QC,8.74,40.13,97.94,94.2,hydroquebec.com,false,""
2025-05-10T01:00:00.000000,Canada,Québec,CA-QC,11.61,43.42,97.31,93.08,hydroquebec.com,false,""
2025-05-10T02:00:00.000000,Canada,Québec,CA-QC,11.18,43.09,97.41,92.94,hydroquebec.com,false,""
2025-05-10T03:00:00.000000,Canada,Québec,CA-QC,10.89,42.77,97.54,92.44,hydroquebec.com,false,""
2025-05-10T04:00:00.000000,Canada,Québec,CA-QC,12.73,44.99,97.21,91.34,hydroquebec.com,false,""
2025-05-10T05:00:00.000000,Canada,Québec,CA-QC,11.95,44.16,97.42,91.15,hydroquebec.com,false,""
2025-05-10T06:00:00.000000,Canada,Québec,CA-QC,11.47,43.73,97.56,91.14,hydroquebec.com,false,""
2025-05-10T07:00:00.000000,Canada,Québec,CA-QC,11.04,43.35,97.66,91.12,hydroquebec.com,false,""
2025-05-10T08:00:00.000000,Canada,Québec,CA-QC,11.11,43.55,97.63,91.07,hydroquebec.com,false,""
2025-05-10T09:00:00.000000,Canada,Québec,CA-QC,11.14,43.65,97.61,91.18,hydroquebec.com,false,""
2025-05-10T10:00:00.000000,Canada,Québec,CA-QC,11.51,44.09,97.49,91.4,hydroquebec.com,false,""
2025-05-10T11:00:00.000000,Canada,Québec,CA-QC,10.85,43.17,97.63,91.93,hydroquebec.com,false,""
2025-05-10T12:00:00.000000,Canada,Québec,CA-QC,10.39,42.41,97.73,92.28,hydroquebec.com,false,""
2025-05-10T13:00:00.000000,Canada,Québec,CA-QC,10.04,41.79,97.82,92.56,hydroquebec.com,false,""
2025-05-10T14:00:00.000000,Canada,Québec,CA-QC,9.6,41.16,97.93,92.71,hydroquebec.com,false,""
2025-05-10T15:00:00.000000,Canada,Québec,CA-QC,9.49,41.05,97.95,92.9,hydroquebec.com,false,""
2025-05-10T16:00:00.000000,Canada,Québec,CA-QC,9.34,40.89,97.98,93.0,hydroquebec.com,false,""
2025-05-10T17:00:00.000000,Canada,Québec,CA-QC,9.29,40.87,97.99,92.96,hydroquebec.com,false,""
2025-05-10T18:00:00.000000,Canada,Québec,CA-QC,9.71,41.39,97.89,92.47,hydroquebec.com,false,""
2025-05-10T19:00:00.000000,Canada,Québec,CA-QC,10.04,41.84,97.79,92.27,hydroquebec.com,false,""
2025-05-10T20:00:00.000000,Canada,Québec,CA-QC,10.23,42.1,97.75,92.55,hydroquebec.com,false,""
2025-05-10T21:00:00.000000,Canada,Québec,CA-QC,10.54,42.3,97.67,92.45,hydroquebec.com,false,""
2025-05-10T22:00:00.000000,Canada,Québec,CA-QC,11.56,43.39,97.42,92.27,hydroquebec.com,false,""
2025-05-10T23:00:00.000000,Canada,Québec,CA-QC,11.97,43.78,97.31,92.25,hydroquebec.com,false,""
2025-05-11T00:00:00.000000,Canada,Québec,CA-QC,10.84,42.31,97.55,92.71,hydroquebec.com,false,""
2025-05-11T01:00:00.000000,Canada,Québec,CA-QC,12.02,43.67,97.33,92.47,hydroquebec.com,false,""
2025-05-11T02:00:00.000000,Canada,Québec,CA-QC,10.05,41.47,97.75,92.65,hydroquebec.com,false,""
2025-05-11T03:00:00.000000,Canada,Québec,CA-QC,10.64,42.04,97.68,91.87,hydroquebec.com,false,""
2025-05-11T04:00:00.000000,Canada,Québec,CA-QC,1.75,31.76,99.56,95.1,hydroquebec.com,false,""
2025-05-11T05:00:00.000000,Canada,Québec,CA-QC,1.78,31.37,99.61,95.26,hydroquebec.com,false,""
2025-05-11T06:00:00.000000,Canada,Québec,CA-QC,0.7,30.25,99.81,96.18,hydroquebec.com,false,""
2025-05-11T07:00:00.000000,Canada,Québec,CA-QC,0.73,30.29,99.8,96.02,hydroquebec.com,false,""
2025-05-11T08:00:00.000000,Canada,Québec,CA-QC,1.59,31.11,99.61,95.08,hydroquebec.com,false,""
2025-05-11T09:00:00.000000,Canada,Québec,CA-QC,1.43,30.82,99.65,95.16,hydroquebec.com,false,""
2025-05-11T10:00:00.000000,Canada,Québec,CA-QC,3.79,33.32,99.16,94.22,hydroquebec.com,false,""
2025-05-11T11:00:00.000000,Canada,Québec,CA-QC,3.05,32.52,99.32,94.79,hydroquebec.com,false,""
2025-05-11T12:00:00.000000,Canada,Québec,CA-QC,6.81,36.87,98.52,93.58,hydroquebec.com,false,""
2025-05-11T13:00:00.000000,Canada,Québec,CA-QC,7.25,37.33,98.4,93.54,hydroquebec.com,false,""
2025-05-11T14:00:00.000000,Canada,Québec,CA-QC,7.14,37.09,98.41,93.83,hydroquebec.com,false,""
2025-05-11T15:00:00.000000,Canada,Québec,CA-QC,7.54,37.45,98.31,93.58,hydroquebec.com,false,""
2025-05-11T16:00:00.000000,Canada,Québec,CA-QC,6.92,36.85,98.44,94.17,hydroquebec.com,false,""
2025-05-11T17:00:00.000000,Canada,Québec,CA-QC,5.62,35.61,98.72,95.26,hydroquebec.com,false,""
2025-05-11T18:00:00.000000,Canada,Québec,CA-QC,2.72,32.44,99.33,96.69,hydroquebec.com,false,""
2025-05-11T19:00:00.000000,Canada,Québec,CA-QC,0.99,30.63,99.74,98.5,hydroquebec.com,false,""
2025-05-11T20:00:00.000000,Canada,Québec,CA-QC,2.33,31.74,99.4,96.32,hydroquebec.com,false,""
2025-05-11T21:00:00.000000,Canada,Québec,CA-QC,3.61,33.22,99.08,95.55,hydroquebec.com,false,""
2025-05-11T22:00:00.000000,Canada,Québec,CA-QC,7.61,37.93,98.18,93.96,hydroquebec.com,false,""
2025-05-11T23:00:00.000000,Canada,Québec,CA-QC,9.92,40.97,97.69,93.92,hydroquebec.com,false,""
2025-05-12T00:00:00.000000,Canada,Québec,CA-QC,10.83,41.93,97.47,93.13,hydroquebec.com,false,""
2025-05-12T01:00:00.000000,Canada,Québec,CA-QC,11.65,42.87,97.33,92.92,hydroquebec.com,false,""
2025-05-12T02:00:00.000000,Canada,Québec,CA-QC,11.39,42.75,97.41,92.59,hydroquebec.com,false,""
2025-05-12T03:00:00.000000,Canada,Québec,CA-QC,11.93,43.83,97.29,91.87,hydroquebec.com,false,""
2025-05-12T04:00:00.000000,Canada,Québec,CA-QC,4.81,35.89,98.83,94.13,hydroquebec.com,false,""
2025-05-12T05:00:00.000000,Canada,Québec,CA-QC,2.3,33.06,99.38,95.16,hydroquebec.com,false,""
2025-05-12T06:00:00.000000,Canada,Québec,CA-QC,3.02,34.0,99.18,94.67,hydroquebec.com,false,""
2025-05-12T07:00:00.000000,Canada,Québec,CA-QC,5.46,36.97,98.64,93.64,hydroquebec.com,false,""
2025-05-12T08:00:00.000000,Canada,Québec,CA-QC,10.53,42.94,97.53,91.66,hydroquebec.com,false,""
2025-05-12T09:00:00.000000,Canada,Québec,CA-QC,14.51,47.65,96.64,90.48,hydroquebec.com,false,""
2025-05-12T10:00:00.000000,Canada,Québec,CA-QC,14.64,47.68,96.56,91.17,hydroquebec.com,false,""
2025-05-12T11:00:00.000000,Canada,Québec,CA-QC,14.26,46.95,96.68,91.88,hydroquebec.com,false,""
2025-05-12T12:00:00.000000,Canada,Québec,CA-QC,13.8,46.33,96.82,92.09,hydroquebec.com,false,""
2025-05-12T13:00:00.000000,Canada,Québec,CA-QC,13.57,46.03,96.91,92.0,hydroquebec.com,false,""
2025-05-12T14:00:00.000000,Canada,Québec,CA-QC,12.67,44.81,97.16,92.76,hydroquebec.com,false,""
2025-05-12T15:00:00.000000,Canada,Québec,CA-QC,12.63,44.48,97.18,92.56,hydroquebec.com,false,""
2025-05-12T16:00:00.000000,Canada,Québec,CA-QC,13.0,44.94,97.08,92.13,hydroquebec.com,false,""
2025-05-12T17:00:00.000000,Canada,Québec,CA-QC,10.79,42.57,97.55,93.21,hydroquebec.com,false,""
2025-05-12T18:00:00.000000,Canada,Québec,CA-QC,9.49,41.12,97.83,93.77,hydroquebec.com,false,""
2025-05-12T19:00:00.000000,Canada,Québec,CA-QC,7.33,38.68,98.31,94.93,hydroquebec.com,false,""
2025-05-12T20:00:00.000000,Canada,Québec,CA-QC,12.72,44.94,97.09,92.98,hydroquebec.com,false,""
2025-05-12T21:00:00.000000,Canada,Québec,CA-QC,14.03,46.44,96.78,92.56,hydroquebec.com,false,""
2025-05-12T22:00:00.000000,Canada,Québec,CA-QC,13.94,46.38,96.78,92.98,hydroquebec.com,false,""
2025-05-12T23:00:00.000000,Canada,Québec,CA-QC,12.62,44.88,97.07,93.68,hydroquebec.com,false,""
2025-05-13T00:00:00.000000,Canada,Québec,CA-QC,10.8,42.63,97.48,94.04,hydroquebec.com,false,""
2025-05-13T01:00:00.000000,Canada,Québec,CA-QC,16.01,48.87,96.29,92.66,hydroquebec.com,false,""
2025-05-13T02:00:00.000000,Canada,Québec,CA-QC,13.62,46.19,96.83,93.14,hydroquebec.com,false,""
2025-05-13T03:00:00.000000,Canada,Québec,CA-QC,9.05,40.98,97.87,94.26,hydroquebec.com,false,""
2025-05-13T04:00:00.000000,Canada,Québec,CA-QC,3.45,34.58,99.11,95.88,hydroquebec.com,false,""
2025-05-13T05:00:00.000000,Canada,Québec,CA-QC,2.93,33.94,99.21,95.54,hydroquebec.com,false,""
2025-05-13T06:00:00.000000,Canada,Québec,CA-QC,3.09,34.2,99.16,95.15,hydroquebec.com,false,""
2025-05-13T07:00:00.000000,Canada,Québec,CA-QC,5.05,36.65,98.71,94.34,hydroquebec.com,false,""
2025-05-13T08:00:00.000000,Canada,Québec,CA-QC,13.24,46.19,96.9,91.14,hydroquebec.com,false,""
2025-05-13T09:00:00.000000,Canada,Québec,CA-QC,13.49,46.58,96.83,91.28,hydroquebec.com,false,""
2025-05-13T10:00:00.000000,Canada,Québec,CA-QC,12.78,45.69,96.97,92.05,hydroquebec.com,false,""
2025-05-13T11:00:00.000000,Canada,Québec,CA-QC,14.84,48.08,96.5,91.95,hydroquebec.com,false,""
2025-05-13T12:00:00.000000,Canada,Québec,CA-QC,15.33,48.85,96.39,91.89,hydroquebec.com,false,""
2025-05-13T13:00:00.000000,Canada,Québec,CA-QC,16.16,50.08,96.2,91.7,hydroquebec.com,false,""
2025-05-13T14:00:00.000000,Canada,Québec,CA-QC,18.32,52.86,95.69,90.72,hydroquebec.com,false,""
2025-05-13T15:00:00.000000,Canada,Québec,CA-QC,17.71,52.15,95.85,90.75,hydroquebec.com,false,""
2025-05-13T16:00:00.000000,Canada,Québec,CA-QC,16.94,51.44,96.03,91.22,hydroquebec.com,false,""
2025-05-13T17:00:00.000000,Canada,Québec,CA-QC,17.55,52.31,95.87,91.02,hydroquebec.com,false,""
2025-05-13T18:00:00.000000,Canada,Québec,CA-QC,16.42,50.86,96.15,91.44,hydroquebec.com,false,""
2025-05-13T19:00:00.000000,Canada,Québec,CA-QC,16.3,50.72,96.16,91.5,hydroquebec.com,false,""
2025-05-13T20:00:00.000000,Canada,Québec,CA-QC,15.99,50.19,96.26,91.67,hydroquebec.com,false,""
2025-05-13T21:00:00.000000,Canada,Québec,CA-QC,14.48,48.14,96.6,92.32,hydroquebec.com,false,""
2025-05-13T22:00:00.000000,Canada,Québec,CA-QC,14.13,47.55,96.67,92.57,hydroquebec.com,false,""
2025-05-13T23:00:00.000000,Canada,Québec,CA-QC,13.99,47.36,96.7,92.64,hydroquebec.com,false,""
2025-05-14T00:00:00.000000,Canada,Québec,CA-QC,14.64,48.02,96.57,92.4,hydroquebec.com,false,""
2025-05-14T01:00:00.000000,Canada,Québec,CA-QC,15.97,49.51,96.28,91.72,hydroquebec.com,false,""
2025-05-14T02:00:00.000000,Canada,Québec,CA-QC,15.73,49.56,96.34,91.31,hydroquebec.com,false,""
2025-05-14T03:00:00.000000,Canada,Québec,CA-QC,10.66,43.93,97.48,92.48,hydroquebec.com,false,""
2025-05-14T04:00:00.000000,Canada,Québec,CA-QC,6.15,38.56,98.56,93.44,hydroquebec.com,false,""
2025-05-14T05:00:00.000000,Canada,Québec,CA-QC,3.77,35.62,99.17,94.06,hydroquebec.com,false,""
2025-05-14T06:00:00.000000,Canada,Québec,CA-QC,7.17,39.41,98.45,92.86,hydroquebec.com,false,""
2025-05-14T07:00:00.000000,Canada,Québec,CA-QC,4.52,36.25,99.02,93.69,hydroquebec.com,false,""
2025-05-14T08:00:00.000000,Canada,Québec,CA-QC,3.81,35.28,99.15,93.85,hydroquebec.com,false,""
2025-05-14T09:00:00.000000,Canada,Québec,CA-QC,3.48,34.87,99.15,94.05,hydroquebec.com,false,""
2025-05-14T10:00:00.000000,Canada,Québec,CA-QC,11.98,44.61,97.18,91.62,hydroquebec.com,false,""
2025-05-14T11:00:00.000000,Canada,Québec,CA-QC,12.01,44.57,97.13,92.26,hydroquebec.com,false,""
2025-05-14T12:00:00.000000,Canada,Québec,CA-QC,14.05,47.08,96.65,91.92,hydroquebec.com,false,""
2025-05-14T13:00:00.000000,Canada,Québec,CA-QC,17.93,52.16,95.71,90.75,hydroquebec.com,false,""
2025-05-14T14:00:00.000000,Canada,Québec,CA-QC,17.94,52.41,95.73,90.78,hydroquebec.com,false,""
2025-05-14T15:00:00.000000,Canada,Québec,CA-QC,16.13,50.13,96.19,91.47,hydroquebec.com,false,""
2025-05-14T16:00:00.000000,Canada,Québec,CA-QC,17.65,51.89,95.82,90.91,hydroquebec.com,false,""
2025-05-14T17:00:00.000000,Canada,Québec,CA-QC,16.07,49.73,96.23,91.47,hydroquebec.com,false,""
2025-05-14T18:00:00.000000,Canada,Québec,CA-QC,18.23,52.34,95.66,90.81,hydroquebec.com,false,""
2025-05-14T19:00:00.000000,Canada,Québec,CA-QC,18.11,52.06,95.69,91.04,hydroquebec.com,false,""
2025-05-14T20:00:00.000000,Canada,Québec,CA-QC,14.92,47.76,96.47,91.95,hydroquebec.com,false,""
2025-05-14T21:00:00.000000,Canada,Québec,CA-QC,13.57,45.9,96.77,92.58,hydroquebec.com,false,""
2025-05-14T22:00:00.000000,Canada,Québec,CA-QC,13.86,46.09,96.72,92.56,hydroquebec.com,false,""
2025-05-14T23:00:00.000000,Canada,Québec,CA-QC,14.83,47.29,96.52,92.23,hydroquebec.com,false,""
2025-05-15T00:00:00.000000,Canada,Québec,CA-QC,15.07,47.58,96.46,92.1,hydroquebec.com,false,""
2025-05-15T01:00:00.000000,Canada,Québec,CA-QC,13.05,45.05,96.95,92.58,hydroquebec.com,false,""
2025-05-15T02:00:00.000000,Canada,Québec,CA-QC,6.5,37.39,98.43,94.4,hydroquebec.com,false,""
2025-05-15T03:00:00.000000,Canada,Québec,CA-QC,3.14,33.75,99.15,95.28,hydroquebec.com,false,""
2025-05-15T04:00:00.000000,Canada,Québec,CA-QC,1.71,32.46,99.55,96.68,hydroquebec.com,false,""
2025-05-15T05:00:00.000000,Canada,Québec,CA-QC,0.5,31.62,99.88,98.66,hydroquebec.com,false,""
2025-05-15T06:00:00.000000,Canada,Québec,CA-QC,0.79,32.1,99.8,98.31,hydroquebec.com,false,""
2025-05-15T07:00:00.000000,Canada,Québec,CA-QC,0.4,31.82,99.89,98.35,hydroquebec.com,false,""
2025-05-15T08:00:00.000000,Canada,Québec,CA-QC,0.63,32.14,99.83,97.88,hydroquebec.com,false,""
2025-05-15T09:00:00.000000,Canada,Québec,CA-QC,1.87,33.34,99.49,95.77,hydroquebec.com,false,""
2025-05-15T10:00:00.000000,Canada,Québec,CA-QC,6.49,38.71,98.38,93.7,hydroquebec.com,false,""
2025-05-15T11:00:00.000000,Canada,Québec,CA-QC,15.23,48.82,96.42,91.31,hydroquebec.com,false,""
2025-05-15T12:00:00.000000,Canada,Québec,CA-QC,16.61,50.54,96.08,91.21,hydroquebec.com,false,""
2025-05-15T13:00:00.000000,Canada,Québec,CA-QC,16.74,50.9,96.03,91.3,hydroquebec.com,false,""
2025-05-15T14:00:00.000000,Canada,Québec,CA-QC,17.06,51.42,95.99,91.52,hydroquebec.com,false,""
2025-05-15T15:00:00.000000,Canada,Québec,CA-QC,16.91,51.13,96.06,91.6,hydroquebec.com,false,""
2025-05-15T16:00:00.000000,Canada,Québec,CA-QC,16.93,51.09,96.04,91.52,hydroquebec.com,false,""
2025-05-15T17:00:00.000000,Canada,Québec,CA-QC,16.92,51.11,96.04,91.62,hydroquebec.com,false,""
2025-05-15T18:00:00.000000,Canada,Québec,CA-QC,16.45,50.71,96.17,92.26,hydroquebec.com,false,""
2025-05-15T19:00:00.000000,Canada,Québec,CA-QC,17.68,52.05,95.82,91.46,hydroquebec.com,false,""
2025-05-15T20:00:00.000000,Canada,Québec,CA-QC,18.26,52.65,95.71,91.39,hydroquebec.com,false,""
2025-05-15T21:00:00.000000,Canada,Québec,CA-QC,16.63,50.7,96.09,92.36,hydroquebec.com,false,""
2025-05-15T22:00:00.000000,Canada,Québec,CA-QC,15.77,49.62,96.25,92.6,hydroquebec.com,false,""
2025-05-15T23:00:00.000000,Canada,Québec,CA-QC,14.83,48.52,96.48,92.92,hydroquebec.com,false,""
2025-05-16T00:00:00.000000,Canada,Québec,CA-QC,15.14,48.82,96.43,92.83,hydroquebec.com,false,""
2025-05-16T01:00:00.000000,Canada,Québec,CA-QC,15.91,49.74,96.28,92.44,hydroquebec.com,false,""
2025-05-16T02:00:00.000000,Canada,Québec,CA-QC,16.57,50.68,96.17,91.64,hydroquebec.com,false,""
2025-05-16T03:00:00.000000,Canada,Québec,CA-QC,15.78,50.06,96.35,91.22,hydroquebec.com,false,""
2025-05-16T04:00:00.000000,Canada,Québec,CA-QC,13.08,46.84,97.03,91.59,hydroquebec.com,false,""
2025-05-16T05:00:00.000000,Canada,Québec,CA-QC,9.21,42.31,97.92,92.7,hydroquebec.com,false,""
2025-05-16T06:00:00.000000,Canada,Québec,CA-QC,2.67,34.72,99.38,94.67,hydroquebec.com,false,""
2025-05-16T07:00:00.000000,Canada,Québec,CA-QC,1.47,33.39,99.65,95.06,hydroquebec.com,false,""
2025-05-16T08:00:00.000000,Canada,Québec,CA-QC,2.81,34.9,99.35,94.54,hydroquebec.com,false,""
2025-05-16T09:00:00.000000,Canada,Québec,CA-QC,8.55,41.56,98.05,92.52,hydroquebec.com,false,""
2025-05-16T10:00:00.000000,Canada,Québec,CA-QC,14.8,49.18,96.59,91.29,hydroquebec.com,false,""
2025-05-16T11:00:00.000000,Canada,Québec,CA-QC,16.45,51.31,96.13,91.09,hydroquebec.com,false,""
2025-05-16T12:00:00.000000,Canada,Québec,CA-QC,17.22,52.33,95.97,91.2,hydroquebec.com,false,""
2025-05-16T13:00:00.000000,Canada,Québec,CA-QC,16.04,50.85,96.23,91.25,hydroquebec.com,false,""
2025-05-16T14:00:00.000000,Canada,Québec,CA-QC,16.98,52.03,96.0,91.01,hydroquebec.com,false,""
2025-05-16T15:00:00.000000,Canada,Québec,CA-QC,17.02,51.62,95.98,91.29,hydroquebec.com,false,""
2025-05-16T16:00:00.000000,Canada,Québec,CA-QC,16.38,50.36,96.14,91.76,hydroquebec.com,false,""
2025-05-16T17:00:00.000000,Canada,Québec,CA-QC,16.12,49.91,96.21,91.89,hydroquebec.com,false,""
2025-05-16T18:00:00.000000,Canada,Québec,CA-QC,15.36,49.02,96.41,92.26,hydroquebec.com,false,""
2025-05-16T19:00:00.000000,Canada,Québec,CA-QC,15.14,48.8,96.48,92.6,hydroquebec.com,false,""
2025-05-16T20:00:00.000000,Canada,Québec,CA-QC,15.35,48.98,96.38,92.16,hydroquebec.com,false,""
2025-05-16T21:00:00.000000,Canada,Québec,CA-QC,15.01,48.63,96.46,92.99,hydroquebec.com,false,""
2025-05-16T22:00:00.000000,Canada,Québec,CA-QC,11.14,43.93,97.37,94.83,hydroquebec.com,false,""
2025-05-16T23:00:00.000000,Canada,Québec,CA-QC,6.87,38.53,98.31,95.74,hydroquebec.com,false,""
2025-05-17T00:00:00.000000,Canada,Québec,CA-QC,14.56,47.38,96.59,93.07,hydroquebec.com,false,""
2025-05-17T01:00:00.000000,Canada,Québec,CA-QC,15.18,48.08,96.46,92.71,hydroquebec.com,false,""
2025-05-17T02:00:00.000000,Canada,Québec,CA-QC,14.56,47.44,96.6,92.57,hydroquebec.com,false,""
2025-05-17T03:00:00.000000,Canada,Québec,CA-QC,7.01,38.64,98.34,94.27,hydroquebec.com,false,""
2025-05-17T04:00:00.000000,Canada,Québec,CA-QC,2.75,33.65,99.35,94.94,hydroquebec.com,false,""
2025-05-17T05:00:00.000000,Canada,Québec,CA-QC,0.34,31.29,99.91,96.76,hydroquebec.com,false,""
2025-05-17T06:00:00.000000,Canada,Québec,CA-QC,0.27,30.79,99.93,96.05,hydroquebec.com,false,""
2025-05-17T07:00:00.000000,Canada,Québec,CA-QC,0.2,31.12,99.95,96.97,hydroquebec.com,false,""
2025-05-17T08:00:00.000000,Canada,Québec,CA-QC,0.2,31.14,99.94,96.96,hydroquebec.com,false,""
2025-05-17T09:00:00.000000,Canada,Québec,CA-QC,0.25,31.01,99.93,96.37,hydroquebec.com,false,""
2025-05-17T10:00:00.000000,Canada,Québec,CA-QC,0.27,31.17,99.93,96.65,hydroquebec.com,false,""
2025-05-17T11:00:00.000000,Canada,Québec,CA-QC,0.23,31.35,99.94,97.84,hydroquebec.com,false,""
2025-05-17T12:00:00.000000,Canada,Québec,CA-QC,0.33,31.19,99.91,97.59,hydroquebec.com,false,""
2025-05-17T13:00:00.000000,Canada,Québec,CA-QC,0.24,31.06,99.93,98.24,hydroquebec.com,false,""
2025-05-17T14:00:00.000000,Canada,Québec,CA-QC,0.33,30.82,99.91,97.61,hydroquebec.com,false,""
2025-05-17T15:00:00.000000,Canada,Québec,CA-QC,0.23,31.01,99.94,98.46,hydroquebec.com,false,""
2025-05-17T16:00:00.000000,Canada,Québec,CA-QC,6.15,37.64,98.6,95.74,hydroquebec.com,false,""
2025-05-17T17:00:00.000000,Canada,Québec,CA-QC,7.24,38.95,98.35,94.88,hydroquebec.com,false,""
2025-05-17T18:00:00.000000,Canada,Québec,CA-QC,3.59,34.88,99.18,96.41,hydroquebec.com,false,""
2025-05-17T19:00:00.000000,Canada,Québec,CA-QC,3.98,35.06,99.08,95.57,hydroquebec.com,false,""
2025-05-17T20:00:00.000000,Canada,Québec,CA-QC,6.98,38.65,98.39,94.64,hydroquebec.com,false,""
2025-05-17T21:00:00.000000,Canada,Québec,CA-QC,9.84,41.97,97.72,93.75,hydroquebec.com,false,""
2025-05-17T22:00:00.000000,Canada,Québec,CA-QC,7.61,39.23,98.23,94.29,hydroquebec.com,false,""
2025-05-17T23:00:00.000000,Canada,Québec,CA-QC,0.67,31.11,99.84,96.88,hydroquebec.com,false,""
2025-05-18T00:00:00.000000,Canada,Québec,CA-QC,0.18,30.45,99.95,97.34,hydroquebec.com,false,""
2025-05-18T01:00:00.000000,Canada,Québec,CA-QC,6.25,37.52,98.56,94.84,hydroquebec.com,false,""
2025-05-18T02:00:00.000000,Canada,Québec,CA-QC,3.16,34.05,99.27,95.12,hydroquebec.com,false,""
2025-05-18T03:00:00.000000,Canada,Québec,CA-QC,2.31,33.31,99.46,95.08,hydroquebec.com,false,""
2025-05-18T04:00:00.000000,Canada,Québec,CA-QC,3.97,35.65,99.08,94.84,hydroquebec.com,false,""
2025-05-18T05:00:00.000000,Canada,Québec,CA-QC,0.44,31.61,99.89,95.66,hydroquebec.com,false,""
2025-05-18T06:00:00.000000,Canada,Québec,CA-QC,0.23,31.77,99.94,96.55,hydroquebec.com,false,""
2025-05-18T07:00:00.000000,Canada,Québec,CA-QC,1.13,33.13,99.73,96.69,hydroquebec.com,false,""
2025-05-18T08:00:00.000000,Canada,Québec,CA-QC,6.01,38.36,98.61,92.85,hydroquebec.com,false,""
2025-05-18T09:00:00.000000,Canada,Québec,CA-QC,0.51,32.3,99.87,95.41,hydroquebec.com,false,""
2025-05-18T10:00:00.000000,Canada,Québec,CA-QC,2.32,34.11,99.46,95.02,hydroquebec.com,false,""
2025-05-18T11:00:00.000000,Canada,Québec,CA-QC,0.25,31.86,99.93,97.09,hydroquebec.com,false,""
2025-05-18T12:00:00.000000,Canada,Québec,CA-QC,0.31,31.26,99.92,96.3,hydroquebec.com,false,""
2025-05-18T13:00:00.000000,Canada,Québec,CA-QC,2.55,33.69,99.4,95.18,hydroquebec.com,false,""
2025-05-18T14:00:00.000000,Canada,Québec,CA-QC,2.5,33.76,99.42,95.96,hydroquebec.com,false,""
2025-05-18T15:00:00.000000,Canada,Québec,CA-QC,3.57,34.73,99.18,95.01,hydroquebec.com,false,""
2025-05-18T16:00:00.000000,Canada,Québec,CA-QC,3.04,34.3,99.3,95.65,hydroquebec.com,false,""
2025-05-18T17:00:00.000000,Canada,Québec,CA-QC,5.38,36.98,98.76,94.54,hydroquebec.com,false,""
2025-05-18T18:00:00.000000,Canada,Québec,CA-QC,7.79,39.9,98.2,93.36,hydroquebec.com,false,""
2025-05-18T19:00:00.000000,Canada,Québec,CA-QC,7.15,39.14,98.35,93.65,hydroquebec.com,false,""
2025-05-18T20:00:00.000000,Canada,Québec,CA-QC,8.78,41.0,97.96,93.2,hydroquebec.com,false,""
2025-05-18T21:00:00.000000,Canada,Québec,CA-QC,7.69,39.85,98.22,94.62,hydroquebec.com,false,""
2025-05-18T22:00:00.000000,Canada,Québec,CA-QC,7.33,39.18,98.3,94.82,hydroquebec.com,false,""
2025-05-18T23:00:00.000000,Canada,Québec,CA-QC,4.67,36.25,98.92,96.6,hydroquebec.com,false,""
2025-05-19T00:00:00.000000,Canada,Québec,CA-QC,4.5,36.18,98.97,97.67,hydroquebec.com,false,""
2025-05-19T01:00:00.000000,Canada,Québec,CA-QC,6.61,38.71,98.48,96.81,hydroquebec.com,false,""
2025-05-19T02:00:00.000000,Canada,Québec,CA-QC,8.14,40.11,98.12,93.59,hydroquebec.com,false,""
2025-05-19T03:00:00.000000,Canada,Québec,CA-QC,6.75,38.69,98.45,93.27,hydroquebec.com,false,""
2025-05-19T04:00:00.000000,Canada,Québec,CA-QC,1.81,33.06,99.57,94.82,hydroquebec.com,false,""
2025-05-19T05:00:00.000000,Canada,Québec,CA-QC,1.31,32.5,99.69,94.82,hydroquebec.com,false,""
2025-05-19T06:00:00.000000,Canada,Québec,CA-QC,4.48,36.28,98.97,93.92,hydroquebec.com,false,""
2025-05-19T07:00:00.000000,Canada,Québec,CA-QC,1.42,32.56,99.66,94.54,hydroquebec.com,false,""
2025-05-19T08:00:00.000000,Canada,Québec,CA-QC,1.52,32.72,99.64,94.5,hydroquebec.com,false,""
2025-05-19T09:00:00.000000,Canada,Québec,CA-QC,3.06,34.52,99.29,93.94,hydroquebec.com,false,""
2025-05-19T10:00:00.000000,Canada,Québec,CA-QC,3.05,34.4,99.29,94.2,hydroquebec.com,false,""
2025-05-19T11:00:00.000000,Canada,Québec,CA-QC,2.09,32.98,99.51,94.93,hydroquebec.com,false,""
2025-05-19T12:00:00.000000,Canada,Québec,CA-QC,5.11,36.22,98.82,94.14,hydroquebec.com,false,""
2025-05-19T13:00:00.000000,Canada,Québec,CA-QC,8.93,40.51,97.95,92.96,hydroquebec.com,false,""
2025-05-19T14:00:00.000000,Canada,Québec,CA-QC,9.99,41.62,97.72,92.63,hydroquebec.com,false,""
2025-05-19T15:00:00.000000,Canada,Québec,CA-QC,10.13,41.68,97.69,92.6,hydroquebec.com,false,""
2025-05-19T16:00:00.000000,Canada,Québec,CA-QC,10.15,41.64,97.69,92.56,hydroquebec.com,false,""
2025-05-19T17:00:00.000000,Canada,Québec,CA-QC,9.14,40.45,97.91,92.99,hydroquebec.com,false,""
2025-05-19T18:00:00.000000,Canada,Québec,CA-QC,5.58,36.25,98.71,94.15,hydroquebec.com,false,""
2025-05-19T19:00:00.000000,Canada,Québec,CA-QC,6.6,37.4,98.47,93.81,hydroquebec.com,false,""
2025-05-19T20:00:00.000000,Canada,Québec,CA-QC,7.97,38.97,98.15,93.5,hydroquebec.com,false,""
2025-05-19T21:00:00.000000,Canada,Québec,CA-QC,6.95,37.58,98.38,94.1,hydroquebec.com,false,""
2025-05-19T22:00:00.000000,Canada,Québec,CA-QC,7.92,38.61,98.15,94.01,hydroquebec.com,false,""
2025-05-19T23:00:00.000000,Canada,Québec,CA-QC,8.07,38.83,98.12,93.99,hydroquebec.com,false,""
2025-05-20T00:00:00.000000,Canada,Québec,CA-QC,9.85,41.08,97.7,93.38,hydroquebec.com,false,""
2025-05-20T01:00:00.000000,Canada,Québec,CA-QC,9.13,40.52,97.88,93.62,hydroquebec.com,false,""
2025-05-20T02:00:00.000000,Canada,Québec,CA-QC,8.58,40.03,98.01,93.23,hydroquebec.com,false,""
2025-05-20T03:00:00.000000,Canada,Québec,CA-QC,9.39,41.26,97.86,92.41,hydroquebec.com,false,""
2025-05-20T04:00:00.000000,Canada,Québec,CA-QC,9.65,41.93,97.79,91.93,hydroquebec.com,false,""
2025-05-20T05:00:00.000000,Canada,Québec,CA-QC,9.71,42.16,97.75,91.73,hydroquebec.com,false,""
2025-05-20T06:00:00.000000,Canada,Québec,CA-QC,8.58,40.91,97.99,92.09,hydroquebec.com,false,""
2025-05-20T07:00:00.000000,Canada,Québec,CA-QC,9.36,41.77,97.85,91.68,hydroquebec.com,false,""
2025-05-20T08:00:00.000000,Canada,Québec,CA-QC,8.51,40.84,98.03,92.12,hydroquebec.com,false,""
2025-05-20T09:00:00.000000,Canada,Québec,CA-QC,8.68,40.96,97.99,92.5,hydroquebec.com,false,""
2025-05-20T10:00:00.000000,Canada,Québec,CA-QC,7.55,39.35,98.2,93.68,hydroquebec.com,false,""
2025-05-20T11:00:00.000000,Canada,Québec,CA-QC,8.13,39.61,98.08,94.05,hydroquebec.com,false,""
2025-05-20T12:00:00.000000,Canada,Québec,CA-QC,9.05,40.55,97.87,93.78,hydroquebec.com,false,""
2025-05-20T13:00:00.000000,Canada,Québec,CA-QC,10.08,41.93,97.64,93.31,hydroquebec.com,false,""
2025-05-20T14:00:00.000000,Canada,Québec,CA-QC,10.77,42.98,97.49,93.01,hydroquebec.com,false,""
2025-05-20T15:00:00.000000,Canada,Québec,CA-QC,11.62,44.13,97.3,92.63,hydroquebec.com,false,""
2025-05-20T16:00:00.000000,Canada,Québec,CA-QC,13.01,45.92,96.98,92.09,hydroquebec.com,false,""
2025-05-20T17:00:00.000000,Canada,Québec,CA-QC,13.83,47.06,96.78,91.9,hydroquebec.com,false,""
2025-05-20T18:00:00.000000,Canada,Québec,CA-QC,13.52,46.78,96.84,92.02,hydroquebec.com,false,""
2025-05-20T19:00:00.000000,Canada,Québec,CA-QC,14.28,47.69,96.66,91.65,hydroquebec.com,false,""
2025-05-20T20:00:00.000000,Canada,Québec,CA-QC,13.55,46.8,96.81,92.01,hydroquebec.com,false,""
2025-05-20T21:00:00.000000,Canada,Québec,CA-QC,11.3,43.81,97.33,93.07,hydroquebec.com,false,""
2025-05-20T22:00:00.000000,Canada,Québec,CA-QC,10.75,43.01,97.48,93.57,hydroquebec.com,false,""
2025-05-20T23:00:00.000000,Canada,Québec,CA-QC,11.32,43.77,97.34,93.37,hydroquebec.com,false,""
2025-05-21T00:00:00.000000,Canada,Québec,CA-QC,10.47,42.77,97.53,93.49,hydroquebec.com,false,""
2025-05-21T01:00:00.000000,Canada,Québec,CA-QC,10.35,42.68,97.57,93.5,hydroquebec.com,false,""
2025-05-21T02:00:00.000000,Canada,Québec,CA-QC,9.84,42.2,97.7,93.27,hydroquebec.com,false,""
2025-05-21T03:00:00.000000,Canada,Québec,CA-QC,11.35,44.14,97.41,92.1,hydroquebec.com,false,""
2025-05-21T04:00:00.000000,Canada,Québec,CA-QC,10.31,43.09,97.71,92.0,hydroquebec.com,false,""
2025-05-21T05:00:00.000000,Canada,Québec,CA-QC,10.8,43.93,97.61,91.44,hydroquebec.com,false,""
2025-05-21T06:00:00.000000,Canada,Québec,CA-QC,12.22,45.86,97.28,90.65,hydroquebec.com,false,""
2025-05-21T07:00:00.000000,Canada,Québec,CA-QC,11.68,45.35,97.38,90.75,hydroquebec.com,false,""
2025-05-21T08:00:00.000000,Canada,Québec,CA-QC,11.1,44.72,97.48,91.06,hydroquebec.com,false,""
2025-05-21T09:00:00.000000,Canada,Québec,CA-QC,9.52,42.57,97.83,92.02,hydroquebec.com,false,""
2025-05-21T10:00:00.000000,Canada,Québec,CA-QC,8.43,40.73,98.07,93.13,hydroquebec.com,false,""
2025-05-21T11:00:00.000000,Canada,Québec,CA-QC,8.34,40.28,98.09,93.79,hydroquebec.com,false,""
2025-05-21T12:00:00.000000,Canada,Québec,CA-QC,8.06,39.9,98.16,94.01,hydroquebec.com,false,""
2025-05-21T13:00:00.000000,Canada,Québec,CA-QC,11.8,44.43,97.32,92.89,hydroquebec.com,false,""
2025-05-21T14:00:00.000000,Canada,Québec,CA-QC,11.52,44.3,97.37,93.22,hydroquebec.com,false,""
2025-05-21T15:00:00.000000,Canada,Québec,CA-QC,11.9,44.71,97.28,92.66,hydroquebec.com,false,""
2025-05-21T16:00:00.000000,Canada,Québec,CA-QC,14.29,47.5,96.75,91.86,hydroquebec.com,false,""
2025-05-21T17:00:00.000000,Canada,Québec,CA-QC,11.05,43.84,97.46,93.31,hydroquebec.com,false,""
2025-05-21T18:00:00.000000,Canada,Québec,CA-QC,5.29,37.06,98.76,95.29,hydroquebec.com,false,""
2025-05-21T19:00:00.000000,Canada,Québec,CA-QC,5.52,37.26,98.71,95.19,hydroquebec.com,false,""
2025-05-21T20:00:00.000000,Canada,Québec,CA-QC,11.16,43.94,97.45,93.52,hydroquebec.com,false,""
2025-05-21T21:00:00.000000,Canada,Québec,CA-QC,12.04,44.92,97.23,93.09,hydroquebec.com,false,""
2025-05-21T22:00:00.000000,Canada,Québec,CA-QC,10.9,43.49,97.49,93.73,hydroquebec.com,false,""
2025-05-21T23:00:00.000000,Canada,Québec,CA-QC,10.63,42.99,97.54,93.64,hydroquebec.com,false,""
2025-05-22T00:00:00.000000,Canada,Québec,CA-QC,10.51,42.99,97.55,94.23,hydroquebec.com,false,""
2025-05-22T01:00:00.000000,Canada,Québec,CA-QC,10.87,43.34,97.45,93.72,hydroquebec.com,false,""
2025-05-22T02:00:00.000000,Canada,Québec,CA-QC,10.12,42.46,97.65,93.08,hydroquebec.com,false,""
2025-05-22T03:00:00.000000,Canada,Québec,CA-QC,8.2,40.46,98.08,93.22,hydroquebec.com,false,""
2025-05-22T04:00:00.000000,Canada,Québec,CA-QC,9.18,41.8,97.87,92.72,hydroquebec.com,false,""
2025-05-22T05:00:00.000000,Canada,Québec,CA-QC,5.8,38.22,98.67,94.61,hydroquebec.com,false,""
2025-05-22T06:00:00.000000,Canada,Québec,CA-QC,2.77,34.64,99.36,95.77,hydroquebec.com,false,""
2025-05-22T07:00:00.000000,Canada,Québec,CA-QC,2.7,34.35,99.37,95.22,hydroquebec.com,false,""
2025-05-22T08:00:00.000000,Canada,Québec,CA-QC,7.91,40.14,98.19,92.39,hydroquebec.com,false,""
2025-05-22T09:00:00.000000,Canada,Québec,CA-QC,11.91,44.74,97.29,90.97,hydroquebec.com,false,""
2025-05-22T10:00:00.000000,Canada,Québec,CA-QC,12.38,44.98,97.23,91.54,hydroquebec.com,false,""
2025-05-22T11:00:00.000000,Canada,Québec,CA-QC,11.48,43.55,97.43,92.68,hydroquebec.com,false,""
2025-05-22T12:00:00.000000,Canada,Québec,CA-QC,11.58,43.66,97.38,93.29,hydroquebec.com,false,""
2025-05-22T13:00:00.000000,Canada,Québec,CA-QC,11.32,43.35,97.41,93.33,hydroquebec.com,false,""
2025-05-22T14:00:00.000000,Canada,Québec,CA-QC,11.71,43.79,97.32,93.25,hydroquebec.com,false,""
2025-05-22T15:00:00.000000,Canada,Québec,CA-QC,11.86,43.91,97.29,93.08,hydroquebec.com,false,""
2025-05-22T16:00:00.000000,Canada,Québec,CA-QC,11.97,44.0,97.28,92.92,hydroquebec.com,false,""
2025-05-22T17:00:00.000000,Canada,Québec,CA-QC,13.6,45.84,96.86,91.93,hydroquebec.com,false,""
2025-05-22T18:00:00.000000,Canada,Québec,CA-QC,13.74,45.97,96.83,91.9,hydroquebec.com,false,""
2025-05-22T19:00:00.000000,Canada,Québec,CA-QC,12.24,44.2,97.21,92.69,hydroquebec.com,false,""
2025-05-22T20:00:00.000000,Canada,Québec,CA-QC,12.11,43.82,97.24,92.53,hydroquebec.com,false,""
2025-05-22T21:00:00.000000,Canada,Québec,CA-QC,12.96,44.76,97.01,92.35,hydroquebec.com,false,""
2025-05-22T22:00:00.000000,Canada,Québec,CA-QC,10.63,41.87,97.58,93.57,hydroquebec.com,false,""
2025-05-22T23:00:00.000000,Canada,Québec,CA-QC,10.55,41.84,97.59,94.04,hydroquebec.com,false,""
2025-05-23T00:00:00.000000,Canada,Québec,CA-QC,10.51,41.82,97.59,94.12,hydroquebec.com,false,""
2025-05-23T01:00:00.000000,Canada,Québec,CA-QC,11.55,42.89,97.35,93.2,hydroquebec.com,false,""
2025-05-23T02:00:00.000000,Canada,Québec,CA-QC,11.45,42.85,97.38,92.48,hydroquebec.com,false,""
2025-05-23T03:00:00.000000,Canada,Québec,CA-QC,12.17,43.99,97.25,91.62,hydroquebec.com,false,""
2025-05-23T04:00:00.000000,Canada,Québec,CA-QC,7.86,39.24,98.23,92.7,hydroquebec.com,false,""
2025-05-23T05:00:00.000000,Canada,Québec,CA-QC,7.9,39.56,98.19,92.94,hydroquebec.com,false,""
2025-05-23T06:00:00.000000,Canada,Québec,CA-QC,4.95,36.19,98.86,94.15,hydroquebec.com,false,""
2025-05-23T07:00:00.000000,Canada,Québec,CA-QC,3.32,34.14,99.23,94.31,hydroquebec.com,false,""
2025-05-23T08:00:00.000000,Canada,Québec,CA-QC,5.76,36.81,98.68,93.49,hydroquebec.com,false,""
2025-05-23T09:00:00.000000,Canada,Québec,CA-QC,11.47,43.44,97.38,91.97,hydroquebec.com,false,""
2025-05-23T10:00:00.000000,Canada,Québec,CA-QC,11.96,43.81,97.24,92.23,hydroquebec.com,false,""
2025-05-23T11:00:00.000000,Canada,Québec,CA-QC,11.24,42.62,97.42,93.29,hydroquebec.com,false,""
2025-05-23T12:00:00.000000,Canada,Québec,CA-QC,11.42,42.44,97.39,92.98,hydroquebec.com,false,""
2025-05-23T13:00:00.000000,Canada,Québec,CA-QC,11.53,42.63,97.35,93.23,hydroquebec.com,false,""
2025-05-23T14:00:00.000000,Canada,Québec,CA-QC,11.52,42.55,97.36,93.25,hydroquebec.com,false,""
2025-05-23T15:00:00.000000,Canada,Québec,CA-QC,11.44,42.41,97.38,93.22,hydroquebec.com,false,""
2025-05-23T16:00:00.000000,Canada,Québec,CA-QC,12.34,43.58,97.14,92.78,hydroquebec.com,false,""
2025-05-23T17:00:00.000000,Canada,Québec,CA-QC,12.33,43.56,97.15,92.49,hydroquebec.com,false,""
2025-05-23T18:00:00.000000,Canada,Québec,CA-QC,11.9,43.13,97.25,92.52,hydroquebec.com,false,""
2025-05-23T19:00:00.000000,Canada,Québec,CA-QC,11.39,42.59,97.38,92.69,hydroquebec.com,false,""
2025-05-23T20:00:00.000000,Canada,Québec,CA-QC,11.38,42.71,97.37,93.04,hydroquebec.com,false,""
2025-05-23T21:00:00.000000,Canada,Québec,CA-QC,11.01,42.23,97.47,93.43,hydroquebec.com,false,""
2025-05-23T22:00:00.000000,Canada,Québec,CA-QC,10.94,42.16,97.48,93.77,hydroquebec.com,false,""
2025-05-23T23:00:00.000000,Canada,Québec,CA-QC,11.4,42.7,97.36,93.39,hydroquebec.com,false,""
2025-05-24T00:00:00.000000,Canada,Québec,CA-QC,10.65,41.95,97.52,93.68,hydroquebec.com,false,""
2025-05-24T01:00:00.000000,Canada,Québec,CA-QC,11.83,43.43,97.26,93.31,hydroquebec.com,false,""
2025-05-24T02:00:00.000000,Canada,Québec,CA-QC,12.74,44.72,97.03,92.55,hydroquebec.com,false,""
2025-05-24T03:00:00.000000,Canada,Québec,CA-QC,12.78,44.9,97.06,91.8,hydroquebec.com,false,""
2025-05-24T04:00:00.000000,Canada,Québec,CA-QC,12.7,45.1,97.08,91.4,hydroquebec.com,false,""
2025-05-24T05:00:00.000000,Canada,Québec,CA-QC,11.02,43.33,97.46,91.42,hydroquebec.com,false,""
2025-05-24T06:00:00.000000,Canada,Québec,CA-QC,8.91,41.04,97.94,92.09,hydroquebec.com,false,""
2025-05-24T07:00:00.000000,Canada,Québec,CA-QC,9.19,41.39,97.88,91.93,hydroquebec.com,false,""
2025-05-24T08:00:00.000000,Canada,Québec,CA-QC,11.01,43.54,97.47,91.18,hydroquebec.com,false,""
2025-05-24T09:00:00.000000,Canada,Québec,CA-QC,11.29,43.93,97.41,91.22,hydroquebec.com,false,""
2025-05-24T10:00:00.000000,Canada,Québec,CA-QC,12.2,44.94,97.2,91.15,hydroquebec.com,false,""
2025-05-24T11:00:00.000000,Canada,Québec,CA-QC,12.17,44.73,97.2,91.3,hydroquebec.com,false,""
2025-05-24T12:00:00.000000,Canada,Québec,CA-QC,12.02,44.34,97.23,91.75,hydroquebec.com,false,""
2025-05-24T13:00:00.000000,Canada,Québec,CA-QC,11.8,43.9,97.29,92.03,hydroquebec.com,false,""
2025-05-24T14:00:00.000000,Canada,Québec,CA-QC,11.59,43.51,97.36,92.16,hydroquebec.com,false,""
2025-05-24T15:00:00.000000,Canada,Québec,CA-QC,11.65,43.59,97.33,92.25,hydroquebec.com,false,""
2025-05-24T16:00:00.000000,Canada,Québec,CA-QC,11.41,43.47,97.4,92.28,hydroquebec.com,false,""
2025-05-24T17:00:00.000000,Canada,Québec,CA-QC,11.6,43.94,97.36,92.14,hydroquebec.com,false,""
2025-05-24T18:00:00.000000,Canada,Québec,CA-QC,11.74,44.21,97.32,91.92,hydroquebec.com,false,""
2025-05-24T19:00:00.000000,Canada,Québec,CA-QC,11.68,44.28,97.32,91.91,hydroquebec.com,false,""
2025-05-24T20:00:00.000000,Canada,Québec,CA-QC,12.2,44.91,97.2,91.85,hydroquebec.com,false,""
2025-05-24T21:00:00.000000,Canada,Québec,CA-QC,12.49,45.13,97.11,92.03,hydroquebec.com,false,""
2025-05-24T22:00:00.000000,Canada,Québec,CA-QC,12.29,44.86,97.15,92.26,hydroquebec.com,false,""
2025-05-24T23:00:00.000000,Canada,Québec,CA-QC,11.92,44.59,97.24,92.48,hydroquebec.com,false,""
2025-05-25T00:00:00.000000,Canada,Québec,CA-QC,11.46,44.22,97.34,92.62,hydroquebec.com,false,""
2025-05-25T01:00:00.000000,Canada,Québec,CA-QC,12.68,45.76,97.07,92.26,hydroquebec.com,false,""
2025-05-25T02:00:00.000000,Canada,Québec,CA-QC,13.33,46.73,96.92,91.86,hydroquebec.com,false,""
2025-05-25T03:00:00.000000,Canada,Québec,CA-QC,12.79,46.26,97.07,91.66,hydroquebec.com,false,""
2025-05-25T04:00:00.000000,Canada,Québec,CA-QC,13.68,47.58,96.85,90.78,hydroquebec.com,false,""
2025-05-25T05:00:00.000000,Canada,Québec,CA-QC,13.27,47.16,96.97,90.47,hydroquebec.com,false,""
2025-05-25T06:00:00.000000,Canada,Québec,CA-QC,13.01,46.96,97.02,90.33,hydroquebec.com,false,""
2025-05-25T07:00:00.000000,Canada,Québec,CA-QC,13.01,46.93,97.03,90.16,hydroquebec.com,false,""
2025-05-25T08:00:00.000000,Canada,Québec,CA-QC,12.78,46.62,97.08,90.26,hydroquebec.com,false,""
2025-05-25T09:00:00.000000,Canada,Québec,CA-QC,12.89,46.71,97.06,90.28,hydroquebec.com,false,""
2025-05-25T10:00:00.000000,Canada,Québec,CA-QC,12.66,46.38,97.11,90.51,hydroquebec.com,false,""
2025-05-25T11:00:00.000000,Canada,Québec,CA-QC,12.76,46.43,97.1,90.62,hydroquebec.com,false,""
2025-05-25T12:00:00.000000,Canada,Québec,CA-QC,12.51,45.97,97.15,90.94,hydroquebec.com,false,""
2025-05-25T13:00:00.000000,Canada,Québec,CA-QC,11.53,44.56,97.37,91.81,hydroquebec.com,false,""
2025-05-25T14:00:00.000000,Canada,Québec,CA-QC,11.12,43.88,97.49,92.06,hydroquebec.com,false,""
2025-05-25T15:00:00.000000,Canada,Québec,CA-QC,11.25,44.08,97.45,92.1,hydroquebec.com,false,""
2025-05-25T16:00:00.000000,Canada,Québec,CA-QC,14.91,48.44,96.63,90.71,hydroquebec.com,false,""
2025-05-25T17:00:00.000000,Canada,Québec,CA-QC,13.33,46.67,96.97,91.17,hydroquebec.com,false,""
2025-05-25T18:00:00.000000,Canada,Québec,CA-QC,14.16,47.88,96.76,90.81,hydroquebec.com,false,""
2025-05-25T19:00:00.000000,Canada,Québec,CA-QC,14.45,48.32,96.69,90.75,hydroquebec.com,false,""
2025-05-25T20:00:00.000000,Canada,Québec,CA-QC,14.3,48.11,96.71,90.97,hydroquebec.com,false,""
2025-05-25T21:00:00.000000,Canada,Québec,CA-QC,14.57,48.4,96.63,91.17,hydroquebec.com,false,""
2025-05-25T22:00:00.000000,Canada,Québec,CA-QC,13.1,46.46,97.0,91.94,hydroquebec.com,false,""
2025-05-25T23:00:00.000000,Canada,Québec,CA-QC,13.19,46.55,96.98,91.98,hydroquebec.com,false,""
2025-05-26T00:00:00.000000,Canada,Québec,CA-QC,13.35,46.96,96.95,92.6,hydroquebec.com,false,""
2025-05-26T01:00:00.000000,Canada,Québec,CA-QC,13.83,47.59,96.84,92.43,hydroquebec.com,false,""
2025-05-26T02:00:00.000000,Canada,Québec,CA-QC,14.95,49.2,96.57,91.67,hydroquebec.com,false,""
2025-05-26T03:00:00.000000,Canada,Québec,CA-QC,15.23,49.82,96.53,90.79,hydroquebec.com,false,""
2025-05-26T04:00:00.000000,Canada,Québec,CA-QC,13.17,47.73,96.99,91.05,hydroquebec.com,false,""
2025-05-26T05:00:00.000000,Canada,Québec,CA-QC,12.91,47.72,97.06,91.5,hydroquebec.com,false,""
2025-05-26T06:00:00.000000,Canada,Québec,CA-QC,14.5,49.5,96.69,90.57,hydroquebec.com,false,""
2025-05-26T07:00:00.000000,Canada,Québec,CA-QC,14.65,49.56,96.63,90.12,hydroquebec.com,false,""
2025-05-26T08:00:00.000000,Canada,Québec,CA-QC,14.43,49.2,96.7,90.48,hydroquebec.com,false,""
2025-05-26T09:00:00.000000,Canada,Québec,CA-QC,14.94,49.51,96.57,90.36,hydroquebec.com,false,""
2025-05-26T10:00:00.000000,Canada,Québec,CA-QC,14.4,48.36,96.7,90.96,hydroquebec.com,false,""
2025-05-26T11:00:00.000000,Canada,Québec,CA-QC,14.52,48.19,96.67,91.41,hydroquebec.com,false,""
2025-05-26T12:00:00.000000,Canada,Québec,CA-QC,14.32,47.84,96.71,91.34,hydroquebec.com,false,""
2025-05-26T13:00:00.000000,Canada,Québec,CA-QC,14.5,48.21,96.66,91.17,hydroquebec.com,false,""
2025-05-26T14:00:00.000000,Canada,Québec,CA-QC,14.81,48.57,96.62,90.98,hydroquebec.com,false,""
2025-05-26T15:00:00.000000,Canada,Québec,CA-QC,14.23,47.89,96.76,91.19,hydroquebec.com,false,""
2025-05-26T16:00:00.000000,Canada,Québec,CA-QC,14.5,48.33,96.68,91.17,hydroquebec.com,false,""
2025-05-26T17:00:00.000000,Canada,Québec,CA-QC,14.86,48.67,96.61,91.06,hydroquebec.com,false,""
2025-05-26T18:00:00.000000,Canada,Québec,CA-QC,14.9,48.62,96.58,91.0,hydroquebec.com,false,""
2025-05-26T19:00:00.000000,Canada,Québec,CA-QC,15.35,49.15,96.45,90.94,hydroquebec.com,false,""
2025-05-26T20:00:00.000000,Canada,Québec,CA-QC,15.77,49.69,96.34,91.16,hydroquebec.com,false,""
2025-05-26T21:00:00.000000,Canada,Québec,CA-QC,14.63,48.25,96.62,92.36,hydroquebec.com,false,""
2025-05-26T22:00:00.000000,Canada,Québec,CA-QC,14.12,47.53,96.78,93.21,hydroquebec.com,false,""
2025-05-26T23:00:00.000000,Canada,Québec,CA-QC,13.72,47.29,96.87,94.08,hydroquebec.com,false,""
2025-05-27T00:00:00.000000,Canada,Québec,CA-QC,13.09,46.6,96.98,94.03,hydroquebec.com,false,""
2025-05-27T01:00:00.000000,Canada,Québec,CA-QC,14.4,48.18,96.69,93.44,hydroquebec.com,false,""
2025-05-27T02:00:00.000000,Canada,Québec,CA-QC,15.39,49.34,96.46,91.98,hydroquebec.com,false,""
2025-05-27T03:00:00.000000,Canada,Québec,CA-QC,14.29,48.33,96.69,91.08,hydroquebec.com,false,""
2025-05-27T04:00:00.000000,Canada,Québec,CA-QC,4.68,37.52,98.84,94.23,hydroquebec.com,false,""
2025-05-27T05:00:00.000000,Canada,Québec,CA-QC,2.54,35.39,99.34,95.87,hydroquebec.com,false,""
2025-05-27T06:00:00.000000,Canada,Québec,CA-QC,5.33,38.98,98.72,95.84,hydroquebec.com,false,""
2025-05-27T07:00:00.000000,Canada,Québec,CA-QC,2.73,35.73,99.29,95.94,hydroquebec.com,false,""
2025-05-27T08:00:00.000000,Canada,Québec,CA-QC,3.71,36.77,99.03,94.67,hydroquebec.com,false,""
2025-05-27T09:00:00.000000,Canada,Québec,CA-QC,11.86,46.07,97.18,91.25,hydroquebec.com,false,""
2025-05-27T10:00:00.000000,Canada,Québec,CA-QC,15.58,50.23,96.4,90.95,hydroquebec.com,false,""
2025-05-27T11:00:00.000000,Canada,Québec,CA-QC,15.46,49.65,96.44,91.43,hydroquebec.com,false,""
2025-05-27T12:00:00.000000,Canada,Québec,CA-QC,15.1,49.04,96.55,91.63,hydroquebec.com,false,""
2025-05-27T13:00:00.000000,Canada,Québec,CA-QC,16.21,50.58,96.25,91.07,hydroquebec.com,false,""
2025-05-27T14:00:00.000000,Canada,Québec,CA-QC,16.02,50.32,96.31,91.08,hydroquebec.com,false,""
2025-05-27T15:00:00.000000,Canada,Québec,CA-QC,16.25,50.54,96.24,91.03,hydroquebec.com,false,""
2025-05-27T16:00:00.000000,Canada,Québec,CA-QC,16.54,50.91,96.17,90.96,hydroquebec.com,false,""
2025-05-27T17:00:00.000000,Canada,Québec,CA-QC,16.65,51.15,96.16,91.0,hydroquebec.com,false,""
2025-05-27T18:00:00.000000,Canada,Québec,CA-QC,16.73,51.21,96.13,90.98,hydroquebec.com,false,""
2025-05-27T19:00:00.000000,Canada,Québec,CA-QC,15.32,49.34,96.48,91.67,hydroquebec.com,false,""
2025-05-27T20:00:00.000000,Canada,Québec,CA-QC,15.23,49.08,96.49,91.84,hydroquebec.com,false,""
2025-05-27T21:00:00.000000,Canada,Québec,CA-QC,14.62,48.13,96.62,92.27,hydroquebec.com,false,""
2025-05-27T22:00:00.000000,Canada,Québec,CA-QC,12.52,45.51,97.11,93.41,hydroquebec.com,false,""
2025-05-27T23:00:00.000000,Canada,Québec,CA-QC,12.27,45.13,97.16,93.55,hydroquebec.com,false,""
2025-05-28T00:00:00.000000,Canada,Québec,CA-QC,12.25,45.28,97.17,94.04,hydroquebec.com,false,""
2025-05-28T01:00:00.000000,Canada,Québec,CA-QC,16.42,50.0,96.23,92.05,hydroquebec.com,false,""
2025-05-28T02:00:00.000000,Canada,Québec,CA-QC,11.31,44.19,97.33,92.98,hydroquebec.com,false,""
2025-05-28T03:00:00.000000,Canada,Québec,CA-QC,5.47,37.74,98.71,95.6,hydroquebec.com,false,""
2025-05-28T04:00:00.000000,Canada,Québec,CA-QC,8.96,42.23,98.01,95.05,hydroquebec.com,false,""
2025-05-28T05:00:00.000000,Canada,Québec,CA-QC,6.46,39.34,98.61,94.88,hydroquebec.com,false,""
2025-05-28T06:00:00.000000,Canada,Québec,CA-QC,6.05,39.4,98.72,95.93,hydroquebec.com,false,""
2025-05-28T07:00:00.000000,Canada,Québec,CA-QC,4.45,37.61,99.03,96.1,hydroquebec.com,false,""
2025-05-28T08:00:00.000000,Canada,Québec,CA-QC,5.08,38.34,98.86,95.45,hydroquebec.com,false,""
2025-05-28T09:00:00.000000,Canada,Québec,CA-QC,10.89,44.9,97.47,92.14,hydroquebec.com,false,""
2025-05-28T10:00:00.000000,Canada,Québec,CA-QC,14.69,49.0,96.61,90.69,hydroquebec.com,false,""
2025-05-28T11:00:00.000000,Canada,Québec,CA-QC,14.07,47.8,96.78,91.5,hydroquebec.com,false,""
2025-05-28T12:00:00.000000,Canada,Québec,CA-QC,13.91,47.36,96.84,91.82,hydroquebec.com,false,""
2025-05-28T13:00:00.000000,Canada,Québec,CA-QC,13.87,47.19,96.85,91.89,hydroquebec.com,false,""
2025-05-28T14:00:00.000000,Canada,Québec,CA-QC,16.87,50.63,96.18,91.16,hydroquebec.com,false,""
2025-05-28T15:00:00.000000,Canada,Québec,CA-QC,14.93,48.27,96.59,91.8,hydroquebec.com,false,""
2025-05-28T16:00:00.000000,Canada,Québec,CA-QC,14.59,47.84,96.65,92.05,hydroquebec.com,false,""
2025-05-28T17:00:00.000000,Canada,Québec,CA-QC,14.62,47.85,96.65,92.08,hydroquebec.com,false,""
2025-05-28T18:00:00.000000,Canada,Québec,CA-QC,14.82,48.03,96.59,91.99,hydroquebec.com,false,""
2025-05-28T19:00:00.000000,Canada,Québec,CA-QC,15.03,48.22,96.55,91.94,hydroquebec.com,false,""
2025-05-28T20:00:00.000000,Canada,Québec,CA-QC,15.24,48.47,96.49,91.94,hydroquebec.com,false,""
2025-05-28T21:00:00.000000,Canada,Québec,CA-QC,14.14,47.05,96.69,92.52,hydroquebec.com,false,""
2025-05-28T22:00:00.000000,Canada,Québec,CA-QC,13.98,46.73,96.73,92.65,hydroquebec.com,false,""
2025-05-28T23:00:00.000000,Canada,Québec,CA-QC,15.05,48.07,96.48,92.29,hydroquebec.com,false,""
2025-05-29T00:00:00.000000,Canada,Québec,CA-QC,14.6,47.61,96.56,92.4,hydroquebec.com,false,""
2025-05-29T01:00:00.000000,Canada,Québec,CA-QC,15.98,49.28,96.26,91.87,hydroquebec.com,false,""
2025-05-29T02:00:00.000000,Canada,Québec,CA-QC,15.36,48.85,96.41,91.88,hydroquebec.com,false,""
2025-05-29T03:00:00.000000,Canada,Québec,CA-QC,11.53,44.7,97.3,92.55,hydroquebec.com,false,""
2025-05-29T04:00:00.000000,Canada,Québec,CA-QC,4.06,36.26,98.98,94.71,hydroquebec.com,false,""
2025-05-29T05:00:00.000000,Canada,Québec,CA-QC,1.46,33.82,99.62,97.1,hydroquebec.com,false,""
2025-05-29T06:00:00.000000,Canada,Québec,CA-QC,1.58,34.21,99.64,97.76,hydroquebec.com,false,""
2025-05-29T07:00:00.000000,Canada,Québec,CA-QC,0.8,33.66,99.8,98.64,hydroquebec.com,false,""
2025-05-29T08:00:00.000000,Canada,Québec,CA-QC,1.18,34.05,99.68,97.65,hydroquebec.com,false,""
2025-05-29T09:00:00.000000,Canada,Québec,CA-QC,2.57,35.36,99.31,95.81,hydroquebec.com,false,""
2025-05-29T10:00:00.000000,Canada,Québec,CA-QC,14.69,49.23,96.54,91.19,hydroquebec.com,false,""
2025-05-29T11:00:00.000000,Canada,Québec,CA-QC,17.52,52.47,95.9,90.81,hydroquebec.com,false,""
2025-05-29T12:00:00.000000,Canada,Québec,CA-QC,16.83,51.53,96.09,91.87,hydroquebec.com,false,""
2025-05-29T13:00:00.000000,Canada,Québec,CA-QC,16.04,50.43,96.29,92.16,hydroquebec.com,false,""
2025-05-29T14:00:00.000000,Canada,Québec,CA-QC,11.11,44.37,97.38,93.59,hydroquebec.com,false,""
2025-05-29T15:00:00.000000,Canada,Québec,CA-QC,9.86,42.57,97.66,94.05,hydroquebec.com,false,""
2025-05-29T16:00:00.000000,Canada,Québec,CA-QC,9.6,42.19,97.72,94.27,hydroquebec.com,false,""
2025-05-29T17:00:00.000000,Canada,Québec,CA-QC,10.03,42.64,97.64,94.16,hydroquebec.com,false,""
2025-05-29T18:00:00.000000,Canada,Québec,CA-QC,9.59,42.01,97.73,94.08,hydroquebec.com,false,""
2025-05-29T19:00:00.000000,Canada,Québec,CA-QC,10.15,42.51,97.59,93.58,hydroquebec.com,false,""
2025-05-29T20:00:00.000000,Canada,Québec,CA-QC,10.46,42.9,97.51,93.47,hydroquebec.com,false,""
2025-05-29T21:00:00.000000,Canada,Québec,CA-QC,10.71,43.17,97.44,93.52,hydroquebec.com,false,""
2025-05-29T22:00:00.000000,Canada,Québec,CA-QC,10.13,42.36,97.58,93.75,hydroquebec.com,false,""
2025-05-29T23:00:00.000000,Canada,Québec,CA-QC,9.96,42.3,97.63,94.05,hydroquebec.com,false,""
2025-05-30T00:00:00.000000,Canada,Québec,CA-QC,10.28,42.69,97.54,93.86,hydroquebec.com,false,""
2025-05-30T01:00:00.000000,Canada,Québec,CA-QC,10.07,42.36,97.59,93.95,hydroquebec.com,false,""
2025-05-30T02:00:00.000000,Canada,Québec,CA-QC,9.66,41.8,97.73,93.74,hydroquebec.com,false,""
2025-05-30T03:00:00.000000,Canada,Québec,CA-QC,9.07,41.32,97.89,93.59,hydroquebec.com,false,""
2025-05-30T04:00:00.000000,Canada,Québec,CA-QC,3.69,35.26,99.12,95.47,hydroquebec.com,false,""
2025-05-30T05:00:00.000000,Canada,Québec,CA-QC,1.6,33.6,99.67,98.58,hydroquebec.com,false,""
2025-05-30T06:00:00.000000,Canada,Québec,CA-QC,1.25,33.4,99.75,98.86,hydroquebec.com,false,""
2025-05-30T07:00:00.000000,Canada,Québec,CA-QC,1.48,33.75,99.68,98.37,hydroquebec.com,false,""
2025-05-30T08:00:00.000000,Canada,Québec,CA-QC,0.54,32.99,99.85,98.73,hydroquebec.com,false,""
2025-05-30T09:00:00.000000,Canada,Québec,CA-QC,1.17,33.43,99.68,97.39,hydroquebec.com,false,""
2025-05-30T10:00:00.000000,Canada,Québec,CA-QC,10.01,43.13,97.62,92.6,hydroquebec.com,false,""
2025-05-30T11:00:00.000000,Canada,Québec,CA-QC,15.4,49.49,96.44,91.88,hydroquebec.com,false,""
2025-05-30T12:00:00.000000,Canada,Québec,CA-QC,15.42,49.28,96.48,92.14,hydroquebec.com,false,""
2025-05-30T13:00:00.000000,Canada,Québec,CA-QC,14.99,48.78,96.56,92.35,hydroquebec.com,false,""
2025-05-30T14:00:00.000000,Canada,Québec,CA-QC,14.66,48.25,96.64,91.83,hydroquebec.com,false,""
2025-05-30T15:00:00.000000,Canada,Québec,CA-QC,14.96,48.63,96.55,91.77,hydroquebec.com,false,""
2025-05-30T16:00:00.000000,Canada,Québec,CA-QC,15.12,48.78,96.52,91.83,hydroquebec.com,false,""
2025-05-30T17:00:00.000000,Canada,Québec,CA-QC,15.19,48.92,96.48,91.8,hydroquebec.com,false,""
2025-05-30T18:00:00.000000,Canada,Québec,CA-QC,15.49,49.32,96.41,91.68,hydroquebec.com,false,""
2025-05-30T19:00:00.000000,Canada,Québec,CA-QC,15.63,49.51,96.36,91.69,hydroquebec.com,false,""
2025-05-30T20:00:00.000000,Canada,Québec,CA-QC,17.06,51.31,95.98,91.23,hydroquebec.com,false,""
2025-05-30T21:00:00.000000,Canada,Québec,CA-QC,14.52,48.21,96.63,92.67,hydroquebec.com,false,""
2025-05-30T22:00:00.000000,Canada,Québec,CA-QC,14.35,47.85,96.67,92.63,hydroquebec.com,false,""
2025-05-30T23:00:00.000000,Canada,Québec,CA-QC,14.81,48.42,96.55,92.07,hydroquebec.com,false,""
2025-05-31T00:00:00.000000,Canada,Québec,CA-QC,13.79,47.52,96.79,92.85,hydroquebec.com,false,""
2025-05-31T01:00:00.000000,Canada,Québec,CA-QC,14.92,48.81,96.53,91.92,hydroquebec.com,false,""
2025-05-31T02:00:00.000000,Canada,Québec,CA-QC,14.73,48.87,96.6,91.6,hydroquebec.com,false,""
2025-05-31T03:00:00.000000,Canada,Québec,CA-QC,13.58,48.15,96.85,91.52,hydroquebec.com,false,""
2025-05-31T04:00:00.000000,Canada,Québec,CA-QC,3.51,36.6,99.18,95.06,hydroquebec.com,false,""
2025-05-31T05:00:00.000000,Canada,Québec,CA-QC,0.46,33.23,99.88,96.91,hydroquebec.com,false,""
2025-05-31T06:00:00.000000,Canada,Québec,CA-QC,0.26,32.93,99.93,96.38,hydroquebec.com,false,""
2025-05-31T07:00:00.000000,Canada,Québec,CA-QC,0.54,33.82,99.85,97.03,hydroquebec.com,false,""
2025-05-31T08:00:00.000000,Canada,Québec,CA-QC,0.51,33.74,99.86,96.7,hydroquebec.com,false,""
2025-05-31T09:00:00.000000,Canada,Québec,CA-QC,0.41,33.69,99.89,97.35,hydroquebec.com,false,""
2025-05-31T10:00:00.000000,Canada,Québec,CA-QC,0.59,33.18,99.84,96.17,hydroquebec.com,false,""
2025-05-31T11:00:00.000000,Canada,Québec,CA-QC,4.33,37.36,99.0,94.91,hydroquebec.com,false,""
2025-05-31T12:00:00.000000,Canada,Québec,CA-QC,11.12,44.88,97.48,92.59,hydroquebec.com,false,""
2025-05-31T13:00:00.000000,Canada,Québec,CA-QC,12.55,46.1,97.15,91.93,hydroquebec.com,false,""
2025-05-31T14:00:00.000000,Canada,Québec,CA-QC,11.66,44.71,97.36,92.28,hydroquebec.com,false,""
2025-05-31T15:00:00.000000,Canada,Québec,CA-QC,10.87,43.54,97.56,92.86,hydroquebec.com,false,""
2025-05-31T16:00:00.000000,Canada,Québec,CA-QC,9.34,41.47,97.89,93.52,hydroquebec.com,false,""
2025-05-31T17:00:00.000000,Canada,Québec,CA-QC,3.81,34.8,99.12,95.55,hydroquebec.com,false,""
2025-05-31T18:00:00.000000,Canada,Québec,CA-QC,8.63,40.06,98.03,93.6,hydroquebec.com,false,""
2025-05-31T19:00:00.000000,Canada,Québec,CA-QC,3.46,33.84,99.19,95.47,hydroquebec.com,false,""
2025-05-31T20:00:00.000000,Canada,Québec,CA-QC,3.82,34.29,99.11,96.18,hydroquebec.com,false,""
2025-05-31T21:00:00.000000,Canada,Québec,CA-QC,5.25,35.64,98.78,95.08,hydroquebec.com,false,""
2025-05-31T22:00:00.000000,Canada,Québec,CA-QC,6.94,37.6,98.39,94.45,hydroquebec.com,false,""
2025-05-31T23:00:00.000000,Canada,Québec,CA-QC,5.21,35.58,98.78,94.84,hydroquebec.com,false,""
2025-06-01T00:00:00.000000,Canada,Québec,CA-QC,5.76,36.35,98.66,94.7,hydroquebec.com,false,""
2025-06-01T01:00:00.000000,Canada,Québec,CA-QC,9.52,40.97,97.81,93.25,hydroquebec.com,false,""
2025-06-01T02:00:00.000000,Canada,Québec,CA-QC,9.66,41.47,97.79,93.1,hydroquebec.com,false,""
2025-06-01T03:00:00.000000,Canada,Québec,CA-QC,9.88,41.94,97.73,92.65,hydroquebec.com,false,""
2025-06-01T04:00:00.000000,Canada,Québec,CA-QC,3.29,34.28,99.23,94.63,hydroquebec.com,false,""
2025-06-01T05:00:00.000000,Canada,Québec,CA-QC,1.69,32.54,99.59,95.52,hydroquebec.com,false,""
2025-06-01T06:00:00.000000,Canada,Québec,CA-QC,1.24,32.06,99.71,95.52,hydroquebec.com,false,""
2025-06-01T07:00:00.000000,Canada,Québec,CA-QC,1.37,32.51,99.68,96.04,hydroquebec.com,false,""
2025-06-01T08:00:00.000000,Canada,Québec,CA-QC,1.21,32.35,99.72,96.5,hydroquebec.com,false,""
2025-06-01T09:00:00.000000,Canada,Québec,CA-QC,1.15,32.3,99.74,97.2,hydroquebec.com,false,""
2025-06-01T10:00:00.000000,Canada,Québec,CA-QC,1.2,31.78,99.72,96.17,hydroquebec.com,false,""
2025-06-01T11:00:00.000000,Canada,Québec,CA-QC,3.19,33.86,99.28,95.28,hydroquebec.com,false,""
2025-06-01T12:00:00.000000,Canada,Québec,CA-QC,3.2,33.47,99.28,94.97,hydroquebec.com,false,""
2025-06-01T13:00:00.000000,Canada,Québec,CA-QC,6.52,37.12,98.53,94.11,hydroquebec.com,false,""
2025-06-01T14:00:00.000000,Canada,Québec,CA-QC,7.25,37.96,98.36,94.11,hydroquebec.com,false,""
2025-06-01T15:00:00.000000,Canada,Québec,CA-QC,7.63,38.25,98.3,94.08,hydroquebec.com,false,""
2025-06-01T16:00:00.000000,Canada,Québec,CA-QC,8.69,39.34,98.07,93.75,hydroquebec.com,false,""
2025-06-01T17:00:00.000000,Canada,Québec,CA-QC,9.38,40.09,97.9,93.37,hydroquebec.com,false,""
2025-06-01T18:00:00.000000,Canada,Québec,CA-QC,5.69,35.75,98.68,94.35,hydroquebec.com,false,""
2025-06-01T19:00:00.000000,Canada,Québec,CA-QC,9.64,40.38,97.79,92.97,hydroquebec.com,false,""
2025-06-01T20:00:00.000000,Canada,Québec,CA-QC,10.5,41.45,97.59,92.92,hydroquebec.com,false,""
2025-06-01T21:00:00.000000,Canada,Québec,CA-QC,11.99,43.07,97.24,92.55,hydroquebec.com,false,""
2025-06-01T22:00:00.000000,Canada,Québec,CA-QC,12.24,43.25,97.19,92.63,hydroquebec.com,false,""
2025-06-01T23:00:00.000000,Canada,Québec,CA-QC,12.92,44.06,97.03,92.45,hydroquebec.com,false,""
2025-06-02T00:00:00.000000,Canada,Québec,CA-QC,13.79,45.22,96.82,92.22,hydroquebec.com,false,""
2025-06-02T01:00:00.000000,Canada,Québec,CA-QC,12.67,44.28,97.14,93.85,hydroquebec.com,false,""
2025-06-02T02:00:00.000000,Canada,Québec,CA-QC,9.7,40.78,97.79,94.06,hydroquebec.com,false,""
2025-06-02T03:00:00.000000,Canada,Québec,CA-QC,2.36,32.3,99.41,95.68,hydroquebec.com,false,""
2025-06-02T04:00:00.000000,Canada,Québec,CA-QC,0.76,30.96,99.8,97.17,hydroquebec.com,false,""
2025-06-02T05:00:00.000000,Canada,Québec,CA-QC,0.9,31.12,99.76,96.37,hydroquebec.com,false,""
2025-06-02T06:00:00.000000,Canada,Québec,CA-QC,0.72,31.33,99.8,97.02,hydroquebec.com,false,""
2025-06-02T07:00:00.000000,Canada,Québec,CA-QC,0.66,31.46,99.82,97.2,hydroquebec.com,false,""
2025-06-02T08:00:00.000000,Canada,Québec,CA-QC,0.8,31.44,99.78,96.23,hydroquebec.com,false,""
2025-06-02T09:00:00.000000,Canada,Québec,CA-QC,1.51,31.94,99.61,95.13,hydroquebec.com,false,""
2025-06-02T10:00:00.000000,Canada,Québec,CA-QC,6.78,37.99,98.42,93.53,hydroquebec.com,false,""
2025-06-02T11:00:00.000000,Canada,Québec,CA-QC,11.68,43.57,97.36,92.23,hydroquebec.com,false,""
2025-06-02T12:00:00.000000,Canada,Québec,CA-QC,13.98,46.14,96.9,91.63,hydroquebec.com,false,""
2025-06-02T13:00:00.000000,Canada,Québec,CA-QC,12.35,44.45,97.22,92.16,hydroquebec.com,false,""
2025-06-02T14:00:00.000000,Canada,Québec,CA-QC,12.09,44.28,97.27,92.08,hydroquebec.com,false,""
2025-06-02T15:00:00.000000,Canada,Québec,CA-QC,12.0,44.15,97.28,92.08,hydroquebec.com,false,""
2025-06-02T16:00:00.000000,Canada,Québec,CA-QC,12.03,44.14,97.27,92.08,hydroquebec.com,false,""
2025-06-02T17:00:00.000000,Canada,Québec,CA-QC,12.09,44.31,97.26,92.05,hydroquebec.com,false,""
2025-06-02T18:00:00.000000,Canada,Québec,CA-QC,12.13,44.51,97.24,92.06,hydroquebec.com,false,""
2025-06-02T19:00:00.000000,Canada,Québec,CA-QC,12.36,44.96,97.17,92.1,hydroquebec.com,false,""
2025-06-02T20:00:00.000000,Canada,Québec,CA-QC,12.9,45.68,97.04,92.16,hydroquebec.com,false,""
2025-06-02T21:00:00.000000,Canada,Québec,CA-QC,13.35,46.13,96.94,92.36,hydroquebec.com,false,""
2025-06-02T22:00:00.000000,Canada,Québec,CA-QC,13.51,46.34,96.9,92.41,hydroquebec.com,false,""
2025-06-02T23:00:00.000000,Canada,Québec,CA-QC,12.83,45.71,97.02,92.64,hydroquebec.com,false,""
2025-06-03T00:00:00.000000,Canada,Québec,CA-QC,10.58,43.04,97.52,93.29,hydroquebec.com,false,""
2025-06-03T01:00:00.000000,Canada,Québec,CA-QC,13.62,46.57,96.84,92.28,hydroquebec.com,false,""
2025-06-03T02:00:00.000000,Canada,Québec,CA-QC,13.39,46.44,96.9,91.95,hydroquebec.com,false,""
2025-06-03T03:00:00.000000,Canada,Québec,CA-QC,12.73,45.96,97.09,91.7,hydroquebec.com,false,""
2025-06-03T04:00:00.000000,Canada,Québec,CA-QC,12.69,46.01,97.17,91.05,hydroquebec.com,false,""
2025-06-03T05:00:00.000000,Canada,Québec,CA-QC,7.29,39.86,98.38,92.67,hydroquebec.com,false,""
2025-06-03T06:00:00.000000,Canada,Québec,CA-QC,3.55,35.55,99.2,94.11,hydroquebec.com,false,""
2025-06-03T07:00:00.000000,Canada,Québec,CA-QC,3.69,35.71,99.17,93.95,hydroquebec.com,false,""
2025-06-03T08:00:00.000000,Canada,Québec,CA-QC,7.1,39.58,98.42,92.67,hydroquebec.com,false,""
2025-06-03T09:00:00.000000,Canada,Québec,CA-QC,11.09,44.0,97.51,91.22,hydroquebec.com,false,""
2025-06-03T10:00:00.000000,Canada,Québec,CA-QC,12.69,45.57,97.16,91.28,hydroquebec.com,false,""
2025-06-03T11:00:00.000000,Canada,Québec,CA-QC,12.59,45.21,97.19,91.88,hydroquebec.com,false,""
2025-06-03T12:00:00.000000,Canada,Québec,CA-QC,13.17,46.0,97.04,91.98,hydroquebec.com,false,""
2025-06-03T13:00:00.000000,Canada,Québec,CA-QC,13.47,46.47,96.97,91.97,hydroquebec.com,false,""
2025-06-03T14:00:00.000000,Canada,Québec,CA-QC,13.35,46.36,97.0,92.0,hydroquebec.com,false,""
2025-06-03T15:00:00.000000,Canada,Québec,CA-QC,13.1,45.94,97.04,92.05,hydroquebec.com,false,""
2025-06-03T16:00:00.000000,Canada,Québec,CA-QC,13.03,45.68,97.05,92.13,hydroquebec.com,false,""
2025-06-03T17:00:00.000000,Canada,Québec,CA-QC,13.1,45.94,97.03,92.12,hydroquebec.com,false,""
2025-06-03T18:00:00.000000,Canada,Québec,CA-QC,13.84,47.18,96.84,91.97,hydroquebec.com,false,""
2025-06-03T19:00:00.000000,Canada,Québec,CA-QC,14.52,48.16,96.66,91.89,hydroquebec.com,false,""
2025-06-03T20:00:00.000000,Canada,Québec,CA-QC,14.52,48.21,96.65,92.09,hydroquebec.com,false,""
2025-06-03T21:00:00.000000,Canada,Québec,CA-QC,14.29,47.82,96.68,92.41,hydroquebec.com,false,""
2025-06-03T22:00:00.000000,Canada,Québec,CA-QC,13.43,46.79,96.89,93.31,hydroquebec.com,false,""
2025-06-03T23:00:00.000000,Canada,Québec,CA-QC,13.72,47.06,96.82,93.28,hydroquebec.com,false,""
2025-06-04T00:00:00.000000,Canada,Québec,CA-QC,13.93,47.12,96.75,92.63,hydroquebec.com,false,""
2025-06-04T01:00:00.000000,Canada,Québec,CA-QC,13.98,47.01,96.78,92.47,hydroquebec.com,false,""
2025-06-04T02:00:00.000000,Canada,Québec,CA-QC,9.96,42.28,97.7,93.31,hydroquebec.com,false,""
2025-06-04T03:00:00.000000,Canada,Québec,CA-QC,7.04,38.95,98.44,93.76,hydroquebec.com,false,""
2025-06-04T04:00:00.000000,Canada,Québec,CA-QC,3.15,34.51,99.37,94.8,hydroquebec.com,false,""
2025-06-04T05:00:00.000000,Canada,Québec,CA-QC,2.7,34.11,99.48,95.28,hydroquebec.com,false,""
2025-06-04T06:00:00.000000,Canada,Québec,CA-QC,2.73,34.32,99.48,95.89,hydroquebec.com,false,""
2025-06-04T07:00:00.000000,Canada,Québec,CA-QC,2.84,34.51,99.45,95.83,hydroquebec.com,false,""
2025-06-04T08:00:00.000000,Canada,Québec,CA-QC,2.67,34.27,99.39,94.95,hydroquebec.com,false,""
2025-06-04T09:00:00.000000,Canada,Québec,CA-QC,2.8,34.38,99.35,94.31,hydroquebec.com,false,""
2025-06-04T10:00:00.000000,Canada,Québec,CA-QC,7.78,40.04,98.23,93.56,hydroquebec.com,false,""
2025-06-04T11:00:00.000000,Canada,Québec,CA-QC,11.48,43.89,97.39,92.54,hydroquebec.com,false,""
2025-06-04T12:00:00.000000,Canada,Québec,CA-QC,12.59,45.27,97.14,92.32,hydroquebec.com,false,""
2025-06-04T13:00:00.000000,Canada,Québec,CA-QC,13.26,46.31,96.97,92.31,hydroquebec.com,false,""
2025-06-04T14:00:00.000000,Canada,Québec,CA-QC,13.95,47.22,96.81,92.24,hydroquebec.com,false,""
2025-06-04T15:00:00.000000,Canada,Québec,CA-QC,14.37,47.7,96.7,92.29,hydroquebec.com,false,""
2025-06-04T16:00:00.000000,Canada,Québec,CA-QC,14.37,47.55,96.69,92.42,hydroquebec.com,false,""
2025-06-04T17:00:00.000000,Canada,Québec,CA-QC,14.94,48.12,96.54,92.35,hydroquebec.com,false,""
2025-06-04T18:00:00.000000,Canada,Québec,CA-QC,15.18,48.31,96.47,92.38,hydroquebec.com,false,""
2025-06-04T19:00:00.000000,Canada,Québec,CA-QC,15.14,48.27,96.48,93.01,hydroquebec.com,false,""
2025-06-04T20:00:00.000000,Canada,Québec,CA-QC,15.51,48.5,96.36,92.96,hydroquebec.com,false,""
2025-06-04T21:00:00.000000,Canada,Québec,CA-QC,13.15,45.62,96.93,94.54,hydroquebec.com,false,""
2025-06-04T22:00:00.000000,Canada,Québec,CA-QC,3.74,34.39,99.11,98.24,hydroquebec.com,false,""
2025-06-04T23:00:00.000000,Canada,Québec,CA-QC,1.41,31.58,99.67,99.4,hydroquebec.com,false,""
2025-06-05T00:00:00.000000,Canada,Québec,CA-QC,6.15,37.08,98.57,97.45,hydroquebec.com,false,""
2025-06-05T01:00:00.000000,Canada,Québec,CA-QC,13.74,46.08,96.8,94.49,hydroquebec.com,false,""
2025-06-05T02:00:00.000000,Canada,Québec,CA-QC,14.13,46.53,96.64,92.73,hydroquebec.com,false,""
2025-06-05T03:00:00.000000,Canada,Québec,CA-QC,6.71,38.09,98.41,95.03,hydroquebec.com,false,""
2025-06-05T04:00:00.000000,Canada,Québec,CA-QC,1.96,32.98,99.48,96.68,hydroquebec.com,false,""
2025-06-05T05:00:00.000000,Canada,Québec,CA-QC,1.31,32.65,99.65,97.14,hydroquebec.com,false,""
2025-06-05T06:00:00.000000,Canada,Québec,CA-QC,0.66,32.33,99.82,97.53,hydroquebec.com,false,""
2025-06-05T07:00:00.000000,Canada,Québec,CA-QC,1.61,33.89,99.67,97.71,hydroquebec.com,false,""
2025-06-05T08:00:00.000000,Canada,Québec,CA-QC,1.8,34.01,99.56,95.56,hydroquebec.com,false,""
2025-06-05T09:00:00.000000,Canada,Québec,CA-QC,4.84,37.92,98.84,94.17,hydroquebec.com,false,""
2025-06-05T10:00:00.000000,Canada,Québec,CA-QC,13.12,47.65,96.99,91.98,hydroquebec.com,false,""
2025-06-05T11:00:00.000000,Canada,Québec,CA-QC,13.92,48.27,96.76,91.87,hydroquebec.com,false,""
2025-06-05T12:00:00.000000,Canada,Québec,CA-QC,13.63,47.7,96.82,92.56,hydroquebec.com,false,""
2025-06-05T13:00:00.000000,Canada,Québec,CA-QC,16.41,50.77,96.2,91.9,hydroquebec.com,false,""
2025-06-05T14:00:00.000000,Canada,Québec,CA-QC,11.38,44.81,97.3,93.62,hydroquebec.com,false,""
2025-06-05T15:00:00.000000,Canada,Québec,CA-QC,11.38,44.75,97.25,93.45,hydroquebec.com,false,""
2025-06-05T16:00:00.000000,Canada,Québec,CA-QC,11.62,45.03,97.18,93.47,hydroquebec.com,false,""
2025-06-05T17:00:00.000000,Canada,Québec,CA-QC,11.2,44.42,97.29,93.74,hydroquebec.com,false,""
2025-06-05T18:00:00.000000,Canada,Québec,CA-QC,10.96,44.07,97.35,93.82,hydroquebec.com,false,""
2025-06-05T19:00:00.000000,Canada,Québec,CA-QC,9.5,42.27,97.72,94.42,hydroquebec.com,false,""
2025-06-05T20:00:00.000000,Canada,Québec,CA-QC,9.74,42.37,97.64,94.26,hydroquebec.com,false,""
2025-06-05T21:00:00.000000,Canada,Québec,CA-QC,9.86,42.25,97.62,94.35,hydroquebec.com,false,""
2025-06-05T22:00:00.000000,Canada,Québec,CA-QC,6.49,38.18,98.36,95.45,hydroquebec.com,false,""
2025-06-05T23:00:00.000000,Canada,Québec,CA-QC,9.75,42.23,97.61,94.48,hydroquebec.com,false,""
2025-06-06T00:00:00.000000,Canada,Québec,CA-QC,10.85,43.83,97.34,93.9,hydroquebec.com,false,""
2025-06-06T01:00:00.000000,Canada,Québec,CA-QC,12.16,45.62,97.02,93.45,hydroquebec.com,false,""
2025-06-06T02:00:00.000000,Canada,Québec,CA-QC,12.64,46.42,96.92,93.09,hydroquebec.com,false,""
2025-06-06T03:00:00.000000,Canada,Québec,CA-QC,13.22,47.55,96.8,92.51,hydroquebec.com,false,""
2025-06-06T04:00:00.000000,Canada,Québec,CA-QC,8.87,42.93,97.84,93.73,hydroquebec.com,false,""
2025-06-06T05:00:00.000000,Canada,Québec,CA-QC,3.02,36.2,99.19,95.57,hydroquebec.com,false,""
2025-06-06T06:00:00.000000,Canada,Québec,CA-QC,2.01,35.14,99.46,96.92,hydroquebec.com,false,""
2025-06-06T07:00:00.000000,Canada,Québec,CA-QC,1.56,34.62,99.58,97.61,hydroquebec.com,false,""
2025-06-06T08:00:00.000000,Canada,Québec,CA-QC,2.19,35.06,99.41,96.65,hydroquebec.com,false,""
2025-06-06T09:00:00.000000,Canada,Québec,CA-QC,3.77,36.54,98.98,94.5,hydroquebec.com,false,""
2025-06-06T10:00:00.000000,Canada,Québec,CA-QC,11.54,45.92,97.28,93.14,hydroquebec.com,false,""
2025-06-06T11:00:00.000000,Canada,Québec,CA-QC,16.29,51.17,96.14,91.22,hydroquebec.com,false,""
2025-06-06T12:00:00.000000,Canada,Québec,CA-QC,15.05,49.43,96.44,92.25,hydroquebec.com,false,""
2025-06-06T13:00:00.000000,Canada,Québec,CA-QC,18.41,53.32,95.63,91.2,hydroquebec.com,false,""
2025-06-06T14:00:00.000000,Canada,Québec,CA-QC,19.43,54.75,95.39,90.91,hydroquebec.com,false,""
2025-06-06T15:00:00.000000,Canada,Québec,CA-QC,19.02,54.3,95.51,91.38,hydroquebec.com,false,""
2025-06-06T16:00:00.000000,Canada,Québec,CA-QC,18.77,53.93,95.55,91.56,hydroquebec.com,false,""
2025-06-06T17:00:00.000000,Canada,Québec,CA-QC,17.33,52.13,95.87,92.3,hydroquebec.com,false,""
2025-06-06T18:00:00.000000,Canada,Québec,CA-QC,18.19,53.13,95.63,91.68,hydroquebec.com,false,""
2025-06-06T19:00:00.000000,Canada,Québec,CA-QC,17.12,51.99,95.94,92.29,hydroquebec.com,false,""
2025-06-06T20:00:00.000000,Canada,Québec,CA-QC,17.64,52.62,95.8,92.06,hydroquebec.com,false,""
2025-06-06T21:00:00.000000,Canada,Québec,CA-QC,15.17,49.41,96.38,93.03,hydroquebec.com,false,""
2025-06-06T22:00:00.000000,Canada,Québec,CA-QC,15.28,49.31,96.34,92.86,hydroquebec.com,false,""
2025-06-06T23:00:00.000000,Canada,Québec,CA-QC,15.27,49.49,96.33,92.56,hydroquebec.com,false,""
2025-06-07T00:00:00.000000,Canada,Québec,CA-QC,15.19,49.64,96.35,92.53,hydroquebec.com,false,""
2025-06-07T01:00:00.000000,Canada,Québec,CA-QC,16.13,50.92,96.14,92.14,hydroquebec.com,false,""
2025-06-07T02:00:00.000000,Canada,Québec,CA-QC,19.06,54.6,95.55,91.5,hydroquebec.com,false,""
2025-06-07T03:00:00.000000,Canada,Québec,CA-QC,18.59,53.89,95.71,90.56,hydroquebec.com,false,""
2025-06-07T04:00:00.000000,Canada,Québec,CA-QC,11.96,46.32,97.17,92.11,hydroquebec.com,false,""
2025-06-07T05:00:00.000000,Canada,Québec,CA-QC,6.31,39.59,98.55,93.18,hydroquebec.com,false,""
2025-06-07T06:00:00.000000,Canada,Québec,CA-QC,7.7,41.43,98.26,92.44,hydroquebec.com,false,""
2025-06-07T07:00:00.000000,Canada,Québec,CA-QC,2.87,36.1,99.34,94.59,hydroquebec.com,false,""
2025-06-07T08:00:00.000000,Canada,Québec,CA-QC,3.52,36.62,99.17,93.77,hydroquebec.com,false,""
2025-06-07T09:00:00.000000,Canada,Québec,CA-QC,1.79,34.9,99.56,95.87,hydroquebec.com,false,""
2025-06-07T10:00:00.000000,Canada,Québec,CA-QC,1.72,34.22,99.53,94.68,hydroquebec.com,false,""
2025-06-07T11:00:00.000000,Canada,Québec,CA-QC,2.12,34.98,99.45,95.47,hydroquebec.com,false,""
2025-06-07T12:00:00.000000,Canada,Québec,CA-QC,2.67,35.24,99.28,95.01,hydroquebec.com,false,""
2025-06-07T13:00:00.000000,Canada,Québec,CA-QC,10.5,44.17,97.54,93.18,hydroquebec.com,false,""
2025-06-07T14:00:00.000000,Canada,Québec,CA-QC,12.56,46.53,97.09,92.93,hydroquebec.com,false,""
2025-06-07T15:00:00.000000,Canada,Québec,CA-QC,13.74,47.86,96.8,92.22,hydroquebec.com,false,""
2025-06-07T16:00:00.000000,Canada,Québec,CA-QC,12.54,46.58,97.07,93.21,hydroquebec.com,false,""
2025-06-07T17:00:00.000000,Canada,Québec,CA-QC,10.56,44.1,97.52,93.88,hydroquebec.com,false,""
2025-06-07T18:00:00.000000,Canada,Québec,CA-QC,10.64,44.17,97.49,93.65,hydroquebec.com,false,""
2025-06-07T19:00:00.000000,Canada,Québec,CA-QC,7.74,40.73,98.15,94.84,hydroquebec.com,false,""
2025-06-07T20:00:00.000000,Canada,Québec,CA-QC,11.07,44.49,97.4,93.88,hydroquebec.com,false,""
2025-06-07T21:00:00.000000,Canada,Québec,CA-QC,12.91,46.65,96.98,93.42,hydroquebec.com,false,""
2025-06-07T22:00:00.000000,Canada,Québec,CA-QC,10.72,44.14,97.51,94.84,hydroquebec.com,false,""
2025-06-07T23:00:00.000000,Canada,Québec,CA-QC,10.87,44.29,97.47,94.71,hydroquebec.com,false,""
2025-06-08T00:00:00.000000,Canada,Québec,CA-QC,4.5,36.67,98.89,95.71,hydroquebec.com,false,""
2025-06-08T01:00:00.000000,Canada,Québec,CA-QC,14.56,48.65,96.61,92.52,hydroquebec.com,false,""
2025-06-08T02:00:00.000000,Canada,Québec,CA-QC,17.84,52.59,95.84,90.61,hydroquebec.com,false,""
2025-06-08T03:00:00.000000,Canada,Québec,CA-QC,17.23,52.09,96.01,90.3,hydroquebec.com,false,""
2025-06-08T04:00:00.000000,Canada,Québec,CA-QC,6.36,39.67,98.45,93.4,hydroquebec.com,false,""
2025-06-08T05:00:00.000000,Canada,Québec,CA-QC,3.7,36.82,99.09,94.58,hydroquebec.com,false,""
2025-06-08T06:00:00.000000,Canada,Québec,CA-QC,1.28,33.82,99.65,95.12,hydroquebec.com,false,""
2025-06-08T07:00:00.000000,Canada,Québec,CA-QC,0.69,33.5,99.82,96.29,hydroquebec.com,false,""
2025-06-08T08:00:00.000000,Canada,Québec,CA-QC,0.67,33.07,99.82,95.0,hydroquebec.com,false,""
2025-06-08T09:00:00.000000,Canada,Québec,CA-QC,0.7,33.02,99.81,94.81,hydroquebec.com,false,""
2025-06-08T10:00:00.000000,Canada,Québec,CA-QC,6.86,40.18,98.43,92.61,hydroquebec.com,false,""
2025-06-08T11:00:00.000000,Canada,Québec,CA-QC,5.61,38.68,98.72,93.38,hydroquebec.com,false,""
2025-06-08T12:00:00.000000,Canada,Québec,CA-QC,7.2,40.23,98.37,93.2,hydroquebec.com,false,""
2025-06-08T13:00:00.000000,Canada,Québec,CA-QC,10.73,43.98,97.6,92.11,hydroquebec.com,false,""
2025-06-08T14:00:00.000000,Canada,Québec,CA-QC,12.99,46.48,97.09,91.45,hydroquebec.com,false,""
2025-06-08T15:00:00.000000,Canada,Québec,CA-QC,13.52,47.11,96.95,91.45,hydroquebec.com,false,""
2025-06-08T16:00:00.000000,Canada,Québec,CA-QC,13.71,47.41,96.89,91.75,hydroquebec.com,false,""
2025-06-08T17:00:00.000000,Canada,Québec,CA-QC,13.84,47.52,96.84,91.55,hydroquebec.com,false,""
2025-06-08T18:00:00.000000,Canada,Québec,CA-QC,14.53,48.55,96.65,91.4,hydroquebec.com,false,""
2025-06-08T19:00:00.000000,Canada,Québec,CA-QC,14.16,48.36,96.73,92.25,hydroquebec.com,false,""
2025-06-08T20:00:00.000000,Canada,Québec,CA-QC,14.14,48.35,96.71,92.46,hydroquebec.com,false,""
2025-06-08T21:00:00.000000,Canada,Québec,CA-QC,12.6,46.38,97.07,93.22,hydroquebec.com,false,""
2025-06-08T22:00:00.000000,Canada,Québec,CA-QC,12.93,46.61,97.0,93.4,hydroquebec.com,false,""
2025-06-08T23:00:00.000000,Canada,Québec,CA-QC,13.78,47.67,96.81,93.15,hydroquebec.com,false,""
2025-06-09T00:00:00.000000,Canada,Québec,CA-QC,14.35,48.41,96.67,92.71,hydroquebec.com,false,""
2025-06-09T01:00:00.000000,Canada,Québec,CA-QC,14.99,49.15,96.55,92.38,hydroquebec.com,false,""
2025-06-09T02:00:00.000000,Canada,Québec,CA-QC,14.03,47.94,96.76,91.73,hydroquebec.com,false,""
2025-06-09T03:00:00.000000,Canada,Québec,CA-QC,15.04,49.4,96.56,91.0,hydroquebec.com,false,""
2025-06-09T04:00:00.000000,Canada,Québec,CA-QC,11.51,45.64,97.34,91.61,hydroquebec.com,false,""
2025-06-09T05:00:00.000000,Canada,Québec,CA-QC,5.02,38.27,98.78,93.5,hydroquebec.com,false,""
2025-06-09T06:00:00.000000,Canada,Québec,CA-QC,1.95,34.63,99.47,94.61,hydroquebec.com,false,""
2025-06-09T07:00:00.000000,Canada,Québec,CA-QC,1.69,34.33,99.54,95.31,hydroquebec.com,false,""
2025-06-09T08:00:00.000000,Canada,Québec,CA-QC,2.15,34.58,99.42,94.68,hydroquebec.com,false,""
2025-06-09T09:00:00.000000,Canada,Québec,CA-QC,6.38,39.48,98.47,93.11,hydroquebec.com,false,""
2025-06-09T10:00:00.000000,Canada,Québec,CA-QC,13.37,47.49,96.9,91.83,hydroquebec.com,false,""
2025-06-09T11:00:00.000000,Canada,Québec,CA-QC,12.03,45.3,97.18,92.25,hydroquebec.com,false,""
2025-06-09T12:00:00.000000,Canada,Québec,CA-QC,9.32,41.94,97.76,93.54,hydroquebec.com,false,""
2025-06-09T13:00:00.000000,Canada,Québec,CA-QC,9.7,42.26,97.67,93.62,hydroquebec.com,false,""
2025-06-09T14:00:00.000000,Canada,Québec,CA-QC,10.27,42.98,97.55,93.67,hydroquebec.com,false,""
2025-06-09T15:00:00.000000,Canada,Québec,CA-QC,14.45,47.92,96.61,92.24,hydroquebec.com,false,""
2025-06-09T16:00:00.000000,Canada,Québec,CA-QC,16.31,50.08,96.2,91.51,hydroquebec.com,false,""
2025-06-09T17:00:00.000000,Canada,Québec,CA-QC,14.46,47.85,96.61,92.06,hydroquebec.com,false,""
2025-06-09T18:00:00.000000,Canada,Québec,CA-QC,13.09,46.18,96.93,92.6,hydroquebec.com,false,""
2025-06-09T19:00:00.000000,Canada,Québec,CA-QC,8.01,40.17,98.08,94.46,hydroquebec.com,false,""
2025-06-09T20:00:00.000000,Canada,Québec,CA-QC,2.29,33.27,99.38,96.75,hydroquebec.com,false,""
2025-06-09T21:00:00.000000,Canada,Québec,CA-QC,1.87,32.38,99.49,97.34,hydroquebec.com,false,""
2025-06-09T22:00:00.000000,Canada,Québec,CA-QC,2.21,32.4,99.4,96.95,hydroquebec.com,false,""
2025-06-09T23:00:00.000000,Canada,Québec,CA-QC,1.93,32.02,99.48,96.84,hydroquebec.com,false,""
2025-06-10T00:00:00.000000,Canada,Québec,CA-QC,2.0,32.28,99.46,96.83,hydroquebec.com,false,""
2025-06-10T01:00:00.000000,Canada,Québec,CA-QC,2.95,33.42,99.2,95.95,hydroquebec.com,false,""
2025-06-10T02:00:00.000000,Canada,Québec,CA-QC,3.49,34.34,99.06,95.71,hydroquebec.com,false,""
2025-06-10T03:00:00.000000,Canada,Québec,CA-QC,2.15,33.2,99.42,96.63,hydroquebec.com,false,""
2025-06-10T04:00:00.000000,Canada,Québec,CA-QC,1.02,32.34,99.72,98.02,hydroquebec.com,false,""
2025-06-10T05:00:00.000000,Canada,Québec,CA-QC,0.61,32.02,99.83,98.41,hydroquebec.com,false,""
2025-06-10T06:00:00.000000,Canada,Québec,CA-QC,0.06,31.9,99.98,99.81,hydroquebec.com,false,""
2025-06-10T07:00:00.000000,Canada,Québec,CA-QC,0.01,31.92,100.0,99.97,hydroquebec.com,false,""
2025-06-10T08:00:00.000000,Canada,Québec,CA-QC,0.35,32.06,99.91,98.73,hydroquebec.com,false,""
2025-06-10T09:00:00.000000,Canada,Québec,CA-QC,0.8,32.17,99.78,97.08,hydroquebec.com,false,""
2025-06-10T10:00:00.000000,Canada,Québec,CA-QC,0.88,31.72,99.76,96.83,hydroquebec.com,false,""
2025-06-10T11:00:00.000000,Canada,Québec,CA-QC,0.86,31.02,99.77,96.91,hydroquebec.com,false,""
2025-06-10T12:00:00.000000,Canada,Québec,CA-QC,1.35,31.32,99.66,96.95,hydroquebec.com,false,""
2025-06-10T13:00:00.000000,Canada,Québec,CA-QC,1.55,31.43,99.61,96.39,hydroquebec.com,false,""
2025-06-10T14:00:00.000000,Canada,Québec,CA-QC,1.52,31.43,99.62,96.46,hydroquebec.com,false,""
2025-06-10T15:00:00.000000,Canada,Québec,CA-QC,1.55,31.42,99.6,96.52,hydroquebec.com,false,""
2025-06-10T16:00:00.000000,Canada,Québec,CA-QC,1.68,31.49,99.57,96.23,hydroquebec.com,false,""
2025-06-10T17:00:00.000000,Canada,Québec,CA-QC,1.89,31.68,99.51,96.15,hydroquebec.com,false,""
2025-06-10T18:00:00.000000,Canada,Québec,CA-QC,8.76,39.8,97.98,94.01,hydroquebec.com,false,""
2025-06-10T19:00:00.000000,Canada,Québec,CA-QC,13.63,45.82,96.87,92.54,hydroquebec.com,false,""
2025-06-10T20:00:00.000000,Canada,Québec,CA-QC,14.39,46.81,96.71,92.52,hydroquebec.com,false,""
2025-06-10T21:00:00.000000,Canada,Québec,CA-QC,14.17,46.46,96.74,92.77,hydroquebec.com,false,""
2025-06-10T22:00:00.000000,Canada,Québec,CA-QC,14.28,46.49,96.71,92.72,hydroquebec.com,false,""
2025-06-10T23:00:00.000000,Canada,Québec,CA-QC,14.38,46.64,96.66,92.71,hydroquebec.com,false,""
2025-06-11T00:00:00.000000,Canada,Québec,CA-QC,15.06,47.7,96.52,93.18,hydroquebec.com,false,""
2025-06-11T01:00:00.000000,Canada,Québec,CA-QC,14.37,46.85,96.68,92.89,hydroquebec.com,false,""
2025-06-11T02:00:00.000000,Canada,Québec,CA-QC,12.55,44.72,97.09,92.58,hydroquebec.com,false,""
2025-06-11T03:00:00.000000,Canada,Québec,CA-QC,9.74,41.71,97.72,93.0,hydroquebec.com,false,""
2025-06-11T04:00:00.000000,Canada,Québec,CA-QC,7.43,39.28,98.21,93.45,hydroquebec.com,false,""
2025-06-11T05:00:00.000000,Canada,Québec,CA-QC,2.3,33.66,99.39,95.63,hydroquebec.com,false,""
2025-06-11T06:00:00.000000,Canada,Québec,CA-QC,1.87,33.29,99.49,96.07,hydroquebec.com,false,""
2025-06-11T07:00:00.000000,Canada,Québec,CA-QC,1.42,33.03,99.62,97.0,hydroquebec.com,false,""
2025-06-11T08:00:00.000000,Canada,Québec,CA-QC,1.8,33.2,99.51,96.2,hydroquebec.com,false,""
2025-06-11T09:00:00.000000,Canada,Québec,CA-QC,6.09,37.79,98.52,93.48,hydroquebec.com,false,""
2025-06-11T10:00:00.000000,Canada,Québec,CA-QC,8.11,40.05,98.06,93.21,hydroquebec.com,false,""
2025-06-11T11:00:00.000000,Canada,Québec,CA-QC,9.59,41.45,97.72,93.13,hydroquebec.com,false,""
2025-06-11T12:00:00.000000,Canada,Québec,CA-QC,9.34,40.93,97.78,93.49,hydroquebec.com,false,""
2025-06-11T13:00:00.000000,Canada,Québec,CA-QC,9.31,40.83,97.78,93.56,hydroquebec.com,false,""
2025-06-11T14:00:00.000000,Canada,Québec,CA-QC,10.23,41.83,97.58,93.26,hydroquebec.com,false,""
2025-06-11T15:00:00.000000,Canada,Québec,CA-QC,12.37,44.17,97.11,92.64,hydroquebec.com,false,""
2025-06-11T16:00:00.000000,Canada,Québec,CA-QC,9.12,40.0,97.82,93.8,hydroquebec.com,false,""
2025-06-11T17:00:00.000000,Canada,Québec,CA-QC,6.57,36.71,98.4,95.1,hydroquebec.com,false,""
2025-06-11T18:00:00.000000,Canada,Québec,CA-QC,4.9,34.69,98.81,96.04,hydroquebec.com,false,""
2025-06-11T19:00:00.000000,Canada,Québec,CA-QC,7.57,37.79,98.18,95.12,hydroquebec.com,false,""
2025-06-11T20:00:00.000000,Canada,Québec,CA-QC,15.04,46.58,96.45,92.64,hydroquebec.com,false,""
2025-06-11T21:00:00.000000,Canada,Québec,CA-QC,15.6,47.1,96.32,92.6,hydroquebec.com,false,""
2025-06-11T22:00:00.000000,Canada,Québec,CA-QC,13.13,44.12,96.89,93.74,hydroquebec.com,false,""
2025-06-11T23:00:00.000000,Canada,Québec,CA-QC,11.34,42.18,97.3,94.56,hydroquebec.com,false,""
2025-06-12T00:00:00.000000,Canada,Québec,CA-QC,14.17,45.57,96.62,92.98,hydroquebec.com,false,""
2025-06-12T01:00:00.000000,Canada,Québec,CA-QC,6.54,36.55,98.38,95.13,hydroquebec.com,false,""
2025-06-12T02:00:00.000000,Canada,Québec,CA-QC,12.39,43.54,97.05,93.16,hydroquebec.com,false,""
2025-06-12T03:00:00.000000,Canada,Québec,CA-QC,10.58,41.71,97.47,93.05,hydroquebec.com,false,""
2025-06-12T04:00:00.000000,Canada,Québec,CA-QC,12.57,44.31,97.07,91.92,hydroquebec.com,false,""
2025-06-12T05:00:00.000000,Canada,Québec,CA-QC,7.14,38.26,98.34,93.56,hydroquebec.com,false,""
2025-06-12T06:00:00.000000,Canada,Québec,CA-QC,4.67,35.53,98.88,93.85,hydroquebec.com,false,""
2025-06-12T07:00:00.000000,Canada,Québec,CA-QC,3.49,34.35,99.14,94.32,hydroquebec.com,false,""
2025-06-12T08:00:00.000000,Canada,Québec,CA-QC,2.75,33.58,99.26,94.54,hydroquebec.com,false,""
2025-06-12T09:00:00.000000,Canada,Québec,CA-QC,9.69,41.69,97.72,92.09,hydroquebec.com,false,""
2025-06-12T10:00:00.000000,Canada,Québec,CA-QC,12.96,45.5,97.02,92.06,hydroquebec.com,false,""
2025-06-12T11:00:00.000000,Canada,Québec,CA-QC,12.71,44.78,97.07,92.67,hydroquebec.com,false,""
2025-06-12T12:00:00.000000,Canada,Québec,CA-QC,14.91,47.04,96.55,91.69,hydroquebec.com,false,""
2025-06-12T13:00:00.000000,Canada,Québec,CA-QC,14.47,46.4,96.63,91.9,hydroquebec.com,false,""
2025-06-12T14:00:00.000000,Canada,Québec,CA-QC,14.64,46.46,96.6,91.87,hydroquebec.com,false,""
2025-06-12T15:00:00.000000,Canada,Québec,CA-QC,15.08,46.88,96.49,91.83,hydroquebec.com,false,""
2025-06-12T16:00:00.000000,Canada,Québec,CA-QC,11.74,42.74,97.24,92.92,hydroquebec.com,false,""
2025-06-12T17:00:00.000000,Canada,Québec,CA-QC,7.36,37.47,98.21,94.44,hydroquebec.com,false,""
2025-06-12T18:00:00.000000,Canada,Québec,CA-QC,3.94,33.45,98.94,95.71,hydroquebec.com,false,""
2025-06-12T19:00:00.000000,Canada,Québec,CA-QC,3.57,33.09,99.03,96.23,hydroquebec.com,false,""
2025-06-12T20:00:00.000000,Canada,Québec,CA-QC,4.24,33.81,98.85,95.78,hydroquebec.com,false,""
2025-06-12T21:00:00.000000,Canada,Québec,CA-QC,11.23,42.2,97.34,94.78,hydroquebec.com,false,""
2025-06-12T22:00:00.000000,Canada,Québec,CA-QC,10.11,40.79,97.55,94.68,hydroquebec.com,false,""
2025-06-12T23:00:00.000000,Canada,Québec,CA-QC,9.17,39.69,97.74,94.72,hydroquebec.com,false,""
2025-06-13T00:00:00.000000,Canada,Québec,CA-QC,7.96,38.19,98.01,94.83,hydroquebec.com,false,""
2025-06-13T01:00:00.000000,Canada,Québec,CA-QC,16.91,48.94,95.97,91.98,hydroquebec.com,false,""
2025-06-13T02:00:00.000000,Canada,Québec,CA-QC,16.36,48.41,96.18,92.24,hydroquebec.com,false,""
2025-06-13T03:00:00.000000,Canada,Québec,CA-QC,11.22,42.29,97.37,93.19,hydroquebec.com,false,""
2025-06-13T04:00:00.000000,Canada,Québec,CA-QC,6.96,37.64,98.34,94.61,hydroquebec.com,false,""
2025-06-13T05:00:00.000000,Canada,Québec,CA-QC,2.89,33.2,99.25,95.42,hydroquebec.com,false,""
2025-06-13T06:00:00.000000,Canada,Québec,CA-QC,2.25,32.85,99.39,95.76,hydroquebec.com,false,""
2025-06-13T07:00:00.000000,Canada,Québec,CA-QC,3.69,34.86,99.08,95.56,hydroquebec.com,false,""
2025-06-13T08:00:00.000000,Canada,Québec,CA-QC,6.62,38.22,98.41,93.82,hydroquebec.com,false,""
2025-06-13T09:00:00.000000,Canada,Québec,CA-QC,15.8,49.01,96.35,90.98,hydroquebec.com,false,""
2025-06-13T10:00:00.000000,Canada,Québec,CA-QC,15.83,48.89,96.35,91.39,hydroquebec.com,false,""
2025-06-13T11:00:00.000000,Canada,Québec,CA-QC,15.05,47.7,96.51,92.21,hydroquebec.com,false,""
2025-06-13T12:00:00.000000,Canada,Québec,CA-QC,14.84,47.22,96.55,91.99,hydroquebec.com,false,""
2025-06-13T13:00:00.000000,Canada,Québec,CA-QC,14.49,47.03,96.64,92.69,hydroquebec.com,false,""
2025-06-13T14:00:00.000000,Canada,Québec,CA-QC,15.11,47.76,96.47,92.06,hydroquebec.com,false,""
2025-06-13T15:00:00.000000,Canada,Québec,CA-QC,15.72,48.45,96.32,91.76,hydroquebec.com,false,""
2025-06-13T16:00:00.000000,Canada,Québec,CA-QC,15.83,48.66,96.29,91.74,hydroquebec.com,false,""
2025-06-13T17:00:00.000000,Canada,Québec,CA-QC,15.38,48.29,96.42,92.06,hydroquebec.com,false,""
2025-06-13T18:00:00.000000,Canada,Québec,CA-QC,12.94,45.56,96.98,92.94,hydroquebec.com,false,""
2025-06-13T19:00:00.000000,Canada,Québec,CA-QC,13.06,45.81,96.92,92.46,hydroquebec.com,false,""
2025-06-13T20:00:00.000000,Canada,Québec,CA-QC,15.67,49.13,96.31,91.69,hydroquebec.com,false,""
2025-06-13T21:00:00.000000,Canada,Québec,CA-QC,15.7,49.35,96.31,92.33,hydroquebec.com,false,""
2025-06-13T22:00:00.000000,Canada,Québec,CA-QC,13.72,46.96,96.79,93.07,hydroquebec.com,false,""
2025-06-13T23:00:00.000000,Canada,Québec,CA-QC,13.92,47.09,96.73,92.32,hydroquebec.com,false,""
2025-06-14T00:00:00.000000,Canada,Québec,CA-QC,14.62,48.02,96.58,92.04,hydroquebec.com,false,""
2025-06-14T01:00:00.000000,Canada,Québec,CA-QC,14.74,48.17,96.55,92.04,hydroquebec.com,false,""
2025-06-14T02:00:00.000000,Canada,Québec,CA-QC,17.17,51.25,95.95,91.29,hydroquebec.com,false,""
2025-06-14T03:00:00.000000,Canada,Québec,CA-QC,17.62,52.07,95.85,90.85,hydroquebec.com,false,""
2025-06-14T04:00:00.000000,Canada,Québec,CA-QC,15.62,49.92,96.34,91.06,hydroquebec.com,false,""
2025-06-14T05:00:00.000000,Canada,Québec,CA-QC,11.46,45.14,97.32,92.23,hydroquebec.com,false,""
2025-06-14T06:00:00.000000,Canada,Québec,CA-QC,5.79,38.53,98.58,93.96,hydroquebec.com,false,""
2025-06-14T07:00:00.000000,Canada,Québec,CA-QC,2.9,35.17,99.22,94.99,hydroquebec.com,false,""
2025-06-14T08:00:00.000000,Canada,Québec,CA-QC,3.61,36.15,99.09,94.45,hydroquebec.com,false,""
2025-06-14T09:00:00.000000,Canada,Québec,CA-QC,7.26,40.6,98.27,93.06,hydroquebec.com,false,""
2025-06-14T10:00:00.000000,Canada,Québec,CA-QC,11.54,45.32,97.31,91.63,hydroquebec.com,false,""
2025-06-14T11:00:00.000000,Canada,Québec,CA-QC,6.09,38.63,98.53,93.86,hydroquebec.com,false,""
2025-06-14T12:00:00.000000,Canada,Québec,CA-QC,7.32,39.74,98.26,93.82,hydroquebec.com,false,""
2025-06-14T13:00:00.000000,Canada,Québec,CA-QC,13.9,47.28,96.78,91.83,hydroquebec.com,false,""
2025-06-14T14:00:00.000000,Canada,Québec,CA-QC,14.36,47.76,96.68,91.74,hydroquebec.com,false,""
2025-06-14T15:00:00.000000,Canada,Québec,CA-QC,14.44,47.82,96.66,91.77,hydroquebec.com,false,""
2025-06-14T16:00:00.000000,Canada,Québec,CA-QC,14.72,48.25,96.58,91.69,hydroquebec.com,false,""
2025-06-14T17:00:00.000000,Canada,Québec,CA-QC,15.42,49.28,96.39,91.54,hydroquebec.com,false,""
2025-06-14T18:00:00.000000,Canada,Québec,CA-QC,15.95,50.11,96.24,91.37,hydroquebec.com,false,""
2025-06-14T19:00:00.000000,Canada,Québec,CA-QC,16.08,50.37,96.21,91.32,hydroquebec.com,false,""
2025-06-14T20:00:00.000000,Canada,Québec,CA-QC,16.13,50.47,96.2,91.41,hydroquebec.com,false,""
2025-06-14T21:00:00.000000,Canada,Québec,CA-QC,15.37,49.63,96.42,92.5,hydroquebec.com,false,""
2025-06-14T22:00:00.000000,Canada,Québec,CA-QC,15.63,49.76,96.35,92.16,hydroquebec.com,false,""
2025-06-14T23:00:00.000000,Canada,Québec,CA-QC,14.67,48.88,96.58,92.84,hydroquebec.com,false,""
2025-06-15T00:00:00.000000,Canada,Québec,CA-QC,14.73,48.9,96.54,92.37,hydroquebec.com,false,""
2025-06-15T01:00:00.000000,Canada,Québec,CA-QC,16.93,51.35,96.05,91.24,hydroquebec.com,false,""
2025-06-15T02:00:00.000000,Canada,Québec,CA-QC,17.42,52.06,95.94,90.85,hydroquebec.com,false,""
2025-06-15T03:00:00.000000,Canada,Québec,CA-QC,17.24,52.04,96.0,90.49,hydroquebec.com,false,""
2025-06-15T04:00:00.000000,Canada,Québec,CA-QC,11.76,45.74,97.25,91.85,hydroquebec.com,false,""
2025-06-15T05:00:00.000000,Canada,Québec,CA-QC,4.6,37.75,98.91,95.39,hydroquebec.com,false,""
2025-06-15T06:00:00.000000,Canada,Québec,CA-QC,1.19,33.71,99.68,96.56,hydroquebec.com,false,""
2025-06-15T07:00:00.000000,Canada,Québec,CA-QC,1.04,33.58,99.72,96.91,hydroquebec.com,false,""
2025-06-15T08:00:00.000000,Canada,Québec,CA-QC,0.86,33.22,99.77,96.98,hydroquebec.com,false,""
2025-06-15T09:00:00.000000,Canada,Québec,CA-QC,0.41,32.9,99.89,98.5,hydroquebec.com,false,""
2025-06-15T10:00:00.000000,Canada,Québec,CA-QC,0.44,32.51,99.88,98.04,hydroquebec.com,false,""
2025-06-15T11:00:00.000000,Canada,Québec,CA-QC,0.49,32.3,99.87,97.97,hydroquebec.com,false,""
2025-06-15T12:00:00.000000,Canada,Québec,CA-QC,1.58,32.92,99.57,95.76,hydroquebec.com,false,""
2025-06-15T13:00:00.000000,Canada,Québec,CA-QC,2.66,33.97,99.3,95.22,hydroquebec.com,false,""
2025-06-15T14:00:00.000000,Canada,Québec,CA-QC,3.17,34.42,99.17,95.35,hydroquebec.com,false,""
2025-06-15T15:00:00.000000,Canada,Québec,CA-QC,3.25,34.38,99.15,95.33,hydroquebec.com,false,""
2025-06-15T16:00:00.000000,Canada,Québec,CA-QC,3.51,34.7,99.07,95.29,hydroquebec.com,false,""
2025-06-15T17:00:00.000000,Canada,Québec,CA-QC,3.91,35.21,98.97,95.21,hydroquebec.com,false,""
2025-06-15T18:00:00.000000,Canada,Québec,CA-QC,4.17,35.56,98.9,95.16,hydroquebec.com,false,""
2025-06-15T19:00:00.000000,Canada,Québec,CA-QC,4.44,35.94,98.82,95.17,hydroquebec.com,false,""
2025-06-15T20:00:00.000000,Canada,Québec,CA-QC,4.57,36.03,98.79,95.27,hydroquebec.com,false,""
2025-06-15T21:00:00.000000,Canada,Québec,CA-QC,4.45,35.76,98.83,95.49,hydroquebec.com,false,""
2025-06-15T22:00:00.000000,Canada,Québec,CA-QC,5.97,37.67,98.53,95.58,hydroquebec.com,false,""
2025-06-15T23:00:00.000000,Canada,Québec,CA-QC,7.92,40.21,98.11,95.43,hydroquebec.com,false,""
2025-06-16T00:00:00.000000,Canada,Québec,CA-QC,14.1,47.6,96.7,93.29,hydroquebec.com,false,""
2025-06-16T01:00:00.000000,Canada,Québec,CA-QC,16.96,50.96,96.01,91.52,hydroquebec.com,false,""
2025-06-16T02:00:00.000000,Canada,Québec,CA-QC,17.94,52.22,95.81,90.79,hydroquebec.com,false,""
2025-06-16T03:00:00.000000,Canada,Québec,CA-QC,15.63,49.97,96.43,92.17,hydroquebec.com,false,""
2025-06-16T04:00:00.000000,Canada,Québec,CA-QC,5.31,37.8,98.66,93.99,hydroquebec.com,false,""
2025-06-16T05:00:00.000000,Canada,Québec,CA-QC,2.08,34.49,99.44,96.19,hydroquebec.com,false,""
2025-06-16T06:00:00.000000,Canada,Québec,CA-QC,1.45,33.98,99.61,97.18,hydroquebec.com,false,""
2025-06-16T07:00:00.000000,Canada,Québec,CA-QC,1.45,33.87,99.61,97.0,hydroquebec.com,false,""
2025-06-16T08:00:00.000000,Canada,Québec,CA-QC,1.82,34.13,99.51,96.25,hydroquebec.com,false,""
2025-06-16T09:00:00.000000,Canada,Québec,CA-QC,5.28,37.78,98.7,93.91,hydroquebec.com,false,""
2025-06-16T10:00:00.000000,Canada,Québec,CA-QC,15.73,49.82,96.34,90.62,hydroquebec.com,false,""
2025-06-16T11:00:00.000000,Canada,Québec,CA-QC,17.11,51.29,96.0,90.9,hydroquebec.com,false,""
2025-06-16T12:00:00.000000,Canada,Québec,CA-QC,17.06,51.11,95.99,91.35,hydroquebec.com,false,""
2025-06-16T13:00:00.000000,Canada,Québec,CA-QC,16.11,49.88,96.23,92.14,hydroquebec.com,false,""
2025-06-16T14:00:00.000000,Canada,Québec,CA-QC,16.0,49.54,96.25,92.3,hydroquebec.com,false,""
2025-06-16T15:00:00.000000,Canada,Québec,CA-QC,15.99,49.34,96.26,92.37,hydroquebec.com,false,""
2025-06-16T16:00:00.000000,Canada,Québec,CA-QC,16.56,49.96,96.11,92.17,hydroquebec.com,false,""
2025-06-16T17:00:00.000000,Canada,Québec,CA-QC,17.59,51.26,95.82,92.18,hydroquebec.com,false,""
2025-06-16T18:00:00.000000,Canada,Québec,CA-QC,17.6,51.16,95.82,92.22,hydroquebec.com,false,""
2025-06-16T19:00:00.000000,Canada,Québec,CA-QC,16.9,50.21,96.01,92.51,hydroquebec.com,false,""
2025-06-16T20:00:00.000000,Canada,Québec,CA-QC,16.14,49.34,96.19,93.22,hydroquebec.com,false,""
2025-06-16T21:00:00.000000,Canada,Québec,CA-QC,15.28,48.15,96.42,93.85,hydroquebec.com,false,""
2025-06-16T22:00:00.000000,Canada,Québec,CA-QC,14.67,47.28,96.56,94.15,hydroquebec.com,false,""
2025-06-16T23:00:00.000000,Canada,Québec,CA-QC,13.53,46.04,96.86,94.94,hydroquebec.com,false,""
2025-06-17T00:00:00.000000,Canada,Québec,CA-QC,15.02,47.85,96.49,93.94,hydroquebec.com,false,""
2025-06-17T01:00:00.000000,Canada,Québec,CA-QC,15.74,48.74,96.3,93.46,hydroquebec.com,false,""
2025-06-17T02:00:00.000000,Canada,Québec,CA-QC,18.28,51.67,95.66,91.47,hydroquebec.com,false,""
2025-06-17T03:00:00.000000,Canada,Québec,CA-QC,14.64,47.61,96.58,92.71,hydroquebec.com,false,""
2025-06-17T04:00:00.000000,Canada,Québec,CA-QC,2.92,33.95,99.23,96.56,hydroquebec.com,false,""
2025-06-17T05:00:00.000000,Canada,Québec,CA-QC,0.05,31.14,99.99,99.92,hydroquebec.com,false,""
2025-06-17T06:00:00.000000,Canada,Québec,CA-QC,0.0,31.26,100.0,100.0,hydroquebec.com,false,""
2025-06-17T07:00:00.000000,Canada,Québec,CA-QC,0.0,31.53,100.0,100.0,hydroquebec.com,false,""
2025-06-17T08:00:00.000000,Canada,Québec,CA-QC,0.03,31.65,99.99,99.95,hydroquebec.com,false,""
2025-06-17T09:00:00.000000,Canada,Québec,CA-QC,6.21,38.61,98.55,96.63,hydroquebec.com,false,""
2025-06-17T10:00:00.000000,Canada,Québec,CA-QC,16.96,50.77,96.03,91.18,hydroquebec.com,false,""
2025-06-17T11:00:00.000000,Canada,Québec,CA-QC,17.97,51.9,95.74,91.13,hydroquebec.com,false,""
2025-06-17T12:00:00.000000,Canada,Québec,CA-QC,18.03,51.93,95.72,91.49,hydroquebec.com,false,""
2025-06-17T13:00:00.000000,Canada,Québec,CA-QC,18.39,52.44,95.63,91.34,hydroquebec.com,false,""
2025-06-17T14:00:00.000000,Canada,Québec,CA-QC,18.56,52.74,95.59,91.36,hydroquebec.com,false,""
2025-06-17T15:00:00.000000,Canada,Québec,CA-QC,18.32,52.41,95.63,91.56,hydroquebec.com,false,""
2025-06-17T16:00:00.000000,Canada,Québec,CA-QC,18.16,52.09,95.68,91.76,hydroquebec.com,false,""
2025-06-17T17:00:00.000000,Canada,Québec,CA-QC,18.04,51.77,95.71,92.03,hydroquebec.com,false,""
2025-06-17T18:00:00.000000,Canada,Québec,CA-QC,17.17,50.56,95.94,92.58,hydroquebec.com,false,""
2025-06-17T19:00:00.000000,Canada,Québec,CA-QC,17.12,50.44,95.94,92.69,hydroquebec.com,false,""
2025-06-17T20:00:00.000000,Canada,Québec,CA-QC,17.95,51.25,95.7,92.24,hydroquebec.com,false,""
2025-06-17T21:00:00.000000,Canada,Québec,CA-QC,17.28,50.3,95.87,92.78,hydroquebec.com,false,""
2025-06-17T22:00:00.000000,Canada,Québec,CA-QC,16.35,49.0,96.08,93.08,hydroquebec.com,false,""
2025-06-17T23:00:00.000000,Canada,Québec,CA-QC,16.33,48.88,96.06,93.01,hydroquebec.com,false,""
2025-06-18T00:00:00.000000,Canada,Québec,CA-QC,17.7,50.41,95.73,92.19,hydroquebec.com,false,""
2025-06-18T01:00:00.000000,Canada,Québec,CA-QC,18.42,51.18,95.58,91.87,hydroquebec.com,false,""
2025-06-18T02:00:00.000000,Canada,Québec,CA-QC,18.12,50.79,95.68,91.76,hydroquebec.com,false,""
2025-06-18T03:00:00.000000,Canada,Québec,CA-QC,18.13,50.91,95.73,91.28,hydroquebec.com,false,""
2025-06-18T04:00:00.000000,Canada,Québec,CA-QC,13.26,45.42,96.83,92.62,hydroquebec.com,false,""
2025-06-18T05:00:00.000000,Canada,Québec,CA-QC,5.32,36.04,98.58,94.63,hydroquebec.com,false,""
2025-06-18T06:00:00.000000,Canada,Québec,CA-QC,4.29,35.03,98.84,95.47,hydroquebec.com,false,""
2025-06-18T07:00:00.000000,Canada,Québec,CA-QC,3.33,34.16,99.1,96.45,hydroquebec.com,false,""
2025-06-18T08:00:00.000000,Canada,Québec,CA-QC,4.46,35.37,98.79,95.49,hydroquebec.com,false,""
2025-06-18T09:00:00.000000,Canada,Québec,CA-QC,11.65,43.7,97.13,92.47,hydroquebec.com,false,""
2025-06-18T10:00:00.000000,Canada,Québec,CA-QC,19.5,52.92,95.35,90.3,hydroquebec.com,false,""
2025-06-18T11:00:00.000000,Canada,Québec,CA-QC,13.25,45.36,96.72,92.77,hydroquebec.com,false,""
2025-06-18T12:00:00.000000,Canada,Québec,CA-QC,16.1,48.62,96.15,92.77,hydroquebec.com,false,""
2025-06-18T13:00:00.000000,Canada,Québec,CA-QC,11.34,42.99,97.25,94.64,hydroquebec.com,false,""
2025-06-18T14:00:00.000000,Canada,Québec,CA-QC,12.93,44.76,96.98,95.01,hydroquebec.com,false,""
2025-06-18T15:00:00.000000,Canada,Québec,CA-QC,15.22,47.44,96.48,94.63,hydroquebec.com,false,""
2025-06-18T16:00:00.000000,Canada,Québec,CA-QC,14.16,46.31,96.75,95.54,hydroquebec.com,false,""
2025-06-18T17:00:00.000000,Canada,Québec,CA-QC,12.6,44.44,97.11,96.19,hydroquebec.com,false,""
2025-06-18T18:00:00.000000,Canada,Québec,CA-QC,12.78,44.72,97.08,96.14,hydroquebec.com,false,""
2025-06-18T19:00:00.000000,Canada,Québec,CA-QC,12.83,44.88,97.09,96.16,hydroquebec.com,false,""
2025-06-18T20:00:00.000000,Canada,Québec,CA-QC,11.93,43.88,97.3,96.48,hydroquebec.com,false,""
2025-06-18T21:00:00.000000,Canada,Québec,CA-QC,3.12,33.27,99.29,99.08,hydroquebec.com,false,""
2025-06-18T22:00:00.000000,Canada,Québec,CA-QC,0.07,29.42,99.98,99.98,hydroquebec.com,false,""
2025-06-18T23:00:00.000000,Canada,Québec,CA-QC,1.76,31.54,99.59,99.44,hydroquebec.com,false,""
2025-06-19T00:00:00.000000,Canada,Québec,CA-QC,12.11,43.99,97.17,95.52,hydroquebec.com,false,""
2025-06-19T01:00:00.000000,Canada,Québec,CA-QC,15.5,48.3,96.36,94.14,hydroquebec.com,false,""
2025-06-19T02:00:00.000000,Canada,Québec,CA-QC,17.0,50.45,96.0,93.48,hydroquebec.com,false,""
2025-06-19T03:00:00.000000,Canada,Québec,CA-QC,19.55,53.88,95.36,91.67,hydroquebec.com,false,""
2025-06-19T04:00:00.000000,Canada,Québec,CA-QC,16.74,50.99,96.01,91.83,hydroquebec.com,false,""
2025-06-19T05:00:00.000000,Canada,Québec,CA-QC,15.59,49.83,96.31,91.71,hydroquebec.com,false,""
2025-06-19T06:00:00.000000,Canada,Québec,CA-QC,14.43,48.7,96.61,92.07,hydroquebec.com,false,""
2025-06-19T07:00:00.000000,Canada,Québec,CA-QC,13.82,47.96,96.7,91.46,hydroquebec.com,false,""
2025-06-19T08:00:00.000000,Canada,Québec,CA-QC,14.14,48.39,96.61,91.27,hydroquebec.com,false,""
2025-06-19T09:00:00.000000,Canada,Québec,CA-QC,15.39,49.73,96.33,91.05,hydroquebec.com,false,""
2025-06-19T10:00:00.000000,Canada,Québec,CA-QC,14.83,48.73,96.45,91.72,hydroquebec.com,false,""
2025-06-19T11:00:00.000000,Canada,Québec,CA-QC,13.66,46.75,96.74,92.64,hydroquebec.com,false,""
2025-06-19T12:00:00.000000,Canada,Québec,CA-QC,13.37,46.1,96.83,92.98,hydroquebec.com,false,""
2025-06-19T13:00:00.000000,Canada,Québec,CA-QC,16.75,50.19,96.02,92.12,hydroquebec.com,false,""
2025-06-19T14:00:00.000000,Canada,Québec,CA-QC,15.0,48.04,96.42,92.63,hydroquebec.com,false,""
2025-06-19T15:00:00.000000,Canada,Québec,CA-QC,13.26,45.79,96.83,93.26,hydroquebec.com,false,""
2025-06-19T16:00:00.000000,Canada,Québec,CA-QC,15.32,48.15,96.37,92.74,hydroquebec.com,false,""
2025-06-19T17:00:00.000000,Canada,Québec,CA-QC,12.26,44.56,97.09,94.27,hydroquebec.com,false,""
2025-06-19T18:00:00.000000,Canada,Québec,CA-QC,8.69,40.22,97.95,96.0,hydroquebec.com,false,""
2025-06-19T19:00:00.000000,Canada,Québec,CA-QC,4.66,35.07,98.86,96.98,hydroquebec.com,false,""
2025-06-19T20:00:00.000000,Canada,Québec,CA-QC,3.97,33.76,98.98,96.42,hydroquebec.com,false,""
2025-06-19T21:00:00.000000,Canada,Québec,CA-QC,2.82,32.13,99.24,96.79,hydroquebec.com,false,""
2025-06-19T22:00:00.000000,Canada,Québec,CA-QC,1.59,30.71,99.57,98.18,hydroquebec.com,false,""
2025-06-19T23:00:00.000000,Canada,Québec,CA-QC,0.85,30.0,99.77,98.92,hydroquebec.com,false,""
2025-06-20T00:00:00.000000,Canada,Québec,CA-QC,4.41,34.14,98.89,96.44,hydroquebec.com,false,""
2025-06-20T01:00:00.000000,Canada,Québec,CA-QC,12.16,43.67,97.1,94.25,hydroquebec.com,false,""
2025-06-20T02:00:00.000000,Canada,Québec,CA-QC,13.1,45.22,96.88,93.62,hydroquebec.com,false,""
2025-06-20T03:00:00.000000,Canada,Québec,CA-QC,14.05,46.65,96.66,92.18,hydroquebec.com,false,""
2025-06-20T04:00:00.000000,Canada,Québec,CA-QC,17.8,51.29,95.88,90.45,hydroquebec.com,false,""
2025-06-20T05:00:00.000000,Canada,Québec,CA-QC,17.85,51.56,95.91,89.95,hydroquebec.com,false,""
2025-06-20T06:00:00.000000,Canada,Québec,CA-QC,17.42,51.36,95.99,89.78,hydroquebec.com,false,""
2025-06-20T07:00:00.000000,Canada,Québec,CA-QC,17.39,51.47,96.0,89.61,hydroquebec.com,false,""
2025-06-20T08:00:00.000000,Canada,Québec,CA-QC,17.78,52.02,95.92,89.46,hydroquebec.com,false,""
2025-06-20T09:00:00.000000,Canada,Québec,CA-QC,18.56,53.06,95.7,89.35,hydroquebec.com,false,""
2025-06-20T10:00:00.000000,Canada,Québec,CA-QC,17.13,51.28,95.97,90.42,hydroquebec.com,false,""
2025-06-20T11:00:00.000000,Canada,Québec,CA-QC,16.46,50.09,96.11,91.15,hydroquebec.com,false,""
2025-06-20T12:00:00.000000,Canada,Québec,CA-QC,16.47,49.84,96.12,91.47,hydroquebec.com,false,""
2025-06-20T13:00:00.000000,Canada,Québec,CA-QC,17.38,50.69,95.94,91.32,hydroquebec.com,false,""
2025-06-20T14:00:00.000000,Canada,Québec,CA-QC,17.41,50.51,95.92,91.39,hydroquebec.com,false,""
2025-06-20T15:00:00.000000,Canada,Québec,CA-QC,17.21,50.14,95.95,91.53,hydroquebec.com,false,""
2025-06-20T16:00:00.000000,Canada,Québec,CA-QC,17.73,50.74,95.82,91.51,hydroquebec.com,false,""
2025-06-20T17:00:00.000000,Canada,Québec,CA-QC,18.81,51.96,95.54,91.25,hydroquebec.com,false,""
2025-06-20T18:00:00.000000,Canada,Québec,CA-QC,19.33,52.49,95.42,91.19,hydroquebec.com,false,""
2025-06-20T19:00:00.000000,Canada,Québec,CA-QC,19.36,52.43,95.42,91.18,hydroquebec.com,false,""
2025-06-20T20:00:00.000000,Canada,Québec,CA-QC,19.05,51.91,95.48,91.41,hydroquebec.com,false,""
2025-06-20T21:00:00.000000,Canada,Québec,CA-QC,17.79,50.3,95.75,91.99,hydroquebec.com,false,""
2025-06-20T22:00:00.000000,Canada,Québec,CA-QC,15.3,47.28,96.3,92.69,hydroquebec.com,false,""
2025-06-20T23:00:00.000000,Canada,Québec,CA-QC,14.16,45.92,96.56,93.04,hydroquebec.com,false,""
2025-06-21T00:00:00.000000,Canada,Québec,CA-QC,17.09,49.47,95.91,92.08,hydroquebec.com,false,""
2025-06-21T01:00:00.000000,Canada,Québec,CA-QC,17.18,49.7,95.9,92.0,hydroquebec.com,false,""
2025-06-21T02:00:00.000000,Canada,Québec,CA-QC,13.39,45.39,96.88,93.95,hydroquebec.com,false,""
2025-06-21T03:00:00.000000,Canada,Québec,CA-QC,12.7,45.0,97.12,95.1,hydroquebec.com,false,""
2025-06-21T04:00:00.000000,Canada,Québec,CA-QC,5.26,36.25,98.79,96.99,hydroquebec.com,false,""
2025-06-21T05:00:00.000000,Canada,Québec,CA-QC,1.3,31.76,99.71,98.98,hydroquebec.com,false,""
2025-06-21T06:00:00.000000,Canada,Québec,CA-QC,0.02,30.52,99.99,99.96,hydroquebec.com,false,""
2025-06-21T07:00:00.000000,Canada,Québec,CA-QC,0.01,30.57,100.0,99.97,hydroquebec.com,false,""
2025-06-21T08:00:00.000000,Canada,Québec,CA-QC,0.01,30.63,100.0,99.98,hydroquebec.com,false,""
2025-06-21T09:00:00.000000,Canada,Québec,CA-QC,0.01,30.73,100.0,99.94,hydroquebec.com,false,""
2025-06-21T10:00:00.000000,Canada,Québec,CA-QC,1.92,32.68,99.57,98.15,hydroquebec.com,false,""
2025-06-21T11:00:00.000000,Canada,Québec,CA-QC,3.42,34.59,99.24,98.07,hydroquebec.com,false,""
2025-06-21T12:00:00.000000,Canada,Québec,CA-QC,13.31,46.08,97.09,94.87,hydroquebec.com,false,""
2025-06-21T13:00:00.000000,Canada,Québec,CA-QC,14.14,46.67,96.83,92.87,hydroquebec.com,false,""
2025-06-21T14:00:00.000000,Canada,Québec,CA-QC,15.18,47.82,96.58,92.62,hydroquebec.com,false,""
2025-06-21T15:00:00.000000,Canada,Québec,CA-QC,15.32,47.81,96.51,92.87,hydroquebec.com,false,""
2025-06-21T16:00:00.000000,Canada,Québec,CA-QC,16.12,48.55,96.3,92.42,hydroquebec.com,false,""
2025-06-21T17:00:00.000000,Canada,Québec,CA-QC,16.31,48.99,96.26,92.81,hydroquebec.com,false,""
2025-06-21T18:00:00.000000,Canada,Québec,CA-QC,16.02,49.11,96.34,93.71,hydroquebec.com,false,""
2025-06-21T19:00:00.000000,Canada,Québec,CA-QC,16.93,50.23,96.09,92.83,hydroquebec.com,false,""
2025-06-21T20:00:00.000000,Canada,Québec,CA-QC,16.99,50.28,96.02,92.04,hydroquebec.com,false,""
2025-06-21T21:00:00.000000,Canada,Québec,CA-QC,6.81,38.08,98.33,94.96,hydroquebec.com,false,""
2025-06-21T22:00:00.000000,Canada,Québec,CA-QC,2.46,32.87,99.34,96.35,hydroquebec.com,false,""
2025-06-21T23:00:00.000000,Canada,Québec,CA-QC,2.87,33.57,99.22,96.22,hydroquebec.com,false,""
2025-06-22T00:00:00.000000,Canada,Québec,CA-QC,4.6,35.83,98.83,96.05,hydroquebec.com,false,""
2025-06-22T01:00:00.000000,Canada,Québec,CA-QC,14.36,47.25,96.57,92.77,hydroquebec.com,false,""
2025-06-22T02:00:00.000000,Canada,Québec,CA-QC,14.0,46.89,96.66,92.73,hydroquebec.com,false,""
2025-06-22T03:00:00.000000,Canada,Québec,CA-QC,13.2,46.28,96.94,93.62,hydroquebec.com,false,""
2025-06-22T04:00:00.000000,Canada,Québec,CA-QC,4.06,35.27,99.03,95.7,hydroquebec.com,false,""
2025-06-22T05:00:00.000000,Canada,Québec,CA-QC,2.9,34.17,99.32,97.19,hydroquebec.com,false,""
2025-06-22T06:00:00.000000,Canada,Québec,CA-QC,1.84,32.65,99.54,96.91,hydroquebec.com,false,""
2025-06-22T07:00:00.000000,Canada,Québec,CA-QC,0.72,31.33,99.8,97.72,hydroquebec.com,false,""
2025-06-22T08:00:00.000000,Canada,Québec,CA-QC,0.39,30.91,99.9,98.47,hydroquebec.com,false,""
2025-06-22T09:00:00.000000,Canada,Québec,CA-QC,0.49,30.82,99.87,98.45,hydroquebec.com,false,""
2025-06-22T10:00:00.000000,Canada,Québec,CA-QC,0.72,30.93,99.81,98.42,hydroquebec.com,false,""
2025-06-22T11:00:00.000000,Canada,Québec,CA-QC,0.89,31.02,99.76,98.47,hydroquebec.com,false,""
2025-06-22T12:00:00.000000,Canada,Québec,CA-QC,0.85,30.93,99.77,98.92,hydroquebec.com,false,""
2025-06-22T13:00:00.000000,Canada,Québec,CA-QC,3.57,33.92,99.14,98.04,hydroquebec.com,false,""
2025-06-22T14:00:00.000000,Canada,Québec,CA-QC,6.98,37.74,98.29,96.18,hydroquebec.com,false,""
2025-06-22T15:00:00.000000,Canada,Québec,CA-QC,9.6,40.85,97.6,94.48,hydroquebec.com,false,""
2025-06-22T16:00:00.000000,Canada,Québec,CA-QC,7.95,39.18,98.16,97.01,hydroquebec.com,false,""
2025-06-22T17:00:00.000000,Canada,Québec,CA-QC,2.31,32.84,99.47,99.17,hydroquebec.com,false,""
2025-06-22T18:00:00.000000,Canada,Québec,CA-QC,5.07,36.56,98.81,98.07,hydroquebec.com,false,""
2025-06-22T19:00:00.000000,Canada,Québec,CA-QC,0.08,30.74,99.98,99.98,hydroquebec.com,false,""
2025-06-22T20:00:00.000000,Canada,Québec,CA-QC,0.0,30.18,100.0,100.0,hydroquebec.com,false,""
2025-06-22T21:00:00.000000,Canada,Québec,CA-QC,0.0,29.76,100.0,100.0,hydroquebec.com,false,""
2025-06-22T22:00:00.000000,Canada,Québec,CA-QC,0.0,29.61,100.0,100.0,hydroquebec.com,false,""
2025-06-22T23:00:00.000000,Canada,Québec,CA-QC,0.0,29.62,100.0,100.0,hydroquebec.com,false,""
2025-06-23T00:00:00.000000,Canada,Québec,CA-QC,0.0,29.77,100.0,100.0,hydroquebec.com,false,""
2025-06-23T01:00:00.000000,Canada,Québec,CA-QC,0.0,30.05,100.0,100.0,hydroquebec.com,false,""
2025-06-23T02:00:00.000000,Canada,Québec,CA-QC,1.03,31.72,99.72,99.24,hydroquebec.com,false,""
2025-06-23T03:00:00.000000,Canada,Québec,CA-QC,5.0,36.95,98.68,96.53,hydroquebec.com,false,""
2025-06-23T04:00:00.000000,Canada,Québec,CA-QC,6.23,39.27,98.32,95.09,hydroquebec.com,false,""
2025-06-23T05:00:00.000000,Canada,Québec,CA-QC,10.69,45.27,97.34,93.81,hydroquebec.com,false,""
2025-06-23T06:00:00.000000,Canada,Québec,CA-QC,9.24,43.99,97.7,94.6,hydroquebec.com,false,""
2025-06-23T07:00:00.000000,Canada,Québec,CA-QC,7.94,42.43,97.99,94.66,hydroquebec.com,false,""
2025-06-23T08:00:00.000000,Canada,Québec,CA-QC,7.02,41.38,98.23,95.44,hydroquebec.com,false,""
2025-06-23T09:00:00.000000,Canada,Québec,CA-QC,8.86,43.46,97.79,94.53,hydroquebec.com,false,""
2025-06-23T10:00:00.000000,Canada,Québec,CA-QC,8.31,42.45,97.88,94.32,hydroquebec.com,false,""
2025-06-23T11:00:00.000000,Canada,Québec,CA-QC,8.89,42.63,97.78,94.86,hydroquebec.com,false,""
2025-06-23T12:00:00.000000,Canada,Québec,CA-QC,2.15,34.26,99.43,98.44,hydroquebec.com,false,""
2025-06-23T13:00:00.000000,Canada,Québec,CA-QC,0.04,31.24,99.99,99.97,hydroquebec.com,false,""
2025-06-23T14:00:00.000000,Canada,Québec,CA-QC,0.0,30.55,100.0,100.0,hydroquebec.com,false,""
2025-06-23T15:00:00.000000,Canada,Québec,CA-QC,0.0,29.83,100.0,100.0,hydroquebec.com,false,""
2025-06-23T16:00:00.000000,Canada,Québec,CA-QC,0.0,29.47,100.0,100.0,hydroquebec.com,false,""
2025-06-23T17:00:00.000000,Canada,Québec,CA-QC,0.0,29.37,100.0,100.0,hydroquebec.com,false,""
2025-06-23T18:00:00.000000,Canada,Québec,CA-QC,0.0,29.36,100.0,100.0,hydroquebec.com,false,""
2025-06-23T19:00:00.000000,Canada,Québec,CA-QC,0.0,29.41,100.0,100.0,hydroquebec.com,false,""
2025-06-23T20:00:00.000000,Canada,Québec,CA-QC,0.0,29.43,100.0,100.0,hydroquebec.com,false,""
2025-06-23T21:00:00.000000,Canada,Québec,CA-QC,0.0,29.4,100.0,100.0,hydroquebec.com,false,""
2025-06-23T22:00:00.000000,Canada,Québec,CA-QC,0.0,29.38,100.0,100.0,hydroquebec.com,false,""
2025-06-23T23:00:00.000000,Canada,Québec,CA-QC,0.0,29.36,100.0,100.0,hydroquebec.com,false,""
2025-06-24T00:00:00.000000,Canada,Québec,CA-QC,0.0,29.31,100.0,100.0,hydroquebec.com,false,""
2025-06-24T01:00:00.000000,Canada,Québec,CA-QC,0.0,29.37,100.0,100.0,hydroquebec.com,false,""
2025-06-24T02:00:00.000000,Canada,Québec,CA-QC,0.0,29.68,100.0,100.0,hydroquebec.com,false,""
2025-06-24T03:00:00.000000,Canada,Québec,CA-QC,0.36,30.79,99.9,99.74,hydroquebec.com,false,""
2025-06-24T04:00:00.000000,Canada,Québec,CA-QC,5.69,37.49,98.46,95.91,hydroquebec.com,false,""
2025-06-24T05:00:00.000000,Canada,Québec,CA-QC,8.11,40.96,97.89,94.84,hydroquebec.com,false,""
2025-06-24T06:00:00.000000,Canada,Québec,CA-QC,9.57,43.35,97.54,94.01,hydroquebec.com,false,""
2025-06-24T07:00:00.000000,Canada,Québec,CA-QC,9.62,43.43,97.53,93.8,hydroquebec.com,false,""
2025-06-24T08:00:00.000000,Canada,Québec,CA-QC,8.92,42.45,97.72,94.0,hydroquebec.com,false,""
2025-06-24T09:00:00.000000,Canada,Québec,CA-QC,8.32,41.76,97.89,94.01,hydroquebec.com,false,""
2025-06-24T10:00:00.000000,Canada,Québec,CA-QC,7.5,40.9,98.11,95.08,hydroquebec.com,false,""
2025-06-24T11:00:00.000000,Canada,Québec,CA-QC,1.92,33.98,99.48,98.52,hydroquebec.com,false,""
2025-06-24T12:00:00.000000,Canada,Québec,CA-QC,0.0,31.07,100.0,100.0,hydroquebec.com,false,""
2025-06-24T13:00:00.000000,Canada,Québec,CA-QC,0.0,30.27,100.0,100.0,hydroquebec.com,false,""
2025-06-24T14:00:00.000000,Canada,Québec,CA-QC,0.0,29.67,100.0,100.0,hydroquebec.com,false,""
2025-06-24T15:00:00.000000,Canada,Québec,CA-QC,0.0,29.25,100.0,100.0,hydroquebec.com,false,""
2025-06-24T16:00:00.000000,Canada,Québec,CA-QC,0.0,28.94,100.0,100.0,hydroquebec.com,false,""
2025-06-24T17:00:00.000000,Canada,Québec,CA-QC,0.0,28.85,100.0,100.0,hydroquebec.com,false,""
2025-06-24T18:00:00.000000,Canada,Québec,CA-QC,0.0,28.77,100.0,100.0,hydroquebec.com,false,""
2025-06-24T19:00:00.000000,Canada,Québec,CA-QC,0.0,28.69,100.0,100.0,hydroquebec.com,false,""
2025-06-24T20:00:00.000000,Canada,Québec,CA-QC,0.0,28.65,100.0,100.0,hydroquebec.com,false,""
2025-06-24T21:00:00.000000,Canada,Québec,CA-QC,0.0,28.55,100.0,100.0,hydroquebec.com,false,""
2025-06-24T22:00:00.000000,Canada,Québec,CA-QC,0.0,28.51,100.0,100.0,hydroquebec.com,false,""
2025-06-24T23:00:00.000000,Canada,Québec,CA-QC,0.0,28.62,100.0,100.0,hydroquebec.com,false,""
2025-06-25T00:00:00.000000,Canada,Québec,CA-QC,0.0,28.75,100.0,100.0,hydroquebec.com,false,""
2025-06-25T01:00:00.000000,Canada,Québec,CA-QC,0.0,28.79,100.0,100.0,hydroquebec.com,false,""
2025-06-25T02:00:00.000000,Canada,Québec,CA-QC,0.0,28.9,100.0,100.0,hydroquebec.com,false,""
2025-06-25T03:00:00.000000,Canada,Québec,CA-QC,0.0,29.26,100.0,100.0,hydroquebec.com,false,""
2025-06-25T04:00:00.000000,Canada,Québec,CA-QC,0.99,31.06,99.73,99.26,hydroquebec.com,false,""
2025-06-25T05:00:00.000000,Canada,Québec,CA-QC,1.05,31.94,99.72,99.18,hydroquebec.com,false,""
2025-06-25T06:00:00.000000,Canada,Québec,CA-QC,1.15,32.53,99.69,99.06,hydroquebec.com,false,""
2025-06-25T07:00:00.000000,Canada,Québec,CA-QC,2.09,33.97,99.44,98.3,hydroquebec.com,false,""
2025-06-25T08:00:00.000000,Canada,Québec,CA-QC,3.13,35.45,99.15,97.44,hydroquebec.com,false,""
2025-06-25T09:00:00.000000,Canada,Québec,CA-QC,3.6,35.82,99.03,97.04,hydroquebec.com,false,""
2025-06-25T10:00:00.000000,Canada,Québec,CA-QC,2.18,33.76,99.41,98.26,hydroquebec.com,false,""
2025-06-25T11:00:00.000000,Canada,Québec,CA-QC,1.23,32.02,99.67,99.08,hydroquebec.com,false,""
2025-06-25T12:00:00.000000,Canada,Québec,CA-QC,3.08,33.71,99.17,97.7,hydroquebec.com,false,""
2025-06-25T13:00:00.000000,Canada,Québec,CA-QC,0.07,30.09,99.98,99.95,hydroquebec.com,false,""
2025-06-25T14:00:00.000000,Canada,Québec,CA-QC,0.0,29.52,100.0,100.0,hydroquebec.com,false,""
2025-06-25T15:00:00.000000,Canada,Québec,CA-QC,0.0,29.21,100.0,100.0,hydroquebec.com,false,""
2025-06-25T16:00:00.000000,Canada,Québec,CA-QC,0.0,29.05,100.0,100.0,hydroquebec.com,false,""
2025-06-25T17:00:00.000000,Canada,Québec,CA-QC,0.0,28.9,100.0,100.0,hydroquebec.com,false,""
2025-06-25T18:00:00.000000,Canada,Québec,CA-QC,0.0,28.82,100.0,100.0,hydroquebec.com,false,""
2025-06-25T19:00:00.000000,Canada,Québec,CA-QC,0.0,28.79,100.0,100.0,hydroquebec.com,false,""
2025-06-25T20:00:00.000000,Canada,Québec,CA-QC,0.0,28.74,100.0,100.0,hydroquebec.com,false,""
2025-06-25T21:00:00.000000,Canada,Québec,CA-QC,0.0,28.69,100.0,100.0,hydroquebec.com,false,""
2025-06-25T22:00:00.000000,Canada,Québec,CA-QC,0.0,28.73,100.0,100.0,hydroquebec.com,false,""
2025-06-25T23:00:00.000000,Canada,Québec,CA-QC,0.0,28.92,100.0,100.0,hydroquebec.com,false,""
2025-06-26T00:00:00.000000,Canada,Québec,CA-QC,0.0,29.21,100.0,100.0,hydroquebec.com,false,""
2025-06-26T01:00:00.000000,Canada,Québec,CA-QC,0.0,29.39,100.0,100.0,hydroquebec.com,false,""
2025-06-26T02:00:00.000000,Canada,Québec,CA-QC,0.0,29.8,100.0,100.0,hydroquebec.com,false,""
2025-06-26T03:00:00.000000,Canada,Québec,CA-QC,1.68,32.55,99.55,98.81,hydroquebec.com,false,""
2025-06-26T04:00:00.000000,Canada,Québec,CA-QC,4.78,37.0,98.71,96.33,hydroquebec.com,false,""
2025-06-26T05:00:00.000000,Canada,Québec,CA-QC,4.01,36.82,98.92,96.71,hydroquebec.com,false,""
2025-06-26T06:00:00.000000,Canada,Québec,CA-QC,3.04,35.88,99.18,97.19,hydroquebec.com,false,""
2025-06-26T07:00:00.000000,Canada,Québec,CA-QC,3.66,36.79,99.01,96.54,hydroquebec.com,false,""
2025-06-26T08:00:00.000000,Canada,Québec,CA-QC,3.88,37.18,98.95,96.3,hydroquebec.com,false,""
2025-06-26T09:00:00.000000,Canada,Québec,CA-QC,3.93,37.25,98.94,96.17,hydroquebec.com,false,""
2025-06-26T10:00:00.000000,Canada,Québec,CA-QC,4.69,37.72,98.73,95.14,hydroquebec.com,false,""
2025-06-26T11:00:00.000000,Canada,Québec,CA-QC,5.28,38.26,98.57,95.6,hydroquebec.com,false,""
2025-06-26T12:00:00.000000,Canada,Québec,CA-QC,5.35,38.09,98.55,95.73,hydroquebec.com,false,""
2025-06-26T13:00:00.000000,Canada,Québec,CA-QC,8.86,42.34,97.82,95.47,hydroquebec.com,false,""
2025-06-26T14:00:00.000000,Canada,Québec,CA-QC,9.47,43.06,97.64,94.96,hydroquebec.com,false,""
2025-06-26T15:00:00.000000,Canada,Québec,CA-QC,9.54,43.1,97.59,95.01,hydroquebec.com,false,""
2025-06-26T16:00:00.000000,Canada,Québec,CA-QC,11.78,45.51,97.07,94.36,hydroquebec.com,false,""
2025-06-26T17:00:00.000000,Canada,Québec,CA-QC,11.68,45.19,97.1,94.29,hydroquebec.com,false,""
2025-06-26T18:00:00.000000,Canada,Québec,CA-QC,7.92,40.58,97.97,95.15,hydroquebec.com,false,""
2025-06-26T19:00:00.000000,Canada,Québec,CA-QC,7.91,40.52,97.98,95.17,hydroquebec.com,false,""
2025-06-26T20:00:00.000000,Canada,Québec,CA-QC,3.88,35.69,99.0,97.47,hydroquebec.com,false,""
2025-06-26T21:00:00.000000,Canada,Québec,CA-QC,3.27,34.66,99.15,97.63,hydroquebec.com,false,""
2025-06-26T22:00:00.000000,Canada,Québec,CA-QC,9.88,42.43,97.58,95.28,hydroquebec.com,false,""
2025-06-26T23:00:00.000000,Canada,Québec,CA-QC,10.42,43.12,97.41,94.56,hydroquebec.com,false,""
2025-06-27T00:00:00.000000,Canada,Québec,CA-QC,5.52,37.36,98.55,95.94,hydroquebec.com,false,""
2025-06-27T01:00:00.000000,Canada,Québec,CA-QC,8.06,40.48,97.96,95.15,hydroquebec.com,false,""
2025-06-27T02:00:00.000000,Canada,Québec,CA-QC,12.17,45.54,97.06,93.43,hydroquebec.com,false,""
2025-06-27T03:00:00.000000,Canada,Québec,CA-QC,7.35,40.13,98.19,94.52,hydroquebec.com,false,""
2025-06-27T04:00:00.000000,Canada,Québec,CA-QC,4.54,37.19,98.88,96.03,hydroquebec.com,false,""
2025-06-27T05:00:00.000000,Canada,Québec,CA-QC,2.66,35.06,99.28,96.04,hydroquebec.com,false,""
2025-06-27T06:00:00.000000,Canada,Québec,CA-QC,3.09,35.72,99.17,95.35,hydroquebec.com,false,""
2025-06-27T07:00:00.000000,Canada,Québec,CA-QC,2.74,35.61,99.26,95.87,hydroquebec.com,false,""
2025-06-27T08:00:00.000000,Canada,Québec,CA-QC,3.27,36.15,99.12,95.07,hydroquebec.com,false,""
2025-06-27T09:00:00.000000,Canada,Québec,CA-QC,3.84,36.81,98.96,94.47,hydroquebec.com,false,""
2025-06-27T10:00:00.000000,Canada,Québec,CA-QC,7.75,41.3,98.1,93.51,hydroquebec.com,false,""
2025-06-27T11:00:00.000000,Canada,Québec,CA-QC,5.1,37.92,98.66,94.8,hydroquebec.com,false,""
2025-06-27T12:00:00.000000,Canada,Québec,CA-QC,12.06,45.81,97.12,93.09,hydroquebec.com,false,""
2025-06-27T13:00:00.000000,Canada,Québec,CA-QC,17.44,52.15,95.9,91.67,hydroquebec.com,false,""
2025-06-27T14:00:00.000000,Canada,Québec,CA-QC,16.89,51.54,96.03,92.17,hydroquebec.com,false,""
2025-06-27T15:00:00.000000,Canada,Québec,CA-QC,16.87,51.44,96.03,92.34,hydroquebec.com,false,""
2025-06-27T16:00:00.000000,Canada,Québec,CA-QC,12.31,46.01,97.0,93.62,hydroquebec.com,false,""
2025-06-27T17:00:00.000000,Canada,Québec,CA-QC,12.01,45.69,97.07,93.77,hydroquebec.com,false,""
2025-06-27T18:00:00.000000,Canada,Québec,CA-QC,11.62,45.36,97.17,93.97,hydroquebec.com,false,""
2025-06-27T19:00:00.000000,Canada,Québec,CA-QC,11.84,45.67,97.09,93.73,hydroquebec.com,false,""
2025-06-27T20:00:00.000000,Canada,Québec,CA-QC,9.12,42.52,97.74,94.81,hydroquebec.com,false,""
2025-06-27T21:00:00.000000,Canada,Québec,CA-QC,6.72,39.72,98.38,96.66,hydroquebec.com,false,""
2025-06-27T22:00:00.000000,Canada,Québec,CA-QC,8.28,41.36,97.97,95.62,hydroquebec.com,false,""
2025-06-27T23:00:00.000000,Canada,Québec,CA-QC,10.24,43.77,97.44,94.67,hydroquebec.com,false,""
2025-06-28T00:00:00.000000,Canada,Québec,CA-QC,9.86,43.32,97.55,94.84,hydroquebec.com,false,""
2025-06-28T01:00:00.000000,Canada,Québec,CA-QC,10.11,43.56,97.49,94.68,hydroquebec.com,false,""
2025-06-28T02:00:00.000000,Canada,Québec,CA-QC,14.86,49.25,96.44,92.88,hydroquebec.com,false,""
2025-06-28T03:00:00.000000,Canada,Québec,CA-QC,14.69,49.34,96.56,92.73,hydroquebec.com,false,""
2025-06-28T04:00:00.000000,Canada,Québec,CA-QC,14.27,49.01,96.58,92.08,hydroquebec.com,false,""
2025-06-28T05:00:00.000000,Canada,Québec,CA-QC,9.56,43.9,97.83,95.01,hydroquebec.com,false,""
2025-06-28T06:00:00.000000,Canada,Québec,CA-QC,1.73,34.78,99.55,97.84,hydroquebec.com,false,""
2025-06-28T07:00:00.000000,Canada,Québec,CA-QC,0.04,32.94,99.99,99.94,hydroquebec.com,false,""
2025-06-28T08:00:00.000000,Canada,Québec,CA-QC,3.54,36.85,99.23,98.65,hydroquebec.com,false,""
2025-06-28T09:00:00.000000,Canada,Québec,CA-QC,5.32,39.1,98.84,97.97,hydroquebec.com,false,""
2025-06-28T10:00:00.000000,Canada,Québec,CA-QC,9.77,43.88,97.75,94.44,hydroquebec.com,false,""
2025-06-28T11:00:00.000000,Canada,Québec,CA-QC,12.33,46.92,97.19,94.0,hydroquebec.com,false,""
2025-06-28T12:00:00.000000,Canada,Québec,CA-QC,13.9,48.35,96.76,93.07,hydroquebec.com,false,""
2025-06-28T13:00:00.000000,Canada,Québec,CA-QC,15.19,49.6,96.37,92.34,hydroquebec.com,false,""
2025-06-28T14:00:00.000000,Canada,Québec,CA-QC,14.35,48.43,96.59,92.99,hydroquebec.com,false,""
2025-06-28T15:00:00.000000,Canada,Québec,CA-QC,13.98,47.82,96.7,93.2,hydroquebec.com,false,""
2025-06-28T16:00:00.000000,Canada,Québec,CA-QC,14.08,47.9,96.68,93.24,hydroquebec.com,false,""
2025-06-28T17:00:00.000000,Canada,Québec,CA-QC,13.15,46.99,96.91,94.14,hydroquebec.com,false,""
2025-06-28T18:00:00.000000,Canada,Québec,CA-QC,14.45,48.49,96.56,93.3,hydroquebec.com,false,""
2025-06-28T19:00:00.000000,Canada,Québec,CA-QC,13.37,47.34,96.86,94.3,hydroquebec.com,false,""
2025-06-28T20:00:00.000000,Canada,Québec,CA-QC,13.59,47.43,96.79,94.16,hydroquebec.com,false,""
2025-06-28T21:00:00.000000,Canada,Québec,CA-QC,9.26,42.19,97.68,94.86,hydroquebec.com,false,""
2025-06-28T22:00:00.000000,Canada,Québec,CA-QC,5.64,37.9,98.48,95.98,hydroquebec.com,false,""
2025-06-28T23:00:00.000000,Canada,Québec,CA-QC,3.71,35.48,99.0,97.36,hydroquebec.com,false,""
2025-06-29T00:00:00.000000,Canada,Québec,CA-QC,3.46,35.09,99.06,97.39,hydroquebec.com,false,""
2025-06-29T01:00:00.000000,Canada,Québec,CA-QC,2.62,34.28,99.29,98.02,hydroquebec.com,false,""
2025-06-29T02:00:00.000000,Canada,Québec,CA-QC,12.33,45.99,97.03,94.29,hydroquebec.com,false,""
2025-06-29T03:00:00.000000,Canada,Québec,CA-QC,10.57,44.61,97.52,95.22,hydroquebec.com,false,""
2025-06-29T04:00:00.000000,Canada,Québec,CA-QC,10.07,44.13,97.61,94.53,hydroquebec.com,false,""
2025-06-29T05:00:00.000000,Canada,Québec,CA-QC,8.79,42.86,97.91,94.58,hydroquebec.com,false,""
2025-06-29T06:00:00.000000,Canada,Québec,CA-QC,3.15,36.34,99.15,96.2,hydroquebec.com,false,""
2025-06-29T07:00:00.000000,Canada,Québec,CA-QC,3.14,36.3,99.15,95.92,hydroquebec.com,false,""
2025-06-29T08:00:00.000000,Canada,Québec,CA-QC,3.46,36.9,99.1,96.1,hydroquebec.com,false,""
2025-06-29T09:00:00.000000,Canada,Québec,CA-QC,4.8,38.61,98.86,96.43,hydroquebec.com,false,""
2025-06-29T10:00:00.000000,Canada,Québec,CA-QC,9.74,44.29,97.78,94.64,hydroquebec.com,false,""
2025-06-29T11:00:00.000000,Canada,Québec,CA-QC,14.84,50.05,96.61,91.87,hydroquebec.com,false,""
2025-06-29T12:00:00.000000,Canada,Québec,CA-QC,15.07,50.2,96.45,91.26,hydroquebec.com,false,""
2025-06-29T13:00:00.000000,Canada,Québec,CA-QC,13.16,47.8,96.82,92.29,hydroquebec.com,false,""
2025-06-29T14:00:00.000000,Canada,Québec,CA-QC,18.96,54.52,95.54,91.1,hydroquebec.com,false,""
2025-06-29T15:00:00.000000,Canada,Québec,CA-QC,16.92,52.2,95.98,92.16,hydroquebec.com,false,""
2025-06-29T16:00:00.000000,Canada,Québec,CA-QC,17.35,52.58,95.85,91.99,hydroquebec.com,false,""
2025-06-29T17:00:00.000000,Canada,Québec,CA-QC,15.13,49.89,96.38,92.94,hydroquebec.com,false,""
2025-06-29T18:00:00.000000,Canada,Québec,CA-QC,13.0,47.5,96.92,94.47,hydroquebec.com,false,""
2025-06-29T19:00:00.000000,Canada,Québec,CA-QC,9.98,44.08,97.71,96.76,hydroquebec.com,false,""
2025-06-29T20:00:00.000000,Canada,Québec,CA-QC,4.05,36.82,99.06,98.62,hydroquebec.com,false,""
2025-06-29T21:00:00.000000,Canada,Québec,CA-QC,0.09,31.73,99.98,99.97,hydroquebec.com,false,""
2025-06-29T22:00:00.000000,Canada,Québec,CA-QC,0.0,31.12,100.0,100.0,hydroquebec.com,false,""
2025-06-29T23:00:00.000000,Canada,Québec,CA-QC,0.0,30.87,100.0,100.0,hydroquebec.com,false,""
2025-06-30T00:00:00.000000,Canada,Québec,CA-QC,0.0,30.96,100.0,100.0,hydroquebec.com,false,""
2025-06-30T01:00:00.000000,Canada,Québec,CA-QC,5.05,37.35,98.86,98.53,hydroquebec.com,false,""
2025-06-30T02:00:00.000000,Canada,Québec,CA-QC,9.08,42.58,97.84,96.15,hydroquebec.com,false,""
2025-06-30T03:00:00.000000,Canada,Québec,CA-QC,15.46,50.57,96.29,92.93,hydroquebec.com,false,""
2025-06-30T04:00:00.000000,Canada,Québec,CA-QC,6.99,40.78,98.13,94.43,hydroquebec.com,false,""
2025-06-30T05:00:00.000000,Canada,Québec,CA-QC,10.46,44.8,97.41,92.99,hydroquebec.com,false,""
2025-06-30T06:00:00.000000,Canada,Québec,CA-QC,5.17,38.69,98.61,94.42,hydroquebec.com,false,""
2025-06-30T07:00:00.000000,Canada,Québec,CA-QC,3.36,36.77,99.09,96.27,hydroquebec.com,false,""
2025-06-30T08:00:00.000000,Canada,Québec,CA-QC,3.95,37.21,98.93,95.68,hydroquebec.com,false,""
2025-06-30T09:00:00.000000,Canada,Québec,CA-QC,6.47,39.95,98.29,93.9,hydroquebec.com,false,""
2025-06-30T10:00:00.000000,Canada,Québec,CA-QC,14.45,49.41,96.53,91.9,hydroquebec.com,false,""
2025-06-30T11:00:00.000000,Canada,Québec,CA-QC,16.46,51.7,96.14,92.34,hydroquebec.com,false,""
2025-06-30T12:00:00.000000,Canada,Québec,CA-QC,16.74,51.71,96.04,92.4,hydroquebec.com,false,""
2025-06-30T13:00:00.000000,Canada,Québec,CA-QC,13.52,47.68,96.73,93.61,hydroquebec.com,false,""
2025-06-30T14:00:00.000000,Canada,Québec,CA-QC,11.39,44.97,97.28,95.15,hydroquebec.com,false,""
2025-06-30T15:00:00.000000,Canada,Québec,CA-QC,9.63,42.55,97.69,95.78,hydroquebec.com,false,""
2025-06-30T16:00:00.000000,Canada,Québec,CA-QC,5.9,37.96,98.59,97.49,hydroquebec.com,false,""
2025-06-30T17:00:00.000000,Canada,Québec,CA-QC,5.43,37.33,98.71,97.82,hydroquebec.com,false,""
2025-06-30T18:00:00.000000,Canada,Québec,CA-QC,5.31,37.17,98.79,98.48,hydroquebec.com,false,""
2025-06-30T19:00:00.000000,Canada,Québec,CA-QC,0.18,30.72,99.96,99.95,hydroquebec.com,false,""
2025-06-30T20:00:00.000000,Canada,Québec,CA-QC,0.0,30.02,100.0,100.0,hydroquebec.com,false,""
2025-06-30T21:00:00.000000,Canada,Québec,CA-QC,0.0,29.66,100.0,100.0,hydroquebec.com,false,""
2025-06-30T22:00:00.000000,Canada,Québec,CA-QC,0.0,29.55,100.0,100.0,hydroquebec.com,false,""
2025-06-30T23:00:00.000000,Canada,Québec,CA-QC,0.0,29.59,100.0,100.0,hydroquebec.com,false,""
2025-07-01T00:00:00.000000,Canada,Québec,CA-QC,0.0,29.71,100.0,100.0,hydroquebec.com,false,""
2025-07-01T01:00:00.000000,Canada,Québec,CA-QC,0.04,30.1,99.99,99.97,hydroquebec.com,false,""
2025-07-01T02:00:00.000000,Canada,Québec,CA-QC,6.47,38.25,98.45,97.27,hydroquebec.com,false,""
2025-07-01T03:00:00.000000,Canada,Québec,CA-QC,14.77,48.61,96.46,93.57,hydroquebec.com,false,""
2025-07-01T04:00:00.000000,Canada,Québec,CA-QC,10.38,43.56,97.41,93.58,hydroquebec.com,false,""
2025-07-01T05:00:00.000000,Canada,Québec,CA-QC,5.5,38.1,98.59,95.66,hydroquebec.com,false,""
2025-07-01T06:00:00.000000,Canada,Québec,CA-QC,9.71,43.56,97.77,95.68,hydroquebec.com,false,""
2025-07-01T07:00:00.000000,Canada,Québec,CA-QC,4.07,37.26,99.06,97.99,hydroquebec.com,false,""
2025-07-01T08:00:00.000000,Canada,Québec,CA-QC,2.96,35.86,99.29,98.09,hydroquebec.com,false,""
2025-07-01T09:00:00.000000,Canada,Québec,CA-QC,3.25,35.86,99.12,96.73,hydroquebec.com,false,""
2025-07-01T10:00:00.000000,Canada,Québec,CA-QC,9.82,43.34,97.54,93.44,hydroquebec.com,false,""
2025-07-01T11:00:00.000000,Canada,Québec,CA-QC,14.1,48.63,96.55,92.56,hydroquebec.com,false,""
2025-07-01T12:00:00.000000,Canada,Québec,CA-QC,17.21,52.18,95.84,92.04,hydroquebec.com,false,""
2025-07-01T13:00:00.000000,Canada,Québec,CA-QC,15.29,49.59,96.35,93.14,hydroquebec.com,false,""
2025-07-01T14:00:00.000000,Canada,Québec,CA-QC,12.42,45.94,96.94,94.1,hydroquebec.com,false,""
2025-07-01T15:00:00.000000,Canada,Québec,CA-QC,9.31,41.95,97.66,95.06,hydroquebec.com,false,""
2025-07-01T16:00:00.000000,Canada,Québec,CA-QC,8.31,40.69,97.92,95.65,hydroquebec.com,false,""
2025-07-01T17:00:00.000000,Canada,Québec,CA-QC,8.58,40.99,97.88,95.98,hydroquebec.com,false,""
2025-07-01T18:00:00.000000,Canada,Québec,CA-QC,3.05,34.06,99.18,97.88,hydroquebec.com,false,""
2025-07-01T19:00:00.000000,Canada,Québec,CA-QC,1.32,31.76,99.64,99.05,hydroquebec.com,false,""
2025-07-01T20:00:00.000000,Canada,Québec,CA-QC,1.23,31.39,99.68,99.18,hydroquebec.com,false,""
2025-07-01T21:00:00.000000,Canada,Québec,CA-QC,0.02,29.73,99.99,99.99,hydroquebec.com,false,""
2025-07-01T22:00:00.000000,Canada,Québec,CA-QC,0.0,29.52,100.0,100.0,hydroquebec.com,false,""
2025-07-01T23:00:00.000000,Canada,Québec,CA-QC,0.0,29.53,100.0,100.0,hydroquebec.com,false,""
2025-07-02T00:00:00.000000,Canada,Québec,CA-QC,0.0,29.69,100.0,100.0,hydroquebec.com,false,""
2025-07-02T01:00:00.000000,Canada,Québec,CA-QC,1.06,31.38,99.76,99.69,hydroquebec.com,false,""
2025-07-02T02:00:00.000000,Canada,Québec,CA-QC,7.06,39.26,98.32,97.2,hydroquebec.com,false,""
2025-07-02T03:00:00.000000,Canada,Québec,CA-QC,11.64,45.53,97.16,94.52,hydroquebec.com,false,""
2025-07-02T04:00:00.000000,Canada,Québec,CA-QC,12.97,47.57,96.79,92.92,hydroquebec.com,false,""
2025-07-02T05:00:00.000000,Canada,Québec,CA-QC,6.86,40.47,98.16,94.28,hydroquebec.com,false,""
2025-07-02T06:00:00.000000,Canada,Québec,CA-QC,5.46,38.53,98.53,94.49,hydroquebec.com,false,""
2025-07-02T07:00:00.000000,Canada,Québec,CA-QC,4.59,37.55,98.76,95.27,hydroquebec.com,false,""
2025-07-02T08:00:00.000000,Canada,Québec,CA-QC,5.63,38.72,98.48,94.37,hydroquebec.com,false,""
2025-07-02T09:00:00.000000,Canada,Québec,CA-QC,6.15,39.48,98.34,94.35,hydroquebec.com,false,""
2025-07-02T10:00:00.000000,Canada,Québec,CA-QC,13.18,47.59,96.77,92.55,hydroquebec.com,false,""
2025-07-02T11:00:00.000000,Canada,Québec,CA-QC,14.26,48.49,96.55,92.87,hydroquebec.com,false,""
2025-07-02T12:00:00.000000,Canada,Québec,CA-QC,14.97,49.0,96.42,93.23,hydroquebec.com,false,""
2025-07-02T13:00:00.000000,Canada,Québec,CA-QC,11.39,44.52,97.3,95.16,hydroquebec.com,false,""
2025-07-02T14:00:00.000000,Canada,Québec,CA-QC,8.75,41.16,97.98,96.86,hydroquebec.com,false,""
2025-07-02T15:00:00.000000,Canada,Québec,CA-QC,9.94,42.42,97.66,96.05,hydroquebec.com,false,""
2025-07-02T16:00:00.000000,Canada,Québec,CA-QC,9.57,41.92,97.73,96.2,hydroquebec.com,false,""
2025-07-02T17:00:00.000000,Canada,Québec,CA-QC,8.23,40.16,98.09,97.15,hydroquebec.com,false,""
2025-07-02T18:00:00.000000,Canada,Québec,CA-QC,9.57,41.57,97.73,96.31,hydroquebec.com,false,""
2025-07-02T19:00:00.000000,Canada,Québec,CA-QC,1.28,31.53,99.67,99.25,hydroquebec.com,false,""
2025-07-02T20:00:00.000000,Canada,Québec,CA-QC,0.16,29.77,99.96,99.89,hydroquebec.com,false,""
2025-07-02T21:00:00.000000,Canada,Québec,CA-QC,0.0,29.25,100.0,100.0,hydroquebec.com,false,""
2025-07-02T22:00:00.000000,Canada,Québec,CA-QC,0.0,29.07,100.0,100.0,hydroquebec.com,false,""
2025-07-02T23:00:00.000000,Canada,Québec,CA-QC,0.0,29.28,100.0,100.0,hydroquebec.com,false,""
2025-07-03T00:00:00.000000,Canada,Québec,CA-QC,0.0,29.59,100.0,100.0,hydroquebec.com,false,""
2025-07-03T01:00:00.000000,Canada,Québec,CA-QC,4.81,35.73,98.91,98.62,hydroquebec.com,false,""
2025-07-03T02:00:00.000000,Canada,Québec,CA-QC,11.73,44.65,97.19,95.25,hydroquebec.com,false,""
2025-07-03T03:00:00.000000,Canada,Québec,CA-QC,12.92,46.82,96.83,93.85,hydroquebec.com,false,""
2025-07-03T04:00:00.000000,Canada,Québec,CA-QC,18.07,53.44,95.64,91.43,hydroquebec.com,false,""
2025-07-03T05:00:00.000000,Canada,Québec,CA-QC,15.37,50.75,96.26,91.82,hydroquebec.com,false,""
2025-07-03T06:00:00.000000,Canada,Québec,CA-QC,10.61,45.4,97.33,93.08,hydroquebec.com,false,""
2025-07-03T07:00:00.000000,Canada,Québec,CA-QC,6.06,40.22,98.38,94.52,hydroquebec.com,false,""
2025-07-03T08:00:00.000000,Canada,Québec,CA-QC,10.35,45.22,97.44,92.94,hydroquebec.com,false,""
2025-07-03T09:00:00.000000,Canada,Québec,CA-QC,17.22,53.35,95.92,90.78,hydroquebec.com,false,""
2025-07-03T10:00:00.000000,Canada,Québec,CA-QC,11.62,46.57,97.14,92.94,hydroquebec.com,false,""
2025-07-03T11:00:00.000000,Canada,Québec,CA-QC,11.26,45.55,97.21,93.53,hydroquebec.com,false,""
2025-07-03T12:00:00.000000,Canada,Québec,CA-QC,10.64,44.47,97.37,94.2,hydroquebec.com,false,""
2025-07-03T13:00:00.000000,Canada,Québec,CA-QC,10.51,44.08,97.39,94.25,hydroquebec.com,false,""
2025-07-03T14:00:00.000000,Canada,Québec,CA-QC,10.89,44.43,97.29,94.12,hydroquebec.com,false,""
2025-07-03T15:00:00.000000,Canada,Québec,CA-QC,11.2,44.7,97.21,94.1,hydroquebec.com,false,""
2025-07-03T16:00:00.000000,Canada,Québec,CA-QC,9.09,42.11,97.76,95.51,hydroquebec.com,false,""
2025-07-03T17:00:00.000000,Canada,Québec,CA-QC,8.65,41.35,97.87,95.81,hydroquebec.com,false,""
2025-07-03T18:00:00.000000,Canada,Québec,CA-QC,5.8,37.98,98.64,97.91,hydroquebec.com,false,""
2025-07-03T19:00:00.000000,Canada,Québec,CA-QC,5.13,37.03,98.84,98.54,hydroquebec.com,false,""
2025-07-03T20:00:00.000000,Canada,Québec,CA-QC,0.73,31.63,99.83,99.79,hydroquebec.com,false,""
2025-07-03T21:00:00.000000,Canada,Québec,CA-QC,0.53,31.14,99.88,99.85,hydroquebec.com,false,""
2025-07-03T22:00:00.000000,Canada,Québec,CA-QC,4.32,35.38,99.01,98.75,hydroquebec.com,false,""
2025-07-03T23:00:00.000000,Canada,Québec,CA-QC,6.01,37.35,98.64,98.27,hydroquebec.com,false,""
2025-07-04T00:00:00.000000,Canada,Québec,CA-QC,4.84,36.29,98.89,98.56,hydroquebec.com,false,""
2025-07-04T01:00:00.000000,Canada,Québec,CA-QC,8.05,40.3,98.02,96.05,hydroquebec.com,false,""
2025-07-04T02:00:00.000000,Canada,Québec,CA-QC,11.13,44.33,97.24,94.04,hydroquebec.com,false,""
2025-07-04T03:00:00.000000,Canada,Québec,CA-QC,11.72,45.56,97.1,93.38,hydroquebec.com,false,""
2025-07-04T04:00:00.000000,Canada,Québec,CA-QC,11.28,45.26,97.24,92.8,hydroquebec.com,false,""
2025-07-04T05:00:00.000000,Canada,Québec,CA-QC,10.0,43.75,97.61,92.73,hydroquebec.com,false,""
2025-07-04T06:00:00.000000,Canada,Québec,CA-QC,4.12,37.14,98.93,94.73,hydroquebec.com,false,""
2025-07-04T07:00:00.000000,Canada,Québec,CA-QC,4.34,37.48,98.86,94.13,hydroquebec.com,false,""
2025-07-04T08:00:00.000000,Canada,Québec,CA-QC,5.05,38.63,98.78,95.66,hydroquebec.com,false,""
2025-07-04T09:00:00.000000,Canada,Québec,CA-QC,6.2,39.41,98.48,93.98,hydroquebec.com,false,""
2025-07-04T10:00:00.000000,Canada,Québec,CA-QC,9.46,42.9,97.74,92.67,hydroquebec.com,false,""
2025-07-04T11:00:00.000000,Canada,Québec,CA-QC,9.36,42.47,97.77,93.15,hydroquebec.com,false,""
2025-07-04T12:00:00.000000,Canada,Québec,CA-QC,9.32,42.13,97.75,93.58,hydroquebec.com,false,""
2025-07-04T13:00:00.000000,Canada,Québec,CA-QC,9.59,42.19,97.66,93.7,hydroquebec.com,false,""
2025-07-04T14:00:00.000000,Canada,Québec,CA-QC,9.62,42.15,97.64,93.86,hydroquebec.com,false,""
2025-07-04T15:00:00.000000,Canada,Québec,CA-QC,10.2,42.81,97.48,93.81,hydroquebec.com,false,""
2025-07-04T16:00:00.000000,Canada,Québec,CA-QC,10.5,43.26,97.41,93.76,hydroquebec.com,false,""
2025-07-04T17:00:00.000000,Canada,Québec,CA-QC,10.93,43.99,97.29,93.76,hydroquebec.com,false,""
2025-07-04T18:00:00.000000,Canada,Québec,CA-QC,11.09,44.28,97.24,93.9,hydroquebec.com,false,""
2025-07-04T19:00:00.000000,Canada,Québec,CA-QC,11.27,44.5,97.2,93.9,hydroquebec.com,false,""
2025-07-04T20:00:00.000000,Canada,Québec,CA-QC,10.97,44.15,97.3,94.18,hydroquebec.com,false,""
2025-07-04T21:00:00.000000,Canada,Québec,CA-QC,10.79,43.87,97.31,94.22,hydroquebec.com,false,""
2025-07-04T22:00:00.000000,Canada,Québec,CA-QC,9.51,42.48,97.71,95.87,hydroquebec.com,false,""
2025-07-04T23:00:00.000000,Canada,Québec,CA-QC,12.93,46.53,96.82,93.69,hydroquebec.com,false,""
2025-07-05T00:00:00.000000,Canada,Québec,CA-QC,13.75,47.77,96.63,93.1,hydroquebec.com,false,""
2025-07-05T01:00:00.000000,Canada,Québec,CA-QC,14.0,48.12,96.57,92.68,hydroquebec.com,false,""
2025-07-05T02:00:00.000000,Canada,Québec,CA-QC,14.35,48.57,96.53,92.42,hydroquebec.com,false,""
2025-07-05T03:00:00.000000,Canada,Québec,CA-QC,11.39,45.34,97.26,93.19,hydroquebec.com,false,""
2025-07-05T04:00:00.000000,Canada,Québec,CA-QC,3.08,35.86,99.18,95.89,hydroquebec.com,false,""
2025-07-05T05:00:00.000000,Canada,Québec,CA-QC,0.9,33.7,99.76,98.21,hydroquebec.com,false,""
2025-07-05T06:00:00.000000,Canada,Québec,CA-QC,0.44,33.4,99.88,99.06,hydroquebec.com,false,""
2025-07-05T07:00:00.000000,Canada,Québec,CA-QC,0.61,33.62,99.83,98.69,hydroquebec.com,false,""
2025-07-05T08:00:00.000000,Canada,Québec,CA-QC,0.65,33.7,99.82,98.6,hydroquebec.com,false,""
2025-07-05T09:00:00.000000,Canada,Québec,CA-QC,0.44,33.63,99.88,99.04,hydroquebec.com,false,""
2025-07-05T10:00:00.000000,Canada,Québec,CA-QC,2.09,35.47,99.52,98.43,hydroquebec.com,false,""
2025-07-05T11:00:00.000000,Canada,Québec,CA-QC,7.39,40.67,98.25,93.4,hydroquebec.com,false,""
2025-07-05T12:00:00.000000,Canada,Québec,CA-QC,3.35,36.09,99.1,95.27,hydroquebec.com,false,""
2025-07-05T13:00:00.000000,Canada,Québec,CA-QC,11.02,44.86,97.36,93.34,hydroquebec.com,false,""
2025-07-05T14:00:00.000000,Canada,Québec,CA-QC,12.46,46.46,96.99,92.9,hydroquebec.com,false,""
2025-07-05T15:00:00.000000,Canada,Québec,CA-QC,12.97,46.99,96.86,93.02,hydroquebec.com,false,""
2025-07-05T16:00:00.000000,Canada,Québec,CA-QC,13.22,47.31,96.8,93.38,hydroquebec.com,false,""
2025-07-05T17:00:00.000000,Canada,Québec,CA-QC,13.5,47.62,96.73,93.51,hydroquebec.com,false,""
2025-07-05T18:00:00.000000,Canada,Québec,CA-QC,13.28,47.45,96.8,93.73,hydroquebec.com,false,""
2025-07-05T19:00:00.000000,Canada,Québec,CA-QC,13.25,47.48,96.81,93.85,hydroquebec.com,false,""
2025-07-05T20:00:00.000000,Canada,Québec,CA-QC,12.95,46.96,96.93,94.23,hydroquebec.com,false,""
2025-07-05T21:00:00.000000,Canada,Québec,CA-QC,10.12,43.47,97.64,96.18,hydroquebec.com,false,""
2025-07-05T22:00:00.000000,Canada,Québec,CA-QC,0.71,31.98,99.82,99.59,hydroquebec.com,false,""
2025-07-05T23:00:00.000000,Canada,Québec,CA-QC,0.69,31.66,99.85,99.8,hydroquebec.com,false,""
2025-07-06T00:00:00.000000,Canada,Québec,CA-QC,8.08,40.4,98.09,96.69,hydroquebec.com,false,""
2025-07-06T01:00:00.000000,Canada,Québec,CA-QC,10.91,43.86,97.34,94.87,hydroquebec.com,false,""
2025-07-06T02:00:00.000000,Canada,Québec,CA-QC,12.41,45.63,96.97,93.93,hydroquebec.com,false,""
2025-07-06T03:00:00.000000,Canada,Québec,CA-QC,5.87,37.94,98.42,95.43,hydroquebec.com,false,""
2025-07-06T04:00:00.000000,Canada,Québec,CA-QC,3.06,34.7,99.17,97.06,hydroquebec.com,false,""
2025-07-06T05:00:00.000000,Canada,Québec,CA-QC,0.7,32.19,99.81,99.1,hydroquebec.com,false,""
2025-07-06T06:00:00.000000,Canada,Québec,CA-QC,0.54,32.07,99.85,99.18,hydroquebec.com,false,""
2025-07-06T07:00:00.000000,Canada,Québec,CA-QC,0.51,32.18,99.86,99.21,hydroquebec.com,false,""
2025-07-06T08:00:00.000000,Canada,Québec,CA-QC,0.0,31.89,100.0,100.0,hydroquebec.com,false,""
2025-07-06T09:00:00.000000,Canada,Québec,CA-QC,0.02,31.95,99.99,99.96,hydroquebec.com,false,""
2025-07-06T10:00:00.000000,Canada,Québec,CA-QC,0.67,32.48,99.82,98.84,hydroquebec.com,false,""
2025-07-06T11:00:00.000000,Canada,Québec,CA-QC,7.66,40.51,98.27,95.95,hydroquebec.com,false,""
2025-07-06T12:00:00.000000,Canada,Québec,CA-QC,5.59,38.0,98.72,97.16,hydroquebec.com,false,""
2025-07-06T13:00:00.000000,Canada,Québec,CA-QC,9.41,41.96,97.83,95.59,hydroquebec.com,false,""
2025-07-06T14:00:00.000000,Canada,Québec,CA-QC,8.5,40.82,98.06,96.63,hydroquebec.com,false,""
2025-07-06T15:00:00.000000,Canada,Québec,CA-QC,9.67,41.93,97.75,95.99,hydroquebec.com,false,""
2025-07-06T16:00:00.000000,Canada,Québec,CA-QC,10.5,42.79,97.52,95.48,hydroquebec.com,false,""
2025-07-06T17:00:00.000000,Canada,Québec,CA-QC,10.26,42.59,97.57,95.68,hydroquebec.com,false,""
2025-07-06T18:00:00.000000,Canada,Québec,CA-QC,10.53,43.05,97.58,96.18,hydroquebec.com,false,""
2025-07-06T19:00:00.000000,Canada,Québec,CA-QC,7.83,39.82,98.22,97.52,hydroquebec.com,false,""
2025-07-06T20:00:00.000000,Canada,Québec,CA-QC,0.16,30.34,99.96,99.95,hydroquebec.com,false,""
2025-07-06T21:00:00.000000,Canada,Québec,CA-QC,0.0,29.58,100.0,100.0,hydroquebec.com,false,""
2025-07-06T22:00:00.000000,Canada,Québec,CA-QC,0.0,29.31,100.0,100.0,hydroquebec.com,false,""
2025-07-06T23:00:00.000000,Canada,Québec,CA-QC,0.0,29.31,100.0,100.0,hydroquebec.com,false,""
2025-07-07T00:00:00.000000,Canada,Québec,CA-QC,0.0,29.47,100.0,100.0,hydroquebec.com,false,""
2025-07-07T01:00:00.000000,Canada,Québec,CA-QC,0.0,29.77,100.0,100.0,hydroquebec.com,false,""
2025-07-07T02:00:00.000000,Canada,Québec,CA-QC,5.61,37.18,98.74,98.38,hydroquebec.com,false,""
2025-07-07T03:00:00.000000,Canada,Québec,CA-QC,5.34,38.03,98.8,98.41,hydroquebec.com,false,""
2025-07-07T04:00:00.000000,Canada,Québec,CA-QC,10.11,44.19,97.61,95.39,hydroquebec.com,false,""
2025-07-07T05:00:00.000000,Canada,Québec,CA-QC,6.46,40.47,98.39,96.05,hydroquebec.com,false,""
2025-07-07T06:00:00.000000,Canada,Québec,CA-QC,5.5,39.37,98.51,95.41,hydroquebec.com,false,""
2025-07-07T07:00:00.000000,Canada,Québec,CA-QC,5.71,39.67,98.46,95.1,hydroquebec.com,false,""
2025-07-07T08:00:00.000000,Canada,Québec,CA-QC,7.5,41.82,98.05,94.53,hydroquebec.com,false,""
2025-07-07T09:00:00.000000,Canada,Québec,CA-QC,6.92,41.02,98.13,94.34,hydroquebec.com,false,""
2025-07-07T10:00:00.000000,Canada,Québec,CA-QC,10.97,45.58,97.37,94.61,hydroquebec.com,false,""
2025-07-07T11:00:00.000000,Canada,Québec,CA-QC,10.23,44.19,97.56,95.21,hydroquebec.com,false,""
2025-07-07T12:00:00.000000,Canada,Québec,CA-QC,8.12,41.28,98.16,97.32,hydroquebec.com,false,""
2025-07-07T13:00:00.000000,Canada,Québec,CA-QC,4.17,36.07,99.07,98.83,hydroquebec.com,false,""
2025-07-07T14:00:00.000000,Canada,Québec,CA-QC,6.59,38.62,98.53,98.16,hydroquebec.com,false,""
2025-07-07T15:00:00.000000,Canada,Québec,CA-QC,6.53,38.22,98.54,98.18,hydroquebec.com,false,""
2025-07-07T16:00:00.000000,Canada,Québec,CA-QC,0.14,30.3,99.97,99.96,hydroquebec.com,false,""
2025-07-07T17:00:00.000000,Canada,Québec,CA-QC,0.0,29.99,100.0,100.0,hydroquebec.com,false,""
2025-07-07T18:00:00.000000,Canada,Québec,CA-QC,0.0,29.94,100.0,100.0,hydroquebec.com,false,""
2025-07-07T19:00:00.000000,Canada,Québec,CA-QC,0.0,29.88,100.0,100.0,hydroquebec.com,false,""
2025-07-07T20:00:00.000000,Canada,Québec,CA-QC,0.0,29.92,100.0,100.0,hydroquebec.com,false,""
2025-07-07T21:00:00.000000,Canada,Québec,CA-QC,0.0,29.91,100.0,100.0,hydroquebec.com,false,""
2025-07-07T22:00:00.000000,Canada,Québec,CA-QC,0.0,29.79,100.0,100.0,hydroquebec.com,false,""
2025-07-07T23:00:00.000000,Canada,Québec,CA-QC,0.0,29.83,100.0,100.0,hydroquebec.com,false,""
2025-07-08T00:00:00.000000,Canada,Québec,CA-QC,0.0,30.07,100.0,100.0,hydroquebec.com,false,""
2025-07-08T01:00:00.000000,Canada,Québec,CA-QC,0.0,30.42,100.0,100.0,hydroquebec.com,false,""
2025-07-08T02:00:00.000000,Canada,Québec,CA-QC,0.61,31.69,99.84,99.55,hydroquebec.com,false,""
2025-07-08T03:00:00.000000,Canada,Québec,CA-QC,11.68,45.69,97.2,94.87,hydroquebec.com,false,""
2025-07-08T04:00:00.000000,Canada,Québec,CA-QC,12.37,47.42,97.02,94.15,hydroquebec.com,false,""
2025-07-08T05:00:00.000000,Canada,Québec,CA-QC,11.17,46.24,97.37,94.93,hydroquebec.com,false,""
2025-07-08T06:00:00.000000,Canada,Québec,CA-QC,4.24,37.7,98.86,96.1,hydroquebec.com,false,""
2025-07-08T07:00:00.000000,Canada,Québec,CA-QC,3.27,36.51,99.12,96.75,hydroquebec.com,false,""
2025-07-08T08:00:00.000000,Canada,Québec,CA-QC,3.86,37.31,98.96,96.26,hydroquebec.com,false,""
2025-07-08T09:00:00.000000,Canada,Québec,CA-QC,8.86,42.93,97.73,93.65,hydroquebec.com,false,""
2025-07-08T10:00:00.000000,Canada,Québec,CA-QC,15.82,50.84,96.14,91.73,hydroquebec.com,false,""
2025-07-08T11:00:00.000000,Canada,Québec,CA-QC,15.73,50.4,96.16,92.24,hydroquebec.com,false,""
2025-07-08T12:00:00.000000,Canada,Québec,CA-QC,11.96,45.61,97.08,94.29,hydroquebec.com,false,""
2025-07-08T13:00:00.000000,Canada,Québec,CA-QC,12.37,45.83,97.03,94.54,hydroquebec.com,false,""
2025-07-08T14:00:00.000000,Canada,Québec,CA-QC,10.36,43.34,97.5,95.41,hydroquebec.com,false,""
2025-07-08T15:00:00.000000,Canada,Québec,CA-QC,1.46,32.58,99.61,99.0,hydroquebec.com,false,""
2025-07-08T16:00:00.000000,Canada,Québec,CA-QC,1.3,32.02,99.65,99.04,hydroquebec.com,false,""
2025-07-08T17:00:00.000000,Canada,Québec,CA-QC,1.85,32.33,99.5,98.67,hydroquebec.com,false,""
2025-07-08T18:00:00.000000,Canada,Québec,CA-QC,0.0,29.83,100.0,100.0,hydroquebec.com,false,""
2025-07-08T19:00:00.000000,Canada,Québec,CA-QC,0.27,29.99,99.93,99.81,hydroquebec.com,false,""
2025-07-08T20:00:00.000000,Canada,Québec,CA-QC,0.72,30.55,99.81,99.51,hydroquebec.com,false,""
2025-07-08T21:00:00.000000,Canada,Québec,CA-QC,0.0,29.66,100.0,100.0,hydroquebec.com,false,""
2025-07-08T22:00:00.000000,Canada,Québec,CA-QC,0.0,29.61,100.0,100.0,hydroquebec.com,false,""
2025-07-08T23:00:00.000000,Canada,Québec,CA-QC,0.0,29.65,100.0,100.0,hydroquebec.com,false,""
2025-07-09T00:00:00.000000,Canada,Québec,CA-QC,0.0,29.83,100.0,100.0,hydroquebec.com,false,""
2025-07-09T01:00:00.000000,Canada,Québec,CA-QC,0.0,30.26,100.0,100.0,hydroquebec.com,false,""
2025-07-09T02:00:00.000000,Canada,Québec,CA-QC,8.26,40.73,98.05,96.77,hydroquebec.com,false,""
2025-07-09T03:00:00.000000,Canada,Québec,CA-QC,11.42,45.42,97.23,94.61,hydroquebec.com,false,""
2025-07-09T04:00:00.000000,Canada,Québec,CA-QC,7.1,40.85,98.09,94.4,hydroquebec.com,false,""
2025-07-09T05:00:00.000000,Canada,Québec,CA-QC,5.94,39.76,98.39,94.79,hydroquebec.com,false,""
2025-07-09T06:00:00.000000,Canada,Québec,CA-QC,6.11,39.99,98.35,94.53,hydroquebec.com,false,""
2025-07-09T07:00:00.000000,Canada,Québec,CA-QC,4.79,38.61,98.71,95.92,hydroquebec.com,false,""
2025-07-09T08:00:00.000000,Canada,Québec,CA-QC,6.25,40.12,98.31,94.69,hydroquebec.com,false,""
2025-07-09T09:00:00.000000,Canada,Québec,CA-QC,6.81,40.9,98.16,94.65,hydroquebec.com,false,""
2025-07-09T10:00:00.000000,Canada,Québec,CA-QC,12.6,47.43,96.84,92.84,hydroquebec.com,false,""
2025-07-09T11:00:00.000000,Canada,Québec,CA-QC,13.19,47.82,96.9,94.65,hydroquebec.com,false,""
2025-07-09T12:00:00.000000,Canada,Québec,CA-QC,10.59,44.36,97.64,96.92,hydroquebec.com,false,""
2025-07-09T13:00:00.000000,Canada,Québec,CA-QC,6.62,39.26,98.53,98.1,hydroquebec.com,false,""
2025-07-09T14:00:00.000000,Canada,Québec,CA-QC,10.65,43.86,97.62,96.99,hydroquebec.com,false,""
2025-07-09T15:00:00.000000,Canada,Québec,CA-QC,10.74,43.8,97.6,97.0,hydroquebec.com,false,""
2025-07-09T16:00:00.000000,Canada,Québec,CA-QC,11.0,44.02,97.53,97.0,hydroquebec.com,false,""
2025-07-09T17:00:00.000000,Canada,Québec,CA-QC,11.0,43.97,97.53,97.02,hydroquebec.com,false,""
2025-07-09T18:00:00.000000,Canada,Québec,CA-QC,7.87,39.98,98.24,97.87,hydroquebec.com,false,""
2025-07-09T19:00:00.000000,Canada,Québec,CA-QC,1.29,31.8,99.71,99.65,hydroquebec.com,false,""
2025-07-09T20:00:00.000000,Canada,Québec,CA-QC,0.0,29.96,100.0,100.0,hydroquebec.com,false,""
2025-07-09T21:00:00.000000,Canada,Québec,CA-QC,0.0,29.72,100.0,100.0,hydroquebec.com,false,""
2025-07-09T22:00:00.000000,Canada,Québec,CA-QC,0.0,29.54,100.0,100.0,hydroquebec.com,false,""
2025-07-09T23:00:00.000000,Canada,Québec,CA-QC,0.0,29.65,100.0,100.0,hydroquebec.com,false,""
2025-07-10T00:00:00.000000,Canada,Québec,CA-QC,0.0,30.02,100.0,100.0,hydroquebec.com,false,""
2025-07-10T01:00:00.000000,Canada,Québec,CA-QC,0.38,30.92,99.91,99.89,hydroquebec.com,false,""
2025-07-10T02:00:00.000000,Canada,Québec,CA-QC,9.6,42.56,97.84,97.28,hydroquebec.com,false,""
2025-07-10T03:00:00.000000,Canada,Québec,CA-QC,13.69,48.17,96.8,94.87,hydroquebec.com,false,""
2025-07-10T04:00:00.000000,Canada,Québec,CA-QC,15.82,51.19,96.18,92.73,hydroquebec.com,false,""
2025-07-10T05:00:00.000000,Canada,Québec,CA-QC,18.01,54.15,95.62,91.11,hydroquebec.com,false,""
2025-07-10T06:00:00.000000,Canada,Québec,CA-QC,17.93,54.29,95.64,90.81,hydroquebec.com,false,""
2025-07-10T07:00:00.000000,Canada,Québec,CA-QC,13.44,49.1,96.63,92.0,hydroquebec.com,false,""
2025-07-10T08:00:00.000000,Canada,Québec,CA-QC,13.15,48.7,96.74,92.34,hydroquebec.com,false,""
2025-07-10T09:00:00.000000,Canada,Québec,CA-QC,16.98,53.1,95.85,90.99,hydroquebec.com,false,""
2025-07-10T10:00:00.000000,Canada,Québec,CA-QC,17.48,53.29,95.74,91.13,hydroquebec.com,false,""
2025-07-10T11:00:00.000000,Canada,Québec,CA-QC,14.45,49.09,96.54,93.32,hydroquebec.com,false,""
2025-07-10T12:00:00.000000,Canada,Québec,CA-QC,14.31,48.47,96.57,93.56,hydroquebec.com,false,""
2025-07-10T13:00:00.000000,Canada,Québec,CA-QC,14.1,48.3,96.67,94.34,hydroquebec.com,false,""
2025-07-10T14:00:00.000000,Canada,Québec,CA-QC,13.45,47.51,96.88,95.13,hydroquebec.com,false,""
2025-07-10T15:00:00.000000,Canada,Québec,CA-QC,11.29,44.75,97.49,96.8,hydroquebec.com,false,""
2025-07-10T16:00:00.000000,Canada,Québec,CA-QC,10.92,44.04,97.55,96.93,hydroquebec.com,false,""
2025-07-10T17:00:00.000000,Canada,Québec,CA-QC,7.4,39.58,98.33,97.92,hydroquebec.com,false,""
2025-07-10T18:00:00.000000,Canada,Québec,CA-QC,8.32,40.41,98.14,97.68,hydroquebec.com,false,""
2025-07-10T19:00:00.000000,Canada,Québec,CA-QC,0.18,30.44,99.96,99.95,hydroquebec.com,false,""
2025-07-10T20:00:00.000000,Canada,Québec,CA-QC,0.0,29.91,100.0,100.0,hydroquebec.com,false,""
2025-07-10T21:00:00.000000,Canada,Québec,CA-QC,0.0,29.77,100.0,100.0,hydroquebec.com,false,""
2025-07-10T22:00:00.000000,Canada,Québec,CA-QC,0.0,29.74,100.0,100.0,hydroquebec.com,false,""
2025-07-10T23:00:00.000000,Canada,Québec,CA-QC,0.0,29.89,100.0,100.0,hydroquebec.com,false,""
2025-07-11T00:00:00.000000,Canada,Québec,CA-QC,1.73,32.22,99.61,99.51,hydroquebec.com,false,""
2025-07-11T01:00:00.000000,Canada,Québec,CA-QC,6.54,38.24,98.51,98.15,hydroquebec.com,false,""
2025-07-11T02:00:00.000000,Canada,Québec,CA-QC,0.16,30.96,99.96,99.96,hydroquebec.com,false,""
2025-07-11T03:00:00.000000,Canada,Québec,CA-QC,4.35,36.39,99.02,98.73,hydroquebec.com,false,""
2025-07-11T04:00:00.000000,Canada,Québec,CA-QC,8.69,42.17,98.05,97.3,hydroquebec.com,false,""
2025-07-11T05:00:00.000000,Canada,Québec,CA-QC,12.8,47.45,96.93,94.11,hydroquebec.com,false,""
2025-07-11T06:00:00.000000,Canada,Québec,CA-QC,7.22,41.26,98.12,95.08,hydroquebec.com,false,""
2025-07-11T07:00:00.000000,Canada,Québec,CA-QC,3.12,36.63,99.19,97.7,hydroquebec.com,false,""
2025-07-11T08:00:00.000000,Canada,Québec,CA-QC,8.59,43.06,97.9,95.43,hydroquebec.com,false,""
2025-07-11T09:00:00.000000,Canada,Québec,CA-QC,8.34,42.72,97.75,93.96,hydroquebec.com,false,""
2025-07-11T10:00:00.000000,Canada,Québec,CA-QC,10.67,45.28,97.27,93.71,hydroquebec.com,false,""
2025-07-11T11:00:00.000000,Canada,Québec,CA-QC,16.92,52.33,95.92,92.43,hydroquebec.com,false,""
2025-07-11T12:00:00.000000,Canada,Québec,CA-QC,13.7,48.22,96.77,94.71,hydroquebec.com,false,""
2025-07-11T13:00:00.000000,Canada,Québec,CA-QC,13.41,47.51,96.88,95.38,hydroquebec.com,false,""
2025-07-11T14:00:00.000000,Canada,Québec,CA-QC,11.0,44.37,97.51,96.84,hydroquebec.com,false,""
2025-07-11T15:00:00.000000,Canada,Québec,CA-QC,9.96,42.73,97.74,97.16,hydroquebec.com,false,""
2025-07-11T16:00:00.000000,Canada,Québec,CA-QC,6.98,38.99,98.41,98.03,hydroquebec.com,false,""
2025-07-11T17:00:00.000000,Canada,Québec,CA-QC,6.62,38.47,98.51,98.15,hydroquebec.com,false,""
2025-07-11T18:00:00.000000,Canada,Québec,CA-QC,0.26,30.95,99.94,99.93,hydroquebec.com,false,""
2025-07-11T19:00:00.000000,Canada,Québec,CA-QC,0.0,30.57,100.0,100.0,hydroquebec.com,false,""
2025-07-11T20:00:00.000000,Canada,Québec,CA-QC,0.0,30.06,100.0,100.0,hydroquebec.com,false,""
2025-07-11T21:00:00.000000,Canada,Québec,CA-QC,0.0,29.64,100.0,100.0,hydroquebec.com,false,""
2025-07-11T22:00:00.000000,Canada,Québec,CA-QC,0.0,29.58,100.0,100.0,hydroquebec.com,false,""
2025-07-11T23:00:00.000000,Canada,Québec,CA-QC,0.0,29.73,100.0,100.0,hydroquebec.com,false,""
2025-07-12T00:00:00.000000,Canada,Québec,CA-QC,0.0,30.0,100.0,100.0,hydroquebec.com,false,""
2025-07-12T01:00:00.000000,Canada,Québec,CA-QC,0.38,30.87,99.9,99.75,hydroquebec.com,false,""
2025-07-12T02:00:00.000000,Canada,Québec,CA-QC,8.08,40.7,98.07,96.87,hydroquebec.com,false,""
2025-07-12T03:00:00.000000,Canada,Québec,CA-QC,11.74,45.65,97.14,94.48,hydroquebec.com,false,""
2025-07-12T04:00:00.000000,Canada,Québec,CA-QC,17.43,52.99,95.8,92.19,hydroquebec.com,false,""
2025-07-12T05:00:00.000000,Canada,Québec,CA-QC,10.89,45.57,97.22,93.26,hydroquebec.com,false,""
2025-07-12T06:00:00.000000,Canada,Québec,CA-QC,7.63,41.89,97.95,94.1,hydroquebec.com,false,""
2025-07-12T07:00:00.000000,Canada,Québec,CA-QC,5.8,39.91,98.48,95.66,hydroquebec.com,false,""
2025-07-12T08:00:00.000000,Canada,Québec,CA-QC,5.27,39.27,98.58,95.52,hydroquebec.com,false,""
2025-07-12T09:00:00.000000,Canada,Québec,CA-QC,6.35,40.53,98.29,94.56,hydroquebec.com,false,""
2025-07-12T10:00:00.000000,Canada,Québec,CA-QC,4.16,37.95,98.88,96.09,hydroquebec.com,false,""
2025-07-12T11:00:00.000000,Canada,Québec,CA-QC,12.36,47.11,96.97,92.66,hydroquebec.com,false,""
2025-07-12T12:00:00.000000,Canada,Québec,CA-QC,16.3,51.65,96.06,91.87,hydroquebec.com,false,""
2025-07-12T13:00:00.000000,Canada,Québec,CA-QC,16.04,51.08,96.14,92.76,hydroquebec.com,false,""
2025-07-12T14:00:00.000000,Canada,Québec,CA-QC,14.86,49.39,96.45,93.67,hydroquebec.com,false,""
2025-07-12T15:00:00.000000,Canada,Québec,CA-QC,13.1,47.13,96.96,95.24,hydroquebec.com,false,""
2025-07-12T16:00:00.000000,Canada,Québec,CA-QC,11.94,45.56,97.24,96.1,hydroquebec.com,false,""
2025-07-12T17:00:00.000000,Canada,Québec,CA-QC,12.42,45.89,97.09,95.41,hydroquebec.com,false,""
2025-07-12T18:00:00.000000,Canada,Québec,CA-QC,7.98,40.72,98.12,97.1,hydroquebec.com,false,""
2025-07-12T19:00:00.000000,Canada,Québec,CA-QC,5.67,37.94,98.71,98.38,hydroquebec.com,false,""
2025-07-12T20:00:00.000000,Canada,Québec,CA-QC,0.09,30.94,99.98,99.98,hydroquebec.com,false,""
2025-07-12T21:00:00.000000,Canada,Québec,CA-QC,0.0,30.47,100.0,100.0,hydroquebec.com,false,""
2025-07-12T22:00:00.000000,Canada,Québec,CA-QC,0.0,30.25,100.0,100.0,hydroquebec.com,false,""
2025-07-12T23:00:00.000000,Canada,Québec,CA-QC,0.0,30.29,100.0,100.0,hydroquebec.com,false,""
2025-07-13T00:00:00.000000,Canada,Québec,CA-QC,0.0,30.66,100.0,100.0,hydroquebec.com,false,""
2025-07-13T01:00:00.000000,Canada,Québec,CA-QC,6.46,38.73,98.52,98.16,hydroquebec.com,false,""
2025-07-13T02:00:00.000000,Canada,Québec,CA-QC,8.61,41.44,97.93,96.54,hydroquebec.com,false,""
2025-07-13T03:00:00.000000,Canada,Québec,CA-QC,13.12,47.07,96.83,94.33,hydroquebec.com,false,""
2025-07-13T04:00:00.000000,Canada,Québec,CA-QC,7.45,40.5,98.07,95.15,hydroquebec.com,false,""
2025-07-13T05:00:00.000000,Canada,Québec,CA-QC,6.32,39.43,98.37,95.88,hydroquebec.com,false,""
2025-07-13T06:00:00.000000,Canada,Québec,CA-QC,2.86,35.62,99.25,97.86,hydroquebec.com,false,""
2025-07-13T07:00:00.000000,Canada,Québec,CA-QC,2.21,34.81,99.4,98.04,hydroquebec.com,false,""
2025-07-13T08:00:00.000000,Canada,Québec,CA-QC,2.26,34.92,99.39,97.99,hydroquebec.com,false,""
2025-07-13T09:00:00.000000,Canada,Québec,CA-QC,2.28,35.0,99.38,97.92,hydroquebec.com,false,""
2025-07-13T10:00:00.000000,Canada,Québec,CA-QC,2.47,35.21,99.33,97.8,hydroquebec.com,false,""
2025-07-13T11:00:00.000000,Canada,Québec,CA-QC,5.19,38.03,98.63,96.1,hydroquebec.com,false,""
2025-07-13T12:00:00.000000,Canada,Québec,CA-QC,9.23,42.5,97.68,94.63,hydroquebec.com,false,""
2025-07-13T13:00:00.000000,Canada,Québec,CA-QC,14.07,48.04,96.64,93.73,hydroquebec.com,false,""
2025-07-13T14:00:00.000000,Canada,Québec,CA-QC,13.22,46.84,96.87,94.39,hydroquebec.com,false,""
2025-07-13T15:00:00.000000,Canada,Québec,CA-QC,11.9,45.19,97.21,95.49,hydroquebec.com,false,""
2025-07-13T16:00:00.000000,Canada,Québec,CA-QC,11.49,44.7,97.3,95.75,hydroquebec.com,false,""
2025-07-13T17:00:00.000000,Canada,Québec,CA-QC,11.89,45.15,97.19,95.5,hydroquebec.com,false,""
2025-07-13T18:00:00.000000,Canada,Québec,CA-QC,11.61,44.78,97.25,95.7,hydroquebec.com,false,""
2025-07-13T19:00:00.000000,Canada,Québec,CA-QC,7.03,39.41,98.39,97.98,hydroquebec.com,false,""
2025-07-13T20:00:00.000000,Canada,Québec,CA-QC,4.77,36.49,98.91,98.63,hydroquebec.com,false,""
2025-07-13T21:00:00.000000,Canada,Québec,CA-QC,0.0,30.47,100.0,100.0,hydroquebec.com,false,""
2025-07-13T22:00:00.000000,Canada,Québec,CA-QC,0.0,30.03,100.0,100.0,hydroquebec.com,false,""
2025-07-13T23:00:00.000000,Canada,Québec,CA-QC,0.0,29.71,100.0,100.0,hydroquebec.com,false,""
2025-07-14T00:00:00.000000,Canada,Québec,CA-QC,0.0,29.76,100.0,100.0,hydroquebec.com,false,""
2025-07-14T01:00:00.000000,Canada,Québec,CA-QC,0.34,30.5,99.92,99.9,hydroquebec.com,false,""
2025-07-14T02:00:00.000000,Canada,Québec,CA-QC,3.19,34.3,99.26,99.02,hydroquebec.com,false,""
2025-07-14T03:00:00.000000,Canada,Québec,CA-QC,1.97,33.22,99.47,98.57,hydroquebec.com,false,""
2025-07-14T04:00:00.000000,Canada,Québec,CA-QC,2.39,34.13,99.42,98.63,hydroquebec.com,false,""
2025-07-14T05:00:00.000000,Canada,Québec,CA-QC,2.87,34.92,99.23,97.59,hydroquebec.com,false,""
2025-07-14T06:00:00.000000,Canada,Québec,CA-QC,2.19,34.41,99.41,98.02,hydroquebec.com,false,""
2025-07-14T07:00:00.000000,Canada,Québec,CA-QC,2.21,34.6,99.4,98.01,hydroquebec.com,false,""
2025-07-14T08:00:00.000000,Canada,Québec,CA-QC,2.38,34.89,99.36,97.92,hydroquebec.com,false,""
2025-07-14T09:00:00.000000,Canada,Québec,CA-QC,4.2,37.0,98.86,96.59,hydroquebec.com,false,""
2025-07-14T10:00:00.000000,Canada,Québec,CA-QC,6.91,39.95,98.21,95.2,hydroquebec.com,false,""
2025-07-14T11:00:00.000000,Canada,Québec,CA-QC,11.91,45.73,97.2,95.12,hydroquebec.com,false,""
2025-07-14T12:00:00.000000,Canada,Québec,CA-QC,10.25,43.55,97.64,96.39,hydroquebec.com,false,""
2025-07-14T13:00:00.000000,Canada,Québec,CA-QC,9.1,41.92,97.95,97.41,hydroquebec.com,false,""
2025-07-14T14:00:00.000000,Canada,Québec,CA-QC,7.13,39.23,98.4,98.0,hydroquebec.com,false,""
2025-07-14T15:00:00.000000,Canada,Québec,CA-QC,5.67,37.28,98.72,98.41,hydroquebec.com,false,""
2025-07-14T16:00:00.000000,Canada,Québec,CA-QC,1.33,31.9,99.66,99.17,hydroquebec.com,false,""
2025-07-14T17:00:00.000000,Canada,Québec,CA-QC,0.0,30.06,100.0,100.0,hydroquebec.com,false,""
2025-07-14T18:00:00.000000,Canada,Québec,CA-QC,0.01,29.93,100.0,99.99,hydroquebec.com,false,""
2025-07-14T19:00:00.000000,Canada,Québec,CA-QC,1.64,31.88,99.57,98.95,hydroquebec.com,false,""
2025-07-14T20:00:00.000000,Canada,Québec,CA-QC,1.29,31.5,99.66,99.17,hydroquebec.com,false,""
2025-07-14T21:00:00.000000,Canada,Québec,CA-QC,0.0,30.02,100.0,100.0,hydroquebec.com,false,""
2025-07-14T22:00:00.000000,Canada,Québec,CA-QC,0.0,30.01,100.0,100.0,hydroquebec.com,false,""
2025-07-14T23:00:00.000000,Canada,Québec,CA-QC,0.0,29.85,100.0,100.0,hydroquebec.com,false,""
2025-07-15T00:00:00.000000,Canada,Québec,CA-QC,0.0,29.65,100.0,100.0,hydroquebec.com,false,""
2025-07-15T01:00:00.000000,Canada,Québec,CA-QC,0.0,29.76,100.0,100.0,hydroquebec.com,false,""
2025-07-15T02:00:00.000000,Canada,Québec,CA-QC,4.18,35.32,99.01,98.43,hydroquebec.com,false,""
2025-07-15T03:00:00.000000,Canada,Québec,CA-QC,3.92,35.53,98.96,97.26,hydroquebec.com,false,""
2025-07-15T04:00:00.000000,Canada,Québec,CA-QC,2.74,34.44,99.27,97.98,hydroquebec.com,false,""
2025-07-15T05:00:00.000000,Canada,Québec,CA-QC,5.73,38.11,98.46,95.37,hydroquebec.com,false,""
2025-07-15T06:00:00.000000,Canada,Québec,CA-QC,6.81,39.77,98.16,94.43,hydroquebec.com,false,""
2025-07-15T07:00:00.000000,Canada,Québec,CA-QC,6.4,39.27,98.27,94.31,hydroquebec.com,false,""
2025-07-15T08:00:00.000000,Canada,Québec,CA-QC,6.33,39.16,98.29,94.3,hydroquebec.com,false,""
2025-07-15T09:00:00.000000,Canada,Québec,CA-QC,9.35,42.77,97.62,93.39,hydroquebec.com,false,""
2025-07-15T10:00:00.000000,Canada,Québec,CA-QC,15.91,50.57,96.14,91.66,hydroquebec.com,false,""
2025-07-15T11:00:00.000000,Canada,Québec,CA-QC,15.11,49.37,96.34,92.46,hydroquebec.com,false,""
2025-07-15T12:00:00.000000,Canada,Québec,CA-QC,12.1,45.7,97.13,94.8,hydroquebec.com,false,""
2025-07-15T13:00:00.000000,Canada,Québec,CA-QC,7.97,40.62,98.14,97.02,hydroquebec.com,false,""
2025-07-15T14:00:00.000000,Canada,Québec,CA-QC,7.8,39.95,98.25,97.56,hydroquebec.com,false,""
2025-07-15T15:00:00.000000,Canada,Québec,CA-QC,5.3,36.71,98.81,98.53,hydroquebec.com,false,""
2025-07-15T16:00:00.000000,Canada,Québec,CA-QC,0.0,29.91,100.0,100.0,hydroquebec.com,false,""
2025-07-15T17:00:00.000000,Canada,Québec,CA-QC,0.5,30.01,99.87,99.66,hydroquebec.com,false,""
2025-07-15T18:00:00.000000,Canada,Québec,CA-QC,1.08,30.53,99.71,99.29,hydroquebec.com,false,""
2025-07-15T19:00:00.000000,Canada,Québec,CA-QC,1.13,30.58,99.7,99.29,hydroquebec.com,false,""
2025-07-15T20:00:00.000000,Canada,Québec,CA-QC,1.2,30.71,99.68,99.27,hydroquebec.com,false,""
2025-07-15T21:00:00.000000,Canada,Québec,CA-QC,1.59,31.14,99.59,99.07,hydroquebec.com,false,""
2025-07-15T22:00:00.000000,Canada,Québec,CA-QC,1.57,31.18,99.6,99.09,hydroquebec.com,false,""
2025-07-15T23:00:00.000000,Canada,Québec,CA-QC,0.54,30.16,99.86,99.67,hydroquebec.com,false,""
2025-07-16T00:00:00.000000,Canada,Québec,CA-QC,0.32,29.93,99.91,99.8,hydroquebec.com,false,""
2025-07-16T01:00:00.000000,Canada,Québec,CA-QC,0.3,29.89,99.92,99.81,hydroquebec.com,false,""
2025-07-16T02:00:00.000000,Canada,Québec,CA-QC,0.31,30.18,99.92,99.8,hydroquebec.com,false,""
2025-07-16T03:00:00.000000,Canada,Québec,CA-QC,5.61,37.09,98.63,97.37,hydroquebec.com,false,""
2025-07-16T04:00:00.000000,Canada,Québec,CA-QC,6.11,38.02,98.39,95.72,hydroquebec.com,false,""
2025-07-16T05:00:00.000000,Canada,Québec,CA-QC,12.57,45.87,96.97,93.46,hydroquebec.com,false,""
2025-07-16T06:00:00.000000,Canada,Québec,CA-QC,13.86,47.85,96.67,92.68,hydroquebec.com,false,""
2025-07-16T07:00:00.000000,Canada,Québec,CA-QC,6.46,39.23,98.3,94.53,hydroquebec.com,false,""
2025-07-16T08:00:00.000000,Canada,Québec,CA-QC,6.91,39.69,98.19,94.32,hydroquebec.com,false,""
2025-07-16T09:00:00.000000,Canada,Québec,CA-QC,10.03,43.31,97.5,93.46,hydroquebec.com,false,""
2025-07-16T10:00:00.000000,Canada,Québec,CA-QC,11.92,45.18,97.07,93.25,hydroquebec.com,false,""
2025-07-16T11:00:00.000000,Canada,Québec,CA-QC,9.22,41.53,97.8,95.66,hydroquebec.com,false,""
2025-07-16T12:00:00.000000,Canada,Québec,CA-QC,1.21,31.79,99.72,99.59,hydroquebec.com,false,""
2025-07-16T13:00:00.000000,Canada,Québec,CA-QC,0.0,30.01,100.0,100.0,hydroquebec.com,false,""
2025-07-16T14:00:00.000000,Canada,Québec,CA-QC,0.0,29.65,100.0,100.0,hydroquebec.com,false,""
2025-07-16T15:00:00.000000,Canada,Québec,CA-QC,0.05,29.45,99.99,99.97,hydroquebec.com,false,""
2025-07-16T16:00:00.000000,Canada,Québec,CA-QC,0.0,29.29,100.0,100.0,hydroquebec.com,false,""
2025-07-16T17:00:00.000000,Canada,Québec,CA-QC,0.0,29.16,100.0,100.0,hydroquebec.com,false,""
2025-07-16T18:00:00.000000,Canada,Québec,CA-QC,0.0,28.94,100.0,100.0,hydroquebec.com,false,""
2025-07-16T19:00:00.000000,Canada,Québec,CA-QC,0.07,28.99,99.98,99.96,hydroquebec.com,false,""
2025-07-16T20:00:00.000000,Canada,Québec,CA-QC,1.9,31.26,99.51,98.89,hydroquebec.com,false,""
2025-07-16T21:00:00.000000,Canada,Québec,CA-QC,0.16,29.33,99.96,99.9,hydroquebec.com,false,""
2025-07-16T22:00:00.000000,Canada,Québec,CA-QC,2.63,32.2,99.3,98.46,hydroquebec.com,false,""
2025-07-16T23:00:00.000000,Canada,Québec,CA-QC,2.84,32.54,99.24,98.34,hydroquebec.com,false,""
2025-07-17T00:00:00.000000,Canada,Québec,CA-QC,1.21,30.72,99.69,99.3,hydroquebec.com,false,""
2025-07-17T01:00:00.000000,Canada,Québec,CA-QC,0.06,29.38,99.99,99.97,hydroquebec.com,false,""
2025-07-17T02:00:00.000000,Canada,Québec,CA-QC,1.53,31.14,99.6,99.04,hydroquebec.com,false,""
2025-07-17T03:00:00.000000,Canada,Québec,CA-QC,2.29,32.29,99.42,98.51,hydroquebec.com,false,""
2025-07-17T04:00:00.000000,Canada,Québec,CA-QC,3.93,34.51,98.99,97.31,hydroquebec.com,false,""
2025-07-17T05:00:00.000000,Canada,Québec,CA-QC,4.06,34.85,98.93,97.06,hydroquebec.com,false,""
2025-07-17T06:00:00.000000,Canada,Québec,CA-QC,5.64,36.76,98.48,95.69,hydroquebec.com,false,""
2025-07-17T07:00:00.000000,Canada,Québec,CA-QC,11.13,43.48,97.25,93.99,hydroquebec.com,false,""
2025-07-17T08:00:00.000000,Canada,Québec,CA-QC,13.6,46.63,96.71,93.17,hydroquebec.com,false,""
2025-07-17T09:00:00.000000,Canada,Québec,CA-QC,6.28,38.12,98.36,95.34,hydroquebec.com,false,""
2025-07-17T10:00:00.000000,Canada,Québec,CA-QC,5.0,36.43,98.65,95.94,hydroquebec.com,false,""
2025-07-17T11:00:00.000000,Canada,Québec,CA-QC,8.55,40.43,97.89,95.38,hydroquebec.com,false,""
2025-07-17T12:00:00.000000,Canada,Québec,CA-QC,2.86,33.64,99.23,97.95,hydroquebec.com,false,""
2025-07-17T13:00:00.000000,Canada,Québec,CA-QC,1.23,31.5,99.67,99.03,hydroquebec.com,false,""
2025-07-17T14:00:00.000000,Canada,Québec,CA-QC,3.04,33.42,99.22,98.09,hydroquebec.com,false,""
2025-07-17T15:00:00.000000,Canada,Québec,CA-QC,2.42,32.64,99.4,98.73,hydroquebec.com,false,""
2025-07-17T16:00:00.000000,Canada,Québec,CA-QC,0.85,30.65,99.78,99.42,hydroquebec.com,false,""
2025-07-17T17:00:00.000000,Canada,Québec,CA-QC,1.51,31.17,99.61,99.05,hydroquebec.com,false,""
2025-07-17T18:00:00.000000,Canada,Québec,CA-QC,1.16,30.46,99.69,99.18,hydroquebec.com,false,""
2025-07-17T19:00:00.000000,Canada,Québec,CA-QC,0.01,28.88,100.0,99.99,hydroquebec.com,false,""
2025-07-17T20:00:00.000000,Canada,Québec,CA-QC,0.0,28.63,100.0,100.0,hydroquebec.com,false,""
2025-07-17T21:00:00.000000,Canada,Québec,CA-QC,0.0,28.45,100.0,100.0,hydroquebec.com,false,""
2025-07-17T22:00:00.000000,Canada,Québec,CA-QC,0.0,28.2,100.0,100.0,hydroquebec.com,false,""
2025-07-17T23:00:00.000000,Canada,Québec,CA-QC,0.02,28.14,99.99,99.98,hydroquebec.com,false,""
2025-07-18T00:00:00.000000,Canada,Québec,CA-QC,1.69,30.13,99.54,98.51,hydroquebec.com,false,""
2025-07-18T01:00:00.000000,Canada,Québec,CA-QC,3.2,31.97,99.13,97.32,hydroquebec.com,false,""
2025-07-18T02:00:00.000000,Canada,Québec,CA-QC,3.23,32.03,99.13,97.02,hydroquebec.com,false,""
2025-07-18T03:00:00.000000,Canada,Québec,CA-QC,3.36,32.42,99.09,96.52,hydroquebec.com,false,""
2025-07-18T04:00:00.000000,Canada,Québec,CA-QC,4.09,33.55,98.93,95.59,hydroquebec.com,false,""
2025-07-18T05:00:00.000000,Canada,Québec,CA-QC,6.75,36.94,98.37,94.7,hydroquebec.com,false,""
2025-07-18T06:00:00.000000,Canada,Québec,CA-QC,3.73,33.48,99.08,95.15,hydroquebec.com,false,""
2025-07-18T07:00:00.000000,Canada,Québec,CA-QC,2.21,32.22,99.44,96.72,hydroquebec.com,false,""
2025-07-18T08:00:00.000000,Canada,Québec,CA-QC,1.7,31.57,99.54,96.66,hydroquebec.com,false,""
2025-07-18T09:00:00.000000,Canada,Québec,CA-QC,2.5,32.31,99.32,95.89,hydroquebec.com,false,""
2025-07-18T10:00:00.000000,Canada,Québec,CA-QC,10.19,41.2,97.58,93.61,hydroquebec.com,false,""
2025-07-18T11:00:00.000000,Canada,Québec,CA-QC,18.77,51.26,95.62,91.29,hydroquebec.com,false,""
2025-07-18T12:00:00.000000,Canada,Québec,CA-QC,19.41,52.08,95.43,91.27,hydroquebec.com,false,""
2025-07-18T13:00:00.000000,Canada,Québec,CA-QC,16.11,48.11,96.15,92.39,hydroquebec.com,false,""
2025-07-18T14:00:00.000000,Canada,Québec,CA-QC,15.54,47.58,96.25,92.49,hydroquebec.com,false,""
2025-07-18T15:00:00.000000,Canada,Québec,CA-QC,17.45,50.13,95.79,91.81,hydroquebec.com,false,""
2025-07-18T16:00:00.000000,Canada,Québec,CA-QC,17.89,50.68,95.68,91.75,hydroquebec.com,false,""
2025-07-18T17:00:00.000000,Canada,Québec,CA-QC,16.8,49.3,95.9,92.12,hydroquebec.com,false,""
2025-07-18T18:00:00.000000,Canada,Québec,CA-QC,14.15,46.12,96.63,94.14,hydroquebec.com,false,""
2025-07-18T19:00:00.000000,Canada,Québec,CA-QC,13.83,45.65,96.7,94.2,hydroquebec.com,false,""
2025-07-18T20:00:00.000000,Canada,Québec,CA-QC,10.34,41.33,97.44,94.5,hydroquebec.com,false,""
2025-07-18T21:00:00.000000,Canada,Québec,CA-QC,2.44,31.91,99.35,98.18,hydroquebec.com,false,""
2025-07-18T22:00:00.000000,Canada,Québec,CA-QC,1.19,30.37,99.68,99.09,hydroquebec.com,false,""
2025-07-18T23:00:00.000000,Canada,Québec,CA-QC,8.78,39.65,97.95,96.99,hydroquebec.com,false,""
2025-07-19T00:00:00.000000,Canada,Québec,CA-QC,9.72,40.95,97.68,95.97,hydroquebec.com,false,""
2025-07-19T01:00:00.000000,Canada,Québec,CA-QC,17.59,50.45,95.85,93.0,hydroquebec.com,false,""
2025-07-19T02:00:00.000000,Canada,Québec,CA-QC,13.77,46.01,96.73,93.87,hydroquebec.com,false,""
2025-07-19T03:00:00.000000,Canada,Québec,CA-QC,7.47,38.71,98.27,96.76,hydroquebec.com,false,""
2025-07-19T04:00:00.000000,Canada,Québec,CA-QC,2.71,32.9,99.27,96.92,hydroquebec.com,false,""
2025-07-19T05:00:00.000000,Canada,Québec,CA-QC,0.86,31.12,99.77,98.65,hydroquebec.com,false,""
2025-07-19T06:00:00.000000,Canada,Québec,CA-QC,0.05,30.53,99.99,99.92,hydroquebec.com,false,""
2025-07-19T07:00:00.000000,Canada,Québec,CA-QC,0.77,31.36,99.79,98.83,hydroquebec.com,false,""
2025-07-19T08:00:00.000000,Canada,Québec,CA-QC,1.39,32.16,99.62,97.78,hydroquebec.com,false,""
2025-07-19T09:00:00.000000,Canada,Québec,CA-QC,2.45,33.42,99.34,96.24,hydroquebec.com,false,""
2025-07-19T10:00:00.000000,Canada,Québec,CA-QC,2.55,33.85,99.31,96.32,hydroquebec.com,false,""
2025-07-19T11:00:00.000000,Canada,Québec,CA-QC,8.55,40.88,97.95,94.34,hydroquebec.com,false,""
2025-07-19T12:00:00.000000,Canada,Québec,CA-QC,17.68,51.51,95.84,90.87,hydroquebec.com,false,""
2025-07-19T13:00:00.000000,Canada,Québec,CA-QC,18.29,52.24,95.68,90.84,hydroquebec.com,false,""
2025-07-19T14:00:00.000000,Canada,Québec,CA-QC,18.38,52.34,95.59,91.11,hydroquebec.com,false,""
2025-07-19T15:00:00.000000,Canada,Québec,CA-QC,18.34,52.12,95.58,91.32,hydroquebec.com,false,""
2025-07-19T16:00:00.000000,Canada,Québec,CA-QC,17.72,51.25,95.74,92.09,hydroquebec.com,false,""
2025-07-19T17:00:00.000000,Canada,Québec,CA-QC,18.08,51.6,95.65,91.89,hydroquebec.com,false,""
2025-07-19T18:00:00.000000,Canada,Québec,CA-QC,18.24,51.85,95.61,91.83,hydroquebec.com,false,""
2025-07-19T19:00:00.000000,Canada,Québec,CA-QC,18.24,51.89,95.64,92.16,hydroquebec.com,false,""
2025-07-19T20:00:00.000000,Canada,Québec,CA-QC,17.24,50.66,95.93,93.21,hydroquebec.com,false,""
2025-07-19T21:00:00.000000,Canada,Québec,CA-QC,16.22,49.33,96.23,93.97,hydroquebec.com,false,""
2025-07-19T22:00:00.000000,Canada,Québec,CA-QC,13.52,46.06,96.86,95.01,hydroquebec.com,false,""
2025-07-19T23:00:00.000000,Canada,Québec,CA-QC,13.77,46.45,96.79,94.78,hydroquebec.com,false,""
2025-07-20T00:00:00.000000,Canada,Québec,CA-QC,16.38,49.75,96.06,92.72,hydroquebec.com,false,""
2025-07-20T01:00:00.000000,Canada,Québec,CA-QC,17.72,51.58,95.73,92.18,hydroquebec.com,false,""
2025-07-20T02:00:00.000000,Canada,Québec,CA-QC,14.47,47.89,96.47,93.1,hydroquebec.com,false,""
2025-07-20T03:00:00.000000,Canada,Québec,CA-QC,8.93,41.63,97.68,94.18,hydroquebec.com,false,""
2025-07-20T04:00:00.000000,Canada,Québec,CA-QC,6.11,38.52,98.35,94.62,hydroquebec.com,false,""
2025-07-20T05:00:00.000000,Canada,Québec,CA-QC,3.94,36.11,98.94,95.71,hydroquebec.com,false,""
2025-07-20T06:00:00.000000,Canada,Québec,CA-QC,2.89,35.06,99.22,96.53,hydroquebec.com,false,""
2025-07-20T07:00:00.000000,Canada,Québec,CA-QC,3.26,35.62,99.13,96.01,hydroquebec.com,false,""
2025-07-20T08:00:00.000000,Canada,Québec,CA-QC,3.55,36.21,99.04,95.72,hydroquebec.com,false,""
2025-07-20T09:00:00.000000,Canada,Québec,CA-QC,2.74,35.44,99.26,96.43,hydroquebec.com,false,""
2025-07-20T10:00:00.000000,Canada,Québec,CA-QC,5.75,38.98,98.62,95.85,hydroquebec.com,false,""
2025-07-20T11:00:00.000000,Canada,Québec,CA-QC,0.85,33.09,99.77,98.82,hydroquebec.com,false,""
2025-07-20T12:00:00.000000,Canada,Québec,CA-QC,1.23,32.97,99.67,98.54,hydroquebec.com,false,""
2025-07-20T13:00:00.000000,Canada,Québec,CA-QC,2.13,33.83,99.42,98.0,hydroquebec.com,false,""
2025-07-20T14:00:00.000000,Canada,Québec,CA-QC,2.48,34.08,99.33,97.8,hydroquebec.com,false,""
2025-07-20T15:00:00.000000,Canada,Québec,CA-QC,4.93,36.81,98.67,96.26,hydroquebec.com,false,""
2025-07-20T16:00:00.000000,Canada,Québec,CA-QC,3.0,34.65,99.19,97.81,hydroquebec.com,false,""
2025-07-20T17:00:00.000000,Canada,Québec,CA-QC,3.46,35.35,99.07,97.55,hydroquebec.com,false,""
2025-07-20T18:00:00.000000,Canada,Québec,CA-QC,1.56,33.45,99.58,98.89,hydroquebec.com,false,""
2025-07-20T19:00:00.000000,Canada,Québec,CA-QC,2.51,34.45,99.32,98.25,hydroquebec.com,false,""
2025-07-20T20:00:00.000000,Canada,Québec,CA-QC,4.45,36.49,98.8,96.93,hydroquebec.com,false,""
2025-07-20T21:00:00.000000,Canada,Québec,CA-QC,3.38,34.96,99.09,97.69,hydroquebec.com,false,""
2025-07-20T22:00:00.000000,Canada,Québec,CA-QC,2.32,33.47,99.37,98.38,hydroquebec.com,false,""
2025-07-20T23:00:00.000000,Canada,Québec,CA-QC,2.07,33.22,99.44,98.57,hydroquebec.com,false,""
2025-07-21T00:00:00.000000,Canada,Québec,CA-QC,4.17,35.9,98.94,97.75,hydroquebec.com,false,""
2025-07-21T01:00:00.000000,Canada,Québec,CA-QC,15.34,49.45,96.38,94.06,hydroquebec.com,false,""
2025-07-21T02:00:00.000000,Canada,Québec,CA-QC,13.21,47.37,96.76,93.89,hydroquebec.com,false,""
2025-07-21T03:00:00.000000,Canada,Québec,CA-QC,11.85,46.11,97.08,93.87,hydroquebec.com,false,""
2025-07-21T04:00:00.000000,Canada,Québec,CA-QC,8.32,42.11,97.9,94.28,hydroquebec.com,false,""
2025-07-21T05:00:00.000000,Canada,Québec,CA-QC,1.9,34.8,99.49,97.61,hydroquebec.com,false,""
2025-07-21T06:00:00.000000,Canada,Québec,CA-QC,1.73,34.35,99.53,97.48,hydroquebec.com,false,""
2025-07-21T07:00:00.000000,Canada,Québec,CA-QC,1.64,34.18,99.56,97.52,hydroquebec.com,false,""
2025-07-21T08:00:00.000000,Canada,Québec,CA-QC,1.72,34.17,99.53,97.35,hydroquebec.com,false,""
2025-07-21T09:00:00.000000,Canada,Québec,CA-QC,3.14,35.38,99.15,95.37,hydroquebec.com,false,""
2025-07-21T10:00:00.000000,Canada,Québec,CA-QC,3.74,35.92,98.99,95.17,hydroquebec.com,false,""
2025-07-21T11:00:00.000000,Canada,Québec,CA-QC,11.96,45.4,97.12,92.96,hydroquebec.com,false,""
2025-07-21T12:00:00.000000,Canada,Québec,CA-QC,11.56,45.05,97.3,94.84,hydroquebec.com,false,""
2025-07-21T13:00:00.000000,Canada,Québec,CA-QC,10.62,43.59,97.49,95.24,hydroquebec.com,false,""
2025-07-21T14:00:00.000000,Canada,Québec,CA-QC,11.45,44.36,97.28,95.05,hydroquebec.com,false,""
2025-07-21T15:00:00.000000,Canada,Québec,CA-QC,12.17,45.05,97.12,94.86,hydroquebec.com,false,""
2025-07-21T16:00:00.000000,Canada,Québec,CA-QC,10.46,42.97,97.48,95.43,hydroquebec.com,false,""
2025-07-21T17:00:00.000000,Canada,Québec,CA-QC,12.46,45.29,96.9,93.74,hydroquebec.com,false,""
2025-07-21T18:00:00.000000,Canada,Québec,CA-QC,8.41,40.72,97.87,95.44,hydroquebec.com,false,""
2025-07-21T19:00:00.000000,Canada,Québec,CA-QC,8.34,40.6,97.89,95.42,hydroquebec.com,false,""
2025-07-21T20:00:00.000000,Canada,Québec,CA-QC,5.81,37.51,98.49,96.46,hydroquebec.com,false,""
2025-07-21T21:00:00.000000,Canada,Québec,CA-QC,4.51,35.82,98.78,96.77,hydroquebec.com,false,""
2025-07-21T22:00:00.000000,Canada,Québec,CA-QC,9.95,42.42,97.56,95.44,hydroquebec.com,false,""
2025-07-21T23:00:00.000000,Canada,Québec,CA-QC,2.65,33.88,99.3,98.24,hydroquebec.com,false,""
2025-07-22T00:00:00.000000,Canada,Québec,CA-QC,4.11,35.5,98.92,97.35,hydroquebec.com,false,""
2025-07-22T01:00:00.000000,Canada,Québec,CA-QC,9.48,41.93,97.58,94.52,hydroquebec.com,false,""
2025-07-22T02:00:00.000000,Canada,Québec,CA-QC,8.18,40.76,97.94,95.27,hydroquebec.com,false,""
2025-07-22T03:00:00.000000,Canada,Québec,CA-QC,3.1,35.05,99.17,97.01,hydroquebec.com,false,""
2025-07-22T04:00:00.000000,Canada,Québec,CA-QC,2.83,35.04,99.23,96.71,hydroquebec.com,false,""
2025-07-22T05:00:00.000000,Canada,Québec,CA-QC,1.63,34.16,99.56,97.62,hydroquebec.com,false,""
2025-07-22T06:00:00.000000,Canada,Québec,CA-QC,1.62,34.31,99.56,97.5,hydroquebec.com,false,""
2025-07-22T07:00:00.000000,Canada,Québec,CA-QC,1.2,34.09,99.68,98.08,hydroquebec.com,false,""
2025-07-22T08:00:00.000000,Canada,Québec,CA-QC,1.97,34.86,99.47,97.1,hydroquebec.com,false,""
2025-07-22T09:00:00.000000,Canada,Québec,CA-QC,3.27,36.22,99.12,95.35,hydroquebec.com,false,""
2025-07-22T10:00:00.000000,Canada,Québec,CA-QC,12.91,47.91,97.09,94.52,hydroquebec.com,false,""
2025-07-22T11:00:00.000000,Canada,Québec,CA-QC,17.07,52.14,96.07,91.94,hydroquebec.com,false,""
2025-07-22T12:00:00.000000,Canada,Québec,CA-QC,18.81,54.13,95.58,90.94,hydroquebec.com,false,""
2025-07-22T13:00:00.000000,Canada,Québec,CA-QC,20.74,56.42,95.08,90.6,hydroquebec.com,false,""
2025-07-22T14:00:00.000000,Canada,Québec,CA-QC,22.27,58.17,94.71,90.29,hydroquebec.com,false,""
2025-07-22T15:00:00.000000,Canada,Québec,CA-QC,22.33,58.14,94.68,90.48,hydroquebec.com,false,""
2025-07-22T16:00:00.000000,Canada,Québec,CA-QC,22.49,58.22,94.63,90.56,hydroquebec.com,false,""
2025-07-22T17:00:00.000000,Canada,Québec,CA-QC,22.92,58.81,94.53,90.52,hydroquebec.com,false,""
2025-07-22T18:00:00.000000,Canada,Québec,CA-QC,22.66,58.61,94.6,90.71,hydroquebec.com,false,""
2025-07-22T19:00:00.000000,Canada,Québec,CA-QC,22.33,58.27,94.69,91.12,hydroquebec.com,false,""
2025-07-22T20:00:00.000000,Canada,Québec,CA-QC,21.16,56.86,95.0,91.98,hydroquebec.com,false,""
2025-07-22T21:00:00.000000,Canada,Québec,CA-QC,19.63,54.88,95.4,93.06,hydroquebec.com,false,""
2025-07-22T22:00:00.000000,Canada,Québec,CA-QC,17.39,52.22,96.0,94.58,hydroquebec.com,false,""
2025-07-22T23:00:00.000000,Canada,Québec,CA-QC,17.15,52.07,96.08,94.82,hydroquebec.com,false,""
2025-07-23T00:00:00.000000,Canada,Québec,CA-QC,19.9,55.42,95.34,93.01,hydroquebec.com,false,""
2025-07-23T01:00:00.000000,Canada,Québec,CA-QC,20.43,56.24,95.15,92.28,hydroquebec.com,false,""
2025-07-23T02:00:00.000000,Canada,Québec,CA-QC,12.86,47.4,96.77,93.24,hydroquebec.com,false,""
2025-07-23T03:00:00.000000,Canada,Québec,CA-QC,9.81,44.19,97.52,94.19,hydroquebec.com,false,""
2025-07-23T04:00:00.000000,Canada,Québec,CA-QC,10.99,45.82,97.25,92.92,hydroquebec.com,false,""
2025-07-23T05:00:00.000000,Canada,Québec,CA-QC,4.57,38.59,98.78,95.38,hydroquebec.com,false,""
2025-07-23T06:00:00.000000,Canada,Québec,CA-QC,3.26,37.04,99.12,96.46,hydroquebec.com,false,""
2025-07-23T07:00:00.000000,Canada,Québec,CA-QC,2.91,36.76,99.22,97.0,hydroquebec.com,false,""
2025-07-23T08:00:00.000000,Canada,Québec,CA-QC,4.12,38.01,98.9,95.56,hydroquebec.com,false,""
2025-07-23T09:00:00.000000,Canada,Québec,CA-QC,14.7,50.74,96.71,94.48,hydroquebec.com,false,""
2025-07-23T10:00:00.000000,Canada,Québec,CA-QC,15.25,50.97,96.64,95.1,hydroquebec.com,false,""
2025-07-23T11:00:00.000000,Canada,Québec,CA-QC,15.56,50.55,96.57,95.09,hydroquebec.com,false,""
2025-07-23T12:00:00.000000,Canada,Québec,CA-QC,14.83,49.22,96.74,95.43,hydroquebec.com,false,""
2025-07-23T13:00:00.000000,Canada,Québec,CA-QC,14.5,48.58,96.81,95.63,hydroquebec.com,false,""
2025-07-23T14:00:00.000000,Canada,Québec,CA-QC,14.03,47.92,96.9,95.72,hydroquebec.com,false,""
2025-07-23T15:00:00.000000,Canada,Québec,CA-QC,14.04,47.85,96.89,95.75,hydroquebec.com,false,""
2025-07-23T16:00:00.000000,Canada,Québec,CA-QC,14.3,48.1,96.84,95.77,hydroquebec.com,false,""
2025-07-23T17:00:00.000000,Canada,Québec,CA-QC,14.52,48.28,96.77,95.77,hydroquebec.com,false,""
2025-07-23T18:00:00.000000,Canada,Québec,CA-QC,14.37,47.94,96.79,95.84,hydroquebec.com,false,""
2025-07-23T19:00:00.000000,Canada,Québec,CA-QC,14.66,48.28,96.71,95.8,hydroquebec.com,false,""
2025-07-23T20:00:00.000000,Canada,Québec,CA-QC,14.92,48.53,96.65,95.8,hydroquebec.com,false,""
2025-07-23T21:00:00.000000,Canada,Québec,CA-QC,12.67,45.57,97.14,96.45,hydroquebec.com,false,""
2025-07-23T22:00:00.000000,Canada,Québec,CA-QC,6.52,38.03,98.52,98.17,hydroquebec.com,false,""
2025-07-23T23:00:00.000000,Canada,Québec,CA-QC,7.92,39.7,98.2,97.78,hydroquebec.com,false,""
2025-07-24T00:00:00.000000,Canada,Québec,CA-QC,12.81,45.59,97.08,96.37,hydroquebec.com,false,""
2025-07-24T01:00:00.000000,Canada,Québec,CA-QC,14.84,48.05,96.63,95.75,hydroquebec.com,false,""
2025-07-24T02:00:00.000000,Canada,Québec,CA-QC,15.11,48.53,96.57,95.55,hydroquebec.com,false,""
2025-07-24T03:00:00.000000,Canada,Québec,CA-QC,15.27,48.9,96.56,95.36,hydroquebec.com,false,""
2025-07-24T04:00:00.000000,Canada,Québec,CA-QC,14.77,48.54,96.71,95.45,hydroquebec.com,false,""
2025-07-24T05:00:00.000000,Canada,Québec,CA-QC,12.53,46.04,97.23,96.07,hydroquebec.com,false,""
2025-07-24T06:00:00.000000,Canada,Québec,CA-QC,8.89,41.8,98.04,97.13,hydroquebec.com,false,""
2025-07-24T07:00:00.000000,Canada,Québec,CA-QC,4.82,37.05,98.94,98.41,hydroquebec.com,false,""
2025-07-24T08:00:00.000000,Canada,Québec,CA-QC,6.05,38.45,98.67,98.0,hydroquebec.com,false,""
2025-07-24T09:00:00.000000,Canada,Québec,CA-QC,5.78,38.07,98.73,98.11,hydroquebec.com,false,""
2025-07-24T10:00:00.000000,Canada,Québec,CA-QC,0.08,30.91,99.98,99.97,hydroquebec.com,false,""
2025-07-24T11:00:00.000000,Canada,Québec,CA-QC,0.0,30.19,100.0,100.0,hydroquebec.com,false,""
2025-07-24T12:00:00.000000,Canada,Québec,CA-QC,0.0,29.91,100.0,100.0,hydroquebec.com,false,""
2025-07-24T13:00:00.000000,Canada,Québec,CA-QC,0.0,29.66,100.0,100.0,hydroquebec.com,false,""
2025-07-24T14:00:00.000000,Canada,Québec,CA-QC,0.0,29.44,100.0,100.0,hydroquebec.com,false,""
2025-07-24T15:00:00.000000,Canada,Québec,CA-QC,0.0,29.33,100.0,100.0,hydroquebec.com,false,""
2025-07-24T16:00:00.000000,Canada,Québec,CA-QC,0.0,29.22,100.0,100.0,hydroquebec.com,false,""
2025-07-24T17:00:00.000000,Canada,Québec,CA-QC,0.0,29.14,100.0,100.0,hydroquebec.com,false,""
2025-07-24T18:00:00.000000,Canada,Québec,CA-QC,0.0,29.09,100.0,100.0,hydroquebec.com,false,""
2025-07-24T19:00:00.000000,Canada,Québec,CA-QC,0.0,28.97,100.0,100.0,hydroquebec.com,false,""
2025-07-24T20:00:00.000000,Canada,Québec,CA-QC,0.0,28.72,100.0,100.0,hydroquebec.com,false,""
2025-07-24T21:00:00.000000,Canada,Québec,CA-QC,0.0,28.55,100.0,100.0,hydroquebec.com,false,""
2025-07-24T22:00:00.000000,Canada,Québec,CA-QC,0.0,28.57,100.0,100.0,hydroquebec.com,false,""
2025-07-24T23:00:00.000000,Canada,Québec,CA-QC,0.0,28.7,100.0,100.0,hydroquebec.com,false,""
2025-07-25T00:00:00.000000,Canada,Québec,CA-QC,0.0,28.96,100.0,100.0,hydroquebec.com,false,""
2025-07-25T01:00:00.000000,Canada,Québec,CA-QC,0.0,29.3,100.0,100.0,hydroquebec.com,false,""
2025-07-25T02:00:00.000000,Canada,Québec,CA-QC,9.3,40.79,97.89,97.38,hydroquebec.com,false,""
2025-07-25T03:00:00.000000,Canada,Québec,CA-QC,14.45,47.46,96.74,95.85,hydroquebec.com,false,""
2025-07-25T04:00:00.000000,Canada,Québec,CA-QC,15.38,49.03,96.55,95.51,hydroquebec.com,false,""
2025-07-25T05:00:00.000000,Canada,Québec,CA-QC,16.15,50.26,96.37,95.26,hydroquebec.com,false,""
2025-07-25T06:00:00.000000,Canada,Québec,CA-QC,16.83,51.27,96.25,95.02,hydroquebec.com,false,""
2025-07-25T07:00:00.000000,Canada,Québec,CA-QC,16.88,51.48,96.26,94.94,hydroquebec.com,false,""
2025-07-25T08:00:00.000000,Canada,Québec,CA-QC,12.08,45.94,97.31,96.35,hydroquebec.com,false,""
2025-07-25T09:00:00.000000,Canada,Québec,CA-QC,0.43,31.94,99.9,99.87,hydroquebec.com,false,""
2025-07-25T10:00:00.000000,Canada,Québec,CA-QC,0.0,31.0,100.0,100.0,hydroquebec.com,false,""
2025-07-25T11:00:00.000000,Canada,Québec,CA-QC,0.0,30.66,100.0,100.0,hydroquebec.com,false,""
2025-07-25T12:00:00.000000,Canada,Québec,CA-QC,0.0,30.31,100.0,100.0,hydroquebec.com,false,""
2025-07-25T13:00:00.000000,Canada,Québec,CA-QC,0.0,30.19,100.0,100.0,hydroquebec.com,false,""
2025-07-25T14:00:00.000000,Canada,Québec,CA-QC,0.0,30.16,100.0,100.0,hydroquebec.com,false,""
2025-07-25T15:00:00.000000,Canada,Québec,CA-QC,0.0,30.01,100.0,100.0,hydroquebec.com,false,""
2025-07-25T16:00:00.000000,Canada,Québec,CA-QC,0.0,29.74,100.0,100.0,hydroquebec.com,false,""
2025-07-25T17:00:00.000000,Canada,Québec,CA-QC,0.0,29.46,100.0,100.0,hydroquebec.com,false,""
2025-07-25T18:00:00.000000,Canada,Québec,CA-QC,0.0,29.24,100.0,100.0,hydroquebec.com,false,""
2025-07-25T19:00:00.000000,Canada,Québec,CA-QC,0.0,29.08,100.0,100.0,hydroquebec.com,false,""
2025-07-25T20:00:00.000000,Canada,Québec,CA-QC,0.0,28.89,100.0,100.0,hydroquebec.com,false,""
2025-07-25T21:00:00.000000,Canada,Québec,CA-QC,0.0,28.73,100.0,100.0,hydroquebec.com,false,""
2025-07-25T22:00:00.000000,Canada,Québec,CA-QC,0.0,28.61,100.0,100.0,hydroquebec.com,false,""
2025-07-25T23:00:00.000000,Canada,Québec,CA-QC,0.0,28.63,100.0,100.0,hydroquebec.com,false,""
2025-07-26T00:00:00.000000,Canada,Québec,CA-QC,0.0,28.78,100.0,100.0,hydroquebec.com,false,""
2025-07-26T01:00:00.000000,Canada,Québec,CA-QC,0.0,28.88,100.0,100.0,hydroquebec.com,false,""
2025-07-26T02:00:00.000000,Canada,Québec,CA-QC,0.0,29.38,100.0,100.0,hydroquebec.com,false,""
2025-07-26T03:00:00.000000,Canada,Québec,CA-QC,6.68,38.43,98.49,98.08,hydroquebec.com,false,""
2025-07-26T04:00:00.000000,Canada,Québec,CA-QC,13.33,47.18,96.83,94.61,hydroquebec.com,false,""
2025-07-26T05:00:00.000000,Canada,Québec,CA-QC,7.84,40.93,97.89,94.64,hydroquebec.com,false,""
2025-07-26T06:00:00.000000,Canada,Québec,CA-QC,4.23,36.72,98.86,96.75,hydroquebec.com,false,""
2025-07-26T07:00:00.000000,Canada,Québec,CA-QC,3.03,35.26,99.18,97.52,hydroquebec.com,false,""
2025-07-26T08:00:00.000000,Canada,Québec,CA-QC,5.38,38.05,98.55,95.77,hydroquebec.com,false,""
2025-07-26T09:00:00.000000,Canada,Québec,CA-QC,4.09,36.81,98.9,96.63,hydroquebec.com,false,""
2025-07-26T10:00:00.000000,Canada,Québec,CA-QC,7.38,40.6,98.07,94.62,hydroquebec.com,false,""
2025-07-26T11:00:00.000000,Canada,Québec,CA-QC,18.22,53.48,95.69,91.7,hydroquebec.com,false,""
2025-07-26T12:00:00.000000,Canada,Québec,CA-QC,20.84,56.52,95.07,90.87,hydroquebec.com,false,""
2025-07-26T13:00:00.000000,Canada,Québec,CA-QC,22.96,58.96,94.52,90.28,hydroquebec.com,false,""
2025-07-26T14:00:00.000000,Canada,Québec,CA-QC,20.46,55.96,95.19,92.17,hydroquebec.com,false,""
2025-07-26T15:00:00.000000,Canada,Québec,CA-QC,19.91,55.15,95.33,92.72,hydroquebec.com,false,""
2025-07-26T16:00:00.000000,Canada,Québec,CA-QC,18.06,52.94,95.8,94.21,hydroquebec.com,false,""
2025-07-26T17:00:00.000000,Canada,Québec,CA-QC,17.73,52.34,95.9,94.55,hydroquebec.com,false,""
2025-07-26T18:00:00.000000,Canada,Québec,CA-QC,15.35,49.3,96.47,95.61,hydroquebec.com,false,""
2025-07-26T19:00:00.000000,Canada,Québec,CA-QC,14.78,48.37,96.63,95.81,hydroquebec.com,false,""
2025-07-26T20:00:00.000000,Canada,Québec,CA-QC,8.1,40.24,98.14,97.71,hydroquebec.com,false,""
2025-07-26T21:00:00.000000,Canada,Québec,CA-QC,0.61,30.98,99.86,99.83,hydroquebec.com,false,""
2025-07-26T22:00:00.000000,Canada,Québec,CA-QC,0.3,30.58,99.93,99.91,hydroquebec.com,false,""
2025-07-26T23:00:00.000000,Canada,Québec,CA-QC,0.32,30.93,99.93,99.91,hydroquebec.com,false,""
2025-07-27T00:00:00.000000,Canada,Québec,CA-QC,8.57,41.02,98.06,97.57,hydroquebec.com,false,""
2025-07-27T01:00:00.000000,Canada,Québec,CA-QC,19.33,53.87,95.47,93.32,hydroquebec.com,false,""
2025-07-27T02:00:00.000000,Canada,Québec,CA-QC,21.9,57.05,94.82,91.81,hydroquebec.com,false,""
2025-07-27T03:00:00.000000,Canada,Québec,CA-QC,20.7,55.78,95.15,92.4,hydroquebec.com,false,""
2025-07-27T04:00:00.000000,Canada,Québec,CA-QC,18.51,52.91,95.53,91.38,hydroquebec.com,false,""
2025-07-27T05:00:00.000000,Canada,Québec,CA-QC,6.4,38.51,98.29,94.79,hydroquebec.com,false,""
2025-07-27T06:00:00.000000,Canada,Québec,CA-QC,4.6,36.41,98.81,96.49,hydroquebec.com,false,""
2025-07-27T07:00:00.000000,Canada,Québec,CA-QC,2.17,33.51,99.41,97.75,hydroquebec.com,false,""
2025-07-27T08:00:00.000000,Canada,Québec,CA-QC,4.1,35.66,98.97,96.63,hydroquebec.com,false,""
2025-07-27T09:00:00.000000,Canada,Québec,CA-QC,3.79,35.48,98.98,96.32,hydroquebec.com,false,""
2025-07-27T10:00:00.000000,Canada,Québec,CA-QC,6.16,38.4,98.46,95.9,hydroquebec.com,false,""
2025-07-27T11:00:00.000000,Canada,Québec,CA-QC,13.04,46.45,96.9,93.4,hydroquebec.com,false,""
2025-07-27T12:00:00.000000,Canada,Québec,CA-QC,18.05,52.5,95.66,91.61,hydroquebec.com,false,""
2025-07-27T13:00:00.000000,Canada,Québec,CA-QC,23.48,58.85,94.4,90.1,hydroquebec.com,false,""
2025-07-27T14:00:00.000000,Canada,Québec,CA-QC,24.14,59.45,94.29,90.39,hydroquebec.com,false,""
2025-07-27T15:00:00.000000,Canada,Québec,CA-QC,21.05,55.51,95.1,92.46,hydroquebec.com,false,""
2025-07-27T16:00:00.000000,Canada,Québec,CA-QC,19.45,53.23,95.51,93.53,hydroquebec.com,false,""
2025-07-27T17:00:00.000000,Canada,Québec,CA-QC,17.21,50.39,96.08,94.88,hydroquebec.com,false,""
2025-07-27T18:00:00.000000,Canada,Québec,CA-QC,16.34,49.32,96.28,95.34,hydroquebec.com,false,""
2025-07-27T19:00:00.000000,Canada,Québec,CA-QC,15.96,48.86,96.36,95.47,hydroquebec.com,false,""
2025-07-27T20:00:00.000000,Canada,Québec,CA-QC,14.85,47.43,96.6,95.82,hydroquebec.com,false,""
2025-07-27T21:00:00.000000,Canada,Québec,CA-QC,11.63,43.45,97.33,96.75,hydroquebec.com,false,""
2025-07-27T22:00:00.000000,Canada,Québec,CA-QC,3.33,33.46,99.24,99.07,hydroquebec.com,false,""
2025-07-27T23:00:00.000000,Canada,Québec,CA-QC,0.62,30.26,99.86,99.83,hydroquebec.com,false,""
2025-07-28T00:00:00.000000,Canada,Québec,CA-QC,10.14,41.8,97.69,97.18,hydroquebec.com,false,""
2025-07-28T01:00:00.000000,Canada,Québec,CA-QC,13.4,46.01,96.95,96.27,hydroquebec.com,false,""
2025-07-28T02:00:00.000000,Canada,Québec,CA-QC,13.88,47.01,96.83,96.08,hydroquebec.com,false,""
2025-07-28T03:00:00.000000,Canada,Québec,CA-QC,14.53,48.26,96.69,95.82,hydroquebec.com,false,""
2025-07-28T04:00:00.000000,Canada,Québec,CA-QC,17.75,52.54,95.79,93.18,hydroquebec.com,false,""
2025-07-28T05:00:00.000000,Canada,Québec,CA-QC,14.21,48.8,96.54,93.46,hydroquebec.com,false,""
2025-07-28T06:00:00.000000,Canada,Québec,CA-QC,11.51,45.7,97.05,93.24,hydroquebec.com,false,""
2025-07-28T07:00:00.000000,Canada,Québec,CA-QC,10.3,44.38,97.32,93.54,hydroquebec.com,false,""
2025-07-28T08:00:00.000000,Canada,Québec,CA-QC,10.73,44.86,97.25,93.4,hydroquebec.com,false,""
2025-07-28T09:00:00.000000,Canada,Québec,CA-QC,17.17,52.53,95.87,92.12,hydroquebec.com,false,""
2025-07-28T10:00:00.000000,Canada,Québec,CA-QC,23.73,60.14,94.4,90.24,hydroquebec.com,false,""
2025-07-28T11:00:00.000000,Canada,Québec,CA-QC,20.01,55.42,95.39,93.13,hydroquebec.com,false,""
2025-07-28T12:00:00.000000,Canada,Québec,CA-QC,18.97,53.62,95.63,93.77,hydroquebec.com,false,""
2025-07-28T13:00:00.000000,Canada,Québec,CA-QC,15.77,49.69,96.43,95.59,hydroquebec.com,false,""
2025-07-28T14:00:00.000000,Canada,Québec,CA-QC,14.83,48.22,96.63,95.87,hydroquebec.com,false,""
2025-07-28T15:00:00.000000,Canada,Québec,CA-QC,10.94,43.25,97.5,96.99,hydroquebec.com,false,""
2025-07-28T16:00:00.000000,Canada,Québec,CA-QC,1.15,31.21,99.74,99.68,hydroquebec.com,false,""
2025-07-28T17:00:00.000000,Canada,Québec,CA-QC,0.0,29.47,100.0,100.0,hydroquebec.com,false,""
2025-07-28T18:00:00.000000,Canada,Québec,CA-QC,0.0,29.12,100.0,100.0,hydroquebec.com,false,""
2025-07-28T19:00:00.000000,Canada,Québec,CA-QC,0.0,28.97,100.0,100.0,hydroquebec.com,false,""
2025-07-28T20:00:00.000000,Canada,Québec,CA-QC,0.0,28.96,100.0,100.0,hydroquebec.com,false,""
2025-07-28T21:00:00.000000,Canada,Québec,CA-QC,0.0,28.89,100.0,100.0,hydroquebec.com,false,""
2025-07-28T22:00:00.000000,Canada,Québec,CA-QC,0.0,28.86,100.0,100.0,hydroquebec.com,false,""
2025-07-28T23:00:00.000000,Canada,Québec,CA-QC,0.0,28.88,100.0,100.0,hydroquebec.com,false,""
2025-07-29T00:00:00.000000,Canada,Québec,CA-QC,0.0,28.78,100.0,100.0,hydroquebec.com,false,""
2025-07-29T01:00:00.000000,Canada,Québec,CA-QC,0.0,28.66,100.0,100.0,hydroquebec.com,false,""
2025-07-29T02:00:00.000000,Canada,Québec,CA-QC,0.0,28.98,100.0,100.0,hydroquebec.com,false,""
2025-07-29T03:00:00.000000,Canada,Québec,CA-QC,0.78,30.77,99.82,99.78,hydroquebec.com,false,""
2025-07-29T04:00:00.000000,Canada,Québec,CA-QC,14.56,48.01,96.66,95.81,hydroquebec.com,false,""
2025-07-29T05:00:00.000000,Canada,Québec,CA-QC,19.26,53.94,95.47,93.05,hydroquebec.com,false,""
2025-07-29T06:00:00.000000,Canada,Québec,CA-QC,9.98,43.1,97.64,96.01,hydroquebec.com,false,""
2025-07-29T07:00:00.000000,Canada,Québec,CA-QC,9.76,42.83,97.68,95.93,hydroquebec.com,false,""
2025-07-29T08:00:00.000000,Canada,Québec,CA-QC,11.34,44.91,97.26,94.83,hydroquebec.com,false,""
2025-07-29T09:00:00.000000,Canada,Québec,CA-QC,12.39,46.28,97.05,94.41,hydroquebec.com,false,""
2025-07-29T10:00:00.000000,Canada,Québec,CA-QC,9.34,42.53,97.86,96.58,hydroquebec.com,false,""
2025-07-29T11:00:00.000000,Canada,Québec,CA-QC,7.05,39.28,98.42,97.98,hydroquebec.com,false,""
2025-07-29T12:00:00.000000,Canada,Québec,CA-QC,6.67,38.35,98.5,98.14,hydroquebec.com,false,""
2025-07-29T13:00:00.000000,Canada,Québec,CA-QC,6.46,37.84,98.55,98.22,hydroquebec.com,false,""
2025-07-29T14:00:00.000000,Canada,Québec,CA-QC,4.5,35.3,98.98,98.78,hydroquebec.com,false,""
2025-07-29T15:00:00.000000,Canada,Québec,CA-QC,0.05,29.61,99.99,99.99,hydroquebec.com,false,""
2025-07-29T16:00:00.000000,Canada,Québec,CA-QC,0.0,29.02,100.0,100.0,hydroquebec.com,false,""
2025-07-29T17:00:00.000000,Canada,Québec,CA-QC,0.0,28.7,100.0,100.0,hydroquebec.com,false,""
2025-07-29T18:00:00.000000,Canada,Québec,CA-QC,0.0,28.6,100.0,100.0,hydroquebec.com,false,""
2025-07-29T19:00:00.000000,Canada,Québec,CA-QC,0.0,28.57,100.0,100.0,hydroquebec.com,false,""
2025-07-29T20:00:00.000000,Canada,Québec,CA-QC,0.0,28.56,100.0,100.0,hydroquebec.com,false,""
2025-07-29T21:00:00.000000,Canada,Québec,CA-QC,0.0,28.57,100.0,100.0,hydroquebec.com,false,""
2025-07-29T22:00:00.000000,Canada,Québec,CA-QC,0.0,28.63,100.0,100.0,hydroquebec.com,false,""
2025-07-29T23:00:00.000000,Canada,Québec,CA-QC,0.0,28.72,100.0,100.0,hydroquebec.com,false,""
2025-07-30T00:00:00.000000,Canada,Québec,CA-QC,0.0,28.73,100.0,100.0,hydroquebec.com,false,""
2025-07-30T01:00:00.000000,Canada,Québec,CA-QC,0.0,28.69,100.0,100.0,hydroquebec.com,false,""
2025-07-30T02:00:00.000000,Canada,Québec,CA-QC,0.0,28.91,100.0,100.0,hydroquebec.com,false,""
2025-07-30T03:00:00.000000,Canada,Québec,CA-QC,0.46,30.3,99.89,99.85,hydroquebec.com,false,""
2025-07-30T04:00:00.000000,Canada,Québec,CA-QC,5.08,36.96,98.85,98.61,hydroquebec.com,false,""
2025-07-30T05:00:00.000000,Canada,Québec,CA-QC,10.4,43.82,97.45,95.15,hydroquebec.com,false,""
2025-07-30T06:00:00.000000,Canada,Québec,CA-QC,10.47,44.41,97.38,94.72,hydroquebec.com,false,""
2025-07-30T07:00:00.000000,Canada,Québec,CA-QC,10.02,44.01,97.34,93.68,hydroquebec.com,false,""
2025-07-30T08:00:00.000000,Canada,Québec,CA-QC,13.16,47.87,96.64,92.71,hydroquebec.com,false,""
2025-07-30T09:00:00.000000,Canada,Québec,CA-QC,13.57,48.38,96.63,93.17,hydroquebec.com,false,""
2025-07-30T10:00:00.000000,Canada,Québec,CA-QC,7.92,41.35,97.95,95.3,hydroquebec.com,false,""
2025-07-30T11:00:00.000000,Canada,Québec,CA-QC,4.43,36.61,98.82,97.14,hydroquebec.com,false,""
2025-07-30T12:00:00.000000,Canada,Québec,CA-QC,3.4,34.94,99.09,97.85,hydroquebec.com,false,""
2025-07-30T13:00:00.000000,Canada,Québec,CA-QC,0.0,30.59,100.0,100.0,hydroquebec.com,false,""
2025-07-30T14:00:00.000000,Canada,Québec,CA-QC,0.0,30.18,100.0,100.0,hydroquebec.com,false,""
2025-07-30T15:00:00.000000,Canada,Québec,CA-QC,0.0,29.81,100.0,100.0,hydroquebec.com,false,""
2025-07-30T16:00:00.000000,Canada,Québec,CA-QC,0.0,29.34,100.0,100.0,hydroquebec.com,false,""
2025-07-30T17:00:00.000000,Canada,Québec,CA-QC,0.0,29.0,100.0,100.0,hydroquebec.com,false,""
2025-07-30T18:00:00.000000,Canada,Québec,CA-QC,0.19,29.15,99.95,99.95,hydroquebec.com,false,""
2025-07-30T19:00:00.000000,Canada,Québec,CA-QC,0.18,29.12,99.95,99.95,hydroquebec.com,false,""
2025-07-30T20:00:00.000000,Canada,Québec,CA-QC,0.0,28.82,100.0,100.0,hydroquebec.com,false,""
2025-07-30T21:00:00.000000,Canada,Québec,CA-QC,0.0,28.84,100.0,100.0,hydroquebec.com,false,""
2025-07-30T22:00:00.000000,Canada,Québec,CA-QC,0.0,28.91,100.0,100.0,hydroquebec.com,false,""
2025-07-30T23:00:00.000000,Canada,Québec,CA-QC,0.0,29.0,100.0,100.0,hydroquebec.com,false,""
2025-07-31T00:00:00.000000,Canada,Québec,CA-QC,0.0,29.08,100.0,100.0,hydroquebec.com,false,""
2025-07-31T01:00:00.000000,Canada,Québec,CA-QC,0.0,29.16,100.0,100.0,hydroquebec.com,false,""
2025-07-31T02:00:00.000000,Canada,Québec,CA-QC,2.32,32.11,99.37,98.3,hydroquebec.com,false,""
2025-07-31T03:00:00.000000,Canada,Québec,CA-QC,6.39,37.77,98.32,95.93,hydroquebec.com,false,""
2025-07-31T04:00:00.000000,Canada,Québec,CA-QC,11.49,44.66,97.15,93.64,hydroquebec.com,false,""
2025-07-31T05:00:00.000000,Canada,Québec,CA-QC,9.86,43.02,97.51,93.65,hydroquebec.com,false,""
2025-07-31T06:00:00.000000,Canada,Québec,CA-QC,7.85,40.8,97.97,94.19,hydroquebec.com,false,""
2025-07-31T07:00:00.000000,Canada,Québec,CA-QC,7.46,40.46,98.07,94.5,hydroquebec.com,false,""
2025-07-31T08:00:00.000000,Canada,Québec,CA-QC,8.42,41.64,97.81,93.95,hydroquebec.com,false,""
2025-07-31T09:00:00.000000,Canada,Québec,CA-QC,9.19,42.6,97.6,93.88,hydroquebec.com,false,""
2025-07-31T10:00:00.000000,Canada,Québec,CA-QC,12.62,46.34,96.81,92.92,hydroquebec.com,false,""
2025-07-31T11:00:00.000000,Canada,Québec,CA-QC,12.76,46.11,96.79,93.24,hydroquebec.com,false,""
2025-07-31T12:00:00.000000,Canada,Québec,CA-QC,19.4,53.85,95.29,91.66,hydroquebec.com,false,""
2025-07-31T13:00:00.000000,Canada,Québec,CA-QC,19.91,54.47,95.16,91.57,hydroquebec.com,false,""
2025-07-31T14:00:00.000000,Canada,Québec,CA-QC,19.58,53.99,95.24,91.67,hydroquebec.com,false,""
2025-07-31T15:00:00.000000,Canada,Québec,CA-QC,19.64,54.05,95.22,91.73,hydroquebec.com,false,""
2025-07-31T16:00:00.000000,Canada,Québec,CA-QC,17.75,51.77,95.73,92.93,hydroquebec.com,false,""
2025-07-31T17:00:00.000000,Canada,Québec,CA-QC,18.0,52.04,95.65,92.64,hydroquebec.com,false,""
2025-07-31T18:00:00.000000,Canada,Québec,CA-QC,16.01,49.82,96.2,94.06,hydroquebec.com,false,""
2025-07-31T19:00:00.000000,Canada,Québec,CA-QC,14.34,47.8,96.64,95.11,hydroquebec.com,false,""
2025-07-31T20:00:00.000000,Canada,Québec,CA-QC,14.98,48.35,96.42,94.35,hydroquebec.com,false,""
2025-07-31T21:00:00.000000,Canada,Québec,CA-QC,15.66,49.0,96.25,93.88,hydroquebec.com,false,""
2025-07-31T22:00:00.000000,Canada,Québec,CA-QC,15.39,48.73,96.33,94.01,hydroquebec.com,false,""
2025-07-31T23:00:00.000000,Canada,Québec,CA-QC,17.19,51.08,95.87,92.98,hydroquebec.com,false,""
2025-08-01T00:00:00.000000,Canada,Québec,CA-QC,11.82,44.89,97.03,94.2,hydroquebec.com,false,""
2025-08-01T01:00:00.000000,Canada,Québec,CA-QC,12.13,45.16,96.94,93.77,hydroquebec.com,false,""
2025-08-01T02:00:00.000000,Canada,Québec,CA-QC,12.28,45.58,96.9,93.57,hydroquebec.com,false,""
2025-08-01T03:00:00.000000,Canada,Québec,CA-QC,13.51,47.34,96.63,92.89,hydroquebec.com,false,""
2025-08-01T04:00:00.000000,Canada,Québec,CA-QC,13.04,47.03,96.71,92.59,hydroquebec.com,false,""
2025-08-01T05:00:00.000000,Canada,Québec,CA-QC,9.63,43.03,97.56,93.24,hydroquebec.com,false,""
2025-08-01T06:00:00.000000,Canada,Québec,CA-QC,10.2,43.92,97.45,92.82,hydroquebec.com,false,""
2025-08-01T07:00:00.000000,Canada,Québec,CA-QC,10.38,44.33,97.4,92.65,hydroquebec.com,false,""
2025-08-01T08:00:00.000000,Canada,Québec,CA-QC,10.69,44.82,97.31,92.59,hydroquebec.com,false,""
2025-08-01T09:00:00.000000,Canada,Québec,CA-QC,12.27,46.84,96.9,92.1,hydroquebec.com,false,""
2025-08-01T10:00:00.000000,Canada,Québec,CA-QC,11.99,46.37,96.97,92.52,hydroquebec.com,false,""
2025-08-01T11:00:00.000000,Canada,Québec,CA-QC,11.21,44.97,97.19,93.16,hydroquebec.com,false,""
2025-08-01T12:00:00.000000,Canada,Québec,CA-QC,17.64,52.36,95.74,91.49,hydroquebec.com,false,""
2025-08-01T13:00:00.000000,Canada,Québec,CA-QC,17.7,52.34,95.73,91.9,hydroquebec.com,false,""
2025-08-01T14:00:00.000000,Canada,Québec,CA-QC,20.49,55.63,95.02,90.98,hydroquebec.com,false,""
2025-08-01T15:00:00.000000,Canada,Québec,CA-QC,20.71,55.87,94.98,90.89,hydroquebec.com,false,""
2025-08-01T16:00:00.000000,Canada,Québec,CA-QC,20.51,55.57,95.02,90.95,hydroquebec.com,false,""
2025-08-01T17:00:00.000000,Canada,Québec,CA-QC,20.19,55.07,95.11,91.04,hydroquebec.com,false,""
2025-08-01T18:00:00.000000,Canada,Québec,CA-QC,20.35,55.21,95.08,90.98,hydroquebec.com,false,""
2025-08-01T19:00:00.000000,Canada,Québec,CA-QC,20.17,55.05,95.13,91.02,hydroquebec.com,false,""
2025-08-01T20:00:00.000000,Canada,Québec,CA-QC,17.26,51.28,95.87,92.0,hydroquebec.com,false,""
2025-08-01T21:00:00.000000,Canada,Québec,CA-QC,16.74,50.5,96.02,92.51,hydroquebec.com,false,""
2025-08-01T22:00:00.000000,Canada,Québec,CA-QC,16.25,49.96,96.14,92.93,hydroquebec.com,false,""
2025-08-01T23:00:00.000000,Canada,Québec,CA-QC,21.46,56.28,94.89,91.07,hydroquebec.com,false,""
2025-08-02T00:00:00.000000,Canada,Québec,CA-QC,22.34,57.5,94.69,90.68,hydroquebec.com,false,""
2025-08-02T01:00:00.000000,Canada,Québec,CA-QC,21.52,56.62,94.87,90.75,hydroquebec.com,false,""
2025-08-02T02:00:00.000000,Canada,Québec,CA-QC,20.63,55.72,95.07,90.68,hydroquebec.com,false,""
2025-08-02T03:00:00.000000,Canada,Québec,CA-QC,20.95,56.2,95.05,90.09,hydroquebec.com,false,""
2025-08-02T04:00:00.000000,Canada,Québec,CA-QC,22.97,58.51,94.66,88.95,hydroquebec.com,false,""
2025-08-02T05:00:00.000000,Canada,Québec,CA-QC,18.25,53.06,95.68,90.04,hydroquebec.com,false,""
2025-08-02T06:00:00.000000,Canada,Québec,CA-QC,18.07,52.87,95.74,89.87,hydroquebec.com,false,""
2025-08-02T07:00:00.000000,Canada,Québec,CA-QC,16.96,51.6,96.01,89.93,hydroquebec.com,false,""
2025-08-02T08:00:00.000000,Canada,Québec,CA-QC,19.4,54.42,95.47,89.05,hydroquebec.com,false,""
2025-08-02T09:00:00.000000,Canada,Québec,CA-QC,23.96,59.76,94.44,87.49,hydroquebec.com,false,""
2025-08-02T10:00:00.000000,Canada,Québec,CA-QC,23.86,59.69,94.46,87.52,hydroquebec.com,false,""
2025-08-02T11:00:00.000000,Canada,Québec,CA-QC,23.33,58.95,94.61,88.05,hydroquebec.com,false,""
2025-08-02T12:00:00.000000,Canada,Québec,CA-QC,22.89,58.27,94.71,88.62,hydroquebec.com,false,""
2025-08-02T13:00:00.000000,Canada,Québec,CA-QC,21.66,56.61,94.99,89.36,hydroquebec.com,false,""
2025-08-02T14:00:00.000000,Canada,Québec,CA-QC,21.61,56.41,94.97,89.68,hydroquebec.com,false,""
2025-08-02T15:00:00.000000,Canada,Québec,CA-QC,20.41,54.74,95.24,90.19,hydroquebec.com,false,""
2025-08-02T16:00:00.000000,Canada,Québec,CA-QC,20.69,54.99,95.14,90.25,hydroquebec.com,false,""
2025-08-02T17:00:00.000000,Canada,Québec,CA-QC,21.12,55.5,95.01,90.23,hydroquebec.com,false,""
2025-08-02T18:00:00.000000,Canada,Québec,CA-QC,21.62,56.07,94.88,90.2,hydroquebec.com,false,""
2025-08-02T19:00:00.000000,Canada,Québec,CA-QC,22.95,57.72,94.52,89.89,hydroquebec.com,false,""
2025-08-02T20:00:00.000000,Canada,Québec,CA-QC,21.58,55.95,94.89,90.56,hydroquebec.com,false,""
2025-08-02T21:00:00.000000,Canada,Québec,CA-QC,21.98,56.45,94.79,90.67,hydroquebec.com,false,""
2025-08-02T22:00:00.000000,Canada,Québec,CA-QC,22.13,56.63,94.74,90.74,hydroquebec.com,false,""
2025-08-02T23:00:00.000000,Canada,Québec,CA-QC,22.89,57.76,94.54,90.45,hydroquebec.com,false,""
2025-08-03T00:00:00.000000,Canada,Québec,CA-QC,13.7,46.93,96.6,93.07,hydroquebec.com,false,""
2025-08-03T01:00:00.000000,Canada,Québec,CA-QC,12.82,45.69,96.81,93.24,hydroquebec.com,false,""
2025-08-03T02:00:00.000000,Canada,Québec,CA-QC,14.4,47.66,96.47,92.54,hydroquebec.com,false,""
2025-08-03T03:00:00.000000,Canada,Québec,CA-QC,23.88,58.96,94.37,89.23,hydroquebec.com,false,""
2025-08-03T04:00:00.000000,Canada,Québec,CA-QC,21.1,55.77,95.06,89.44,hydroquebec.com,false,""
2025-08-03T05:00:00.000000,Canada,Québec,CA-QC,16.24,50.08,96.14,90.5,hydroquebec.com,false,""
2025-08-03T06:00:00.000000,Canada,Québec,CA-QC,11.79,44.66,97.16,91.71,hydroquebec.com,false,""
2025-08-03T07:00:00.000000,Canada,Québec,CA-QC,8.1,40.24,97.99,93.12,hydroquebec.com,false,""
2025-08-03T08:00:00.000000,Canada,Québec,CA-QC,6.28,38.21,98.47,94.59,hydroquebec.com,false,""
2025-08-03T09:00:00.000000,Canada,Québec,CA-QC,3.91,35.24,98.95,94.75,hydroquebec.com,false,""
2025-08-03T10:00:00.000000,Canada,Québec,CA-QC,8.23,40.19,98.03,93.58,hydroquebec.com,false,""
2025-08-03T11:00:00.000000,Canada,Québec,CA-QC,19.83,53.34,95.48,89.05,hydroquebec.com,false,""
2025-08-03T12:00:00.000000,Canada,Québec,CA-QC,21.61,55.5,95.06,88.81,hydroquebec.com,false,""
2025-08-03T13:00:00.000000,Canada,Québec,CA-QC,20.93,54.56,95.19,89.47,hydroquebec.com,false,""
2025-08-03T14:00:00.000000,Canada,Québec,CA-QC,20.6,53.9,95.25,89.87,hydroquebec.com,false,""
2025-08-03T15:00:00.000000,Canada,Québec,CA-QC,20.96,54.1,95.12,90.09,hydroquebec.com,false,""
2025-08-03T16:00:00.000000,Canada,Québec,CA-QC,21.26,54.3,95.03,90.26,hydroquebec.com,false,""
2025-08-03T17:00:00.000000,Canada,Québec,CA-QC,21.72,54.81,94.89,90.34,hydroquebec.com,false,""
2025-08-03T18:00:00.000000,Canada,Québec,CA-QC,22.29,55.46,94.77,90.37,hydroquebec.com,false,""
2025-08-03T19:00:00.000000,Canada,Québec,CA-QC,22.37,55.68,94.73,90.7,hydroquebec.com,false,""
2025-08-03T20:00:00.000000,Canada,Québec,CA-QC,22.26,55.44,94.8,90.85,hydroquebec.com,false,""
2025-08-03T21:00:00.000000,Canada,Québec,CA-QC,21.12,54.13,95.09,91.77,hydroquebec.com,false,""
2025-08-03T22:00:00.000000,Canada,Québec,CA-QC,16.23,48.45,96.27,94.31,hydroquebec.com,false,""
2025-08-03T23:00:00.000000,Canada,Québec,CA-QC,12.67,44.25,97.06,95.41,hydroquebec.com,false,""
2025-08-04T00:00:00.000000,Canada,Québec,CA-QC,17.22,49.63,95.98,93.44,hydroquebec.com,false,""
2025-08-04T01:00:00.000000,Canada,Québec,CA-QC,20.28,53.45,95.2,91.96,hydroquebec.com,false,""
2025-08-04T02:00:00.000000,Canada,Québec,CA-QC,22.72,56.64,94.62,90.56,hydroquebec.com,false,""
2025-08-04T03:00:00.000000,Canada,Québec,CA-QC,25.19,59.92,94.03,89.08,hydroquebec.com,false,""
2025-08-04T04:00:00.000000,Canada,Québec,CA-QC,23.21,57.81,94.51,89.25,hydroquebec.com,false,""
2025-08-04T05:00:00.000000,Canada,Québec,CA-QC,22.32,56.84,94.77,89.05,hydroquebec.com,false,""
2025-08-04T06:00:00.000000,Canada,Québec,CA-QC,16.02,49.42,96.14,90.66,hydroquebec.com,false,""
2025-08-04T07:00:00.000000,Canada,Québec,CA-QC,17.08,50.66,95.91,90.12,hydroquebec.com,false,""
2025-08-04T08:00:00.000000,Canada,Québec,CA-QC,21.21,55.64,95.02,88.6,hydroquebec.com,false,""
2025-08-04T09:00:00.000000,Canada,Québec,CA-QC,23.56,58.39,94.48,87.99,hydroquebec.com,false,""
2025-08-04T10:00:00.000000,Canada,Québec,CA-QC,22.78,57.31,94.63,88.74,hydroquebec.com,false,""
2025-08-04T11:00:00.000000,Canada,Québec,CA-QC,21.91,56.05,94.83,89.47,hydroquebec.com,false,""
2025-08-04T12:00:00.000000,Canada,Québec,CA-QC,21.06,54.81,95.04,90.12,hydroquebec.com,false,""
2025-08-04T13:00:00.000000,Canada,Québec,CA-QC,21.32,55.07,94.97,90.46,hydroquebec.com,false,""
2025-08-04T14:00:00.000000,Canada,Québec,CA-QC,21.41,55.15,94.92,90.69,hydroquebec.com,false,""
2025-08-04T15:00:00.000000,Canada,Québec,CA-QC,21.4,55.06,94.92,91.01,hydroquebec.com,false,""
2025-08-04T16:00:00.000000,Canada,Québec,CA-QC,21.03,54.51,95.01,91.44,hydroquebec.com,false,""
2025-08-04T17:00:00.000000,Canada,Québec,CA-QC,21.41,54.96,94.92,91.49,hydroquebec.com,false,""
2025-08-04T18:00:00.000000,Canada,Québec,CA-QC,20.77,54.31,95.13,92.35,hydroquebec.com,false,""
2025-08-04T19:00:00.000000,Canada,Québec,CA-QC,20.16,53.63,95.27,92.81,hydroquebec.com,false,""
2025-08-04T20:00:00.000000,Canada,Québec,CA-QC,15.8,48.34,96.26,94.15,hydroquebec.com,false,""
2025-08-04T21:00:00.000000,Canada,Québec,CA-QC,1.93,31.53,99.51,98.93,hydroquebec.com,false,""
2025-08-04T22:00:00.000000,Canada,Québec,CA-QC,0.02,29.05,99.99,99.99,hydroquebec.com,false,""
2025-08-04T23:00:00.000000,Canada,Québec,CA-QC,0.78,30.04,99.79,99.5,hydroquebec.com,false,""
2025-08-05T00:00:00.000000,Canada,Québec,CA-QC,10.82,42.25,97.46,96.11,hydroquebec.com,false,""
2025-08-05T01:00:00.000000,Canada,Québec,CA-QC,20.71,54.38,95.09,92.23,hydroquebec.com,false,""
2025-08-05T02:00:00.000000,Canada,Québec,CA-QC,21.98,56.41,94.81,91.98,hydroquebec.com,false,""
2025-08-05T03:00:00.000000,Canada,Québec,CA-QC,24.97,60.2,94.03,89.87,hydroquebec.com,false,""
2025-08-05T04:00:00.000000,Canada,Québec,CA-QC,26.29,62.03,93.76,88.67,hydroquebec.com,false,""
2025-08-05T05:00:00.000000,Canada,Québec,CA-QC,26.31,62.22,93.8,88.17,hydroquebec.com,false,""
2025-08-05T06:00:00.000000,Canada,Québec,CA-QC,26.43,62.48,93.79,87.8,hydroquebec.com,false,""
2025-08-05T07:00:00.000000,Canada,Québec,CA-QC,26.26,62.34,93.83,87.73,hydroquebec.com,false,""
2025-08-05T08:00:00.000000,Canada,Québec,CA-QC,24.7,60.58,94.17,88.11,hydroquebec.com,false,""
2025-08-05T09:00:00.000000,Canada,Québec,CA-QC,19.99,55.09,95.17,89.82,hydroquebec.com,false,""
2025-08-05T10:00:00.000000,Canada,Québec,CA-QC,25.03,60.83,94.0,88.62,hydroquebec.com,false,""
2025-08-05T11:00:00.000000,Canada,Québec,CA-QC,23.26,58.47,94.45,89.62,hydroquebec.com,false,""
2025-08-05T12:00:00.000000,Canada,Québec,CA-QC,22.33,57.14,94.68,90.33,hydroquebec.com,false,""
2025-08-05T13:00:00.000000,Canada,Québec,CA-QC,21.89,56.56,94.77,90.86,hydroquebec.com,false,""
2025-08-05T14:00:00.000000,Canada,Québec,CA-QC,20.87,55.33,95.03,91.59,hydroquebec.com,false,""
2025-08-05T15:00:00.000000,Canada,Québec,CA-QC,21.33,55.87,94.94,91.66,hydroquebec.com,false,""
2025-08-05T16:00:00.000000,Canada,Québec,CA-QC,19.87,54.22,95.34,92.95,hydroquebec.com,false,""
2025-08-05T17:00:00.000000,Canada,Québec,CA-QC,21.06,55.65,95.02,92.31,hydroquebec.com,false,""
2025-08-05T18:00:00.000000,Canada,Québec,CA-QC,20.48,55.12,95.15,92.67,hydroquebec.com,false,""
2025-08-05T19:00:00.000000,Canada,Québec,CA-QC,19.97,54.71,95.29,93.72,hydroquebec.com,false,""
2025-08-05T20:00:00.000000,Canada,Québec,CA-QC,4.87,36.26,98.88,98.62,hydroquebec.com,false,""
2025-08-05T21:00:00.000000,Canada,Québec,CA-QC,0.0,29.93,100.0,100.0,hydroquebec.com,false,""
2025-08-05T22:00:00.000000,Canada,Québec,CA-QC,0.0,29.75,100.0,100.0,hydroquebec.com,false,""
2025-08-05T23:00:00.000000,Canada,Québec,CA-QC,0.02,29.99,100.0,99.99,hydroquebec.com,false,""
2025-08-06T00:00:00.000000,Canada,Québec,CA-QC,12.88,45.59,96.94,95.3,hydroquebec.com,false,""
2025-08-06T01:00:00.000000,Canada,Québec,CA-QC,20.14,54.56,95.22,92.61,hydroquebec.com,false,""
2025-08-06T02:00:00.000000,Canada,Québec,CA-QC,22.95,58.18,94.54,91.14,hydroquebec.com,false,""
2025-08-06T03:00:00.000000,Canada,Québec,CA-QC,25.33,61.35,93.94,89.65,hydroquebec.com,false,""
2025-08-06T04:00:00.000000,Canada,Québec,CA-QC,25.52,61.73,93.9,88.82,hydroquebec.com,false,""
2025-08-06T05:00:00.000000,Canada,Québec,CA-QC,24.83,60.92,94.13,88.54,hydroquebec.com,false,""
2025-08-06T06:00:00.000000,Canada,Québec,CA-QC,24.29,60.3,94.28,88.37,hydroquebec.com,false,""
2025-08-06T07:00:00.000000,Canada,Québec,CA-QC,24.43,60.48,94.27,88.15,hydroquebec.com,false,""
2025-08-06T08:00:00.000000,Canada,Québec,CA-QC,24.46,60.54,94.25,88.16,hydroquebec.com,false,""
2025-08-06T09:00:00.000000,Canada,Québec,CA-QC,24.34,60.43,94.25,88.69,hydroquebec.com,false,""
2025-08-06T10:00:00.000000,Canada,Québec,CA-QC,24.18,60.08,94.26,89.21,hydroquebec.com,false,""
2025-08-06T11:00:00.000000,Canada,Québec,CA-QC,23.83,59.25,94.31,89.55,hydroquebec.com,false,""
2025-08-06T12:00:00.000000,Canada,Québec,CA-QC,23.12,58.16,94.49,90.12,hydroquebec.com,false,""
2025-08-06T13:00:00.000000,Canada,Québec,CA-QC,24.81,59.88,94.16,89.8,hydroquebec.com,false,""
2025-08-06T14:00:00.000000,Canada,Québec,CA-QC,21.1,55.44,95.0,91.52,hydroquebec.com,false,""
2025-08-06T15:00:00.000000,Canada,Québec,CA-QC,20.05,54.15,95.26,92.26,hydroquebec.com,false,""
2025-08-06T16:00:00.000000,Canada,Québec,CA-QC,22.84,57.36,94.62,91.51,hydroquebec.com,false,""
2025-08-06T17:00:00.000000,Canada,Québec,CA-QC,19.0,52.84,95.51,93.31,hydroquebec.com,false,""
2025-08-06T18:00:00.000000,Canada,Québec,CA-QC,17.38,50.81,95.94,94.33,hydroquebec.com,false,""
2025-08-06T19:00:00.000000,Canada,Québec,CA-QC,15.42,48.39,96.46,95.6,hydroquebec.com,false,""
2025-08-06T20:00:00.000000,Canada,Québec,CA-QC,14.26,46.81,96.73,95.91,hydroquebec.com,false,""
2025-08-06T21:00:00.000000,Canada,Québec,CA-QC,11.89,43.7,97.26,96.58,hydroquebec.com,false,""
2025-08-06T22:00:00.000000,Canada,Québec,CA-QC,13.24,45.24,96.96,96.21,hydroquebec.com,false,""
2025-08-06T23:00:00.000000,Canada,Québec,CA-QC,14.36,46.91,96.68,95.77,hydroquebec.com,false,""
2025-08-07T00:00:00.000000,Canada,Québec,CA-QC,17.13,50.36,95.99,94.35,hydroquebec.com,false,""
2025-08-07T01:00:00.000000,Canada,Québec,CA-QC,19.6,53.41,95.37,92.92,hydroquebec.com,false,""
2025-08-07T02:00:00.000000,Canada,Québec,CA-QC,20.43,54.67,95.17,92.34,hydroquebec.com,false,""
2025-08-07T03:00:00.000000,Canada,Québec,CA-QC,23.12,58.04,94.52,90.54,hydroquebec.com,false,""
2025-08-07T04:00:00.000000,Canada,Québec,CA-QC,23.34,58.45,94.49,89.81,hydroquebec.com,false,""
2025-08-07T05:00:00.000000,Canada,Québec,CA-QC,24.4,59.75,94.27,88.79,hydroquebec.com,false,""
2025-08-07T06:00:00.000000,Canada,Québec,CA-QC,23.43,58.59,94.55,88.7,hydroquebec.com,false,""
2025-08-07T07:00:00.000000,Canada,Québec,CA-QC,24.0,59.26,94.42,88.35,hydroquebec.com,false,""
2025-08-07T08:00:00.000000,Canada,Québec,CA-QC,23.99,59.24,94.44,88.44,hydroquebec.com,false,""
2025-08-07T09:00:00.000000,Canada,Québec,CA-QC,24.72,60.24,94.21,88.66,hydroquebec.com,false,""
2025-08-07T10:00:00.000000,Canada,Québec,CA-QC,24.19,59.46,94.31,89.18,hydroquebec.com,false,""
2025-08-07T11:00:00.000000,Canada,Québec,CA-QC,24.16,59.15,94.27,89.39,hydroquebec.com,false,""
2025-08-07T12:00:00.000000,Canada,Québec,CA-QC,23.42,58.05,94.46,90.03,hydroquebec.com,false,""
2025-08-07T13:00:00.000000,Canada,Québec,CA-QC,22.43,56.72,94.72,90.77,hydroquebec.com,false,""
2025-08-07T14:00:00.000000,Canada,Québec,CA-QC,19.68,53.41,95.43,92.6,hydroquebec.com,false,""
2025-08-07T15:00:00.000000,Canada,Québec,CA-QC,21.63,55.59,94.99,92.14,hydroquebec.com,false,""
2025-08-07T16:00:00.000000,Canada,Québec,CA-QC,19.4,52.95,95.47,92.91,hydroquebec.com,false,""
2025-08-07T17:00:00.000000,Canada,Québec,CA-QC,17.0,50.12,96.1,94.61,hydroquebec.com,false,""
2025-08-07T18:00:00.000000,Canada,Québec,CA-QC,15.67,48.48,96.46,95.51,hydroquebec.com,false,""
2025-08-07T19:00:00.000000,Canada,Québec,CA-QC,15.75,48.43,96.45,95.51,hydroquebec.com,false,""
2025-08-07T20:00:00.000000,Canada,Québec,CA-QC,14.29,46.54,96.76,95.92,hydroquebec.com,false,""
2025-08-07T21:00:00.000000,Canada,Québec,CA-QC,10.95,42.39,97.52,96.87,hydroquebec.com,false,""
2025-08-07T22:00:00.000000,Canada,Québec,CA-QC,1.85,31.37,99.58,99.47,hydroquebec.com,false,""
2025-08-07T23:00:00.000000,Canada,Québec,CA-QC,8.17,38.93,98.15,97.66,hydroquebec.com,false,""
2025-08-08T00:00:00.000000,Canada,Québec,CA-QC,12.74,44.69,97.12,96.33,hydroquebec.com,false,""
2025-08-08T01:00:00.000000,Canada,Québec,CA-QC,15.94,48.7,96.37,95.1,hydroquebec.com,false,""
2025-08-08T02:00:00.000000,Canada,Québec,CA-QC,20.12,53.85,95.32,92.63,hydroquebec.com,false,""
2025-08-08T03:00:00.000000,Canada,Québec,CA-QC,22.02,56.54,94.86,91.43,hydroquebec.com,false,""
2025-08-08T04:00:00.000000,Canada,Québec,CA-QC,24.27,59.32,94.28,89.33,hydroquebec.com,false,""
2025-08-08T05:00:00.000000,Canada,Québec,CA-QC,24.35,59.49,94.31,88.79,hydroquebec.com,false,""
2025-08-08T06:00:00.000000,Canada,Québec,CA-QC,24.57,59.73,94.32,88.45,hydroquebec.com,false,""
2025-08-08T07:00:00.000000,Canada,Québec,CA-QC,24.63,59.96,94.25,88.21,hydroquebec.com,false,""
2025-08-08T08:00:00.000000,Canada,Québec,CA-QC,24.45,59.75,94.27,88.25,hydroquebec.com,false,""
2025-08-08T09:00:00.000000,Canada,Québec,CA-QC,24.74,60.13,94.17,88.35,hydroquebec.com,false,""
2025-08-08T10:00:00.000000,Canada,Québec,CA-QC,25.2,60.63,94.0,88.59,hydroquebec.com,false,""
2025-08-08T11:00:00.000000,Canada,Québec,CA-QC,24.04,58.94,94.26,89.43,hydroquebec.com,false,""
2025-08-08T12:00:00.000000,Canada,Québec,CA-QC,23.05,57.52,94.51,90.13,hydroquebec.com,false,""
2025-08-08T13:00:00.000000,Canada,Québec,CA-QC,21.16,55.15,95.0,91.43,hydroquebec.com,false,""
2025-08-08T14:00:00.000000,Canada,Québec,CA-QC,20.17,53.86,95.25,92.15,hydroquebec.com,false,""
2025-08-08T15:00:00.000000,Canada,Québec,CA-QC,19.14,52.54,95.54,92.89,hydroquebec.com,false,""
2025-08-08T16:00:00.000000,Canada,Québec,CA-QC,21.57,55.34,94.92,91.94,hydroquebec.com,false,""
2025-08-08T17:00:00.000000,Canada,Québec,CA-QC,20.49,54.01,95.17,92.74,hydroquebec.com,false,""
2025-08-08T18:00:00.000000,Canada,Québec,CA-QC,18.44,51.54,95.72,93.99,hydroquebec.com,false,""
2025-08-08T19:00:00.000000,Canada,Québec,CA-QC,18.51,51.55,95.74,94.35,hydroquebec.com,false,""
2025-08-08T20:00:00.000000,Canada,Québec,CA-QC,15.14,47.4,96.57,95.71,hydroquebec.com,false,""
2025-08-08T21:00:00.000000,Canada,Québec,CA-QC,13.16,44.81,97.02,96.28,hydroquebec.com,false,""
2025-08-08T22:00:00.000000,Canada,Québec,CA-QC,13.02,44.59,97.06,96.32,hydroquebec.com,false,""
2025-08-08T23:00:00.000000,Canada,Québec,CA-QC,13.66,45.56,96.88,96.0,hydroquebec.com,false,""
2025-08-09T00:00:00.000000,Canada,Québec,CA-QC,16.16,48.62,96.25,94.59,hydroquebec.com,false,""
2025-08-09T01:00:00.000000,Canada,Québec,CA-QC,21.54,54.98,94.9,91.78,hydroquebec.com,false,""
2025-08-09T02:00:00.000000,Canada,Québec,CA-QC,23.48,57.44,94.39,90.55,hydroquebec.com,false,""
2025-08-09T03:00:00.000000,Canada,Québec,CA-QC,24.97,59.32,94.09,89.58,hydroquebec.com,false,""
2025-08-09T04:00:00.000000,Canada,Québec,CA-QC,25.15,59.62,94.09,89.01,hydroquebec.com,false,""
2025-08-09T05:00:00.000000,Canada,Québec,CA-QC,25.07,59.64,94.13,88.54,hydroquebec.com,false,""
2025-08-09T06:00:00.000000,Canada,Québec,CA-QC,25.67,60.52,93.99,87.93,hydroquebec.com,false,""
2025-08-09T07:00:00.000000,Canada,Québec,CA-QC,25.06,59.84,94.15,87.75,hydroquebec.com,false,""
2025-08-09T08:00:00.000000,Canada,Québec,CA-QC,25.58,60.6,94.04,87.52,hydroquebec.com,false,""
2025-08-09T09:00:00.000000,Canada,Québec,CA-QC,26.18,61.37,93.86,87.37,hydroquebec.com,false,""
2025-08-09T10:00:00.000000,Canada,Québec,CA-QC,26.47,61.74,93.74,87.43,hydroquebec.com,false,""
2025-08-09T11:00:00.000000,Canada,Québec,CA-QC,25.72,60.67,93.96,87.96,hydroquebec.com,false,""
2025-08-09T12:00:00.000000,Canada,Québec,CA-QC,25.46,60.33,94.01,88.66,hydroquebec.com,false,""
2025-08-09T13:00:00.000000,Canada,Québec,CA-QC,25.07,59.76,94.1,89.28,hydroquebec.com,false,""
2025-08-09T14:00:00.000000,Canada,Québec,CA-QC,23.97,58.27,94.35,89.93,hydroquebec.com,false,""
2025-08-09T15:00:00.000000,Canada,Québec,CA-QC,23.04,56.98,94.57,90.64,hydroquebec.com,false,""
2025-08-09T16:00:00.000000,Canada,Québec,CA-QC,22.82,56.56,94.66,90.95,hydroquebec.com,false,""
2025-08-09T17:00:00.000000,Canada,Québec,CA-QC,21.49,55.03,95.0,91.94,hydroquebec.com,false,""
2025-08-09T18:00:00.000000,Canada,Québec,CA-QC,22.36,55.95,94.78,91.54,hydroquebec.com,false,""
2025-08-09T19:00:00.000000,Canada,Québec,CA-QC,20.24,53.54,95.32,93.0,hydroquebec.com,false,""
2025-08-09T20:00:00.000000,Canada,Québec,CA-QC,18.3,51.19,95.78,94.15,hydroquebec.com,false,""
2025-08-09T21:00:00.000000,Canada,Québec,CA-QC,15.24,47.31,96.57,95.68,hydroquebec.com,false,""
2025-08-09T22:00:00.000000,Canada,Québec,CA-QC,13.56,45.23,96.96,96.16,hydroquebec.com,false,""
2025-08-09T23:00:00.000000,Canada,Québec,CA-QC,13.49,45.26,96.96,96.15,hydroquebec.com,false,""
2025-08-10T00:00:00.000000,Canada,Québec,CA-QC,15.55,47.75,96.48,95.34,hydroquebec.com,false,""
2025-08-10T01:00:00.000000,Canada,Québec,CA-QC,18.53,51.28,95.74,93.67,hydroquebec.com,false,""
2025-08-10T02:00:00.000000,Canada,Québec,CA-QC,22.25,55.73,94.83,91.64,hydroquebec.com,false,""
2025-08-10T03:00:00.000000,Canada,Québec,CA-QC,25.28,59.38,94.11,89.78,hydroquebec.com,false,""
2025-08-10T04:00:00.000000,Canada,Québec,CA-QC,25.13,59.36,94.16,89.26,hydroquebec.com,false,""
2025-08-10T05:00:00.000000,Canada,Québec,CA-QC,24.36,58.6,94.35,88.97,hydroquebec.com,false,""
2025-08-10T06:00:00.000000,Canada,Québec,CA-QC,24.17,58.56,94.4,88.63,hydroquebec.com,false,""
2025-08-10T07:00:00.000000,Canada,Québec,CA-QC,24.56,59.2,94.29,88.2,hydroquebec.com,false,""
2025-08-10T08:00:00.000000,Canada,Québec,CA-QC,25.03,59.85,94.17,87.91,hydroquebec.com,false,""
2025-08-10T09:00:00.000000,Canada,Québec,CA-QC,25.38,60.32,94.09,87.8,hydroquebec.com,false,""
2025-08-10T10:00:00.000000,Canada,Québec,CA-QC,25.95,61.04,93.93,87.69,hydroquebec.com,false,""
2025-08-10T11:00:00.000000,Canada,Québec,CA-QC,25.83,60.85,93.96,88.04,hydroquebec.com,false,""
2025-08-10T12:00:00.000000,Canada,Québec,CA-QC,25.43,60.38,94.05,88.71,hydroquebec.com,false,""
2025-08-10T13:00:00.000000,Canada,Québec,CA-QC,24.86,59.68,94.18,89.51,hydroquebec.com,false,""
2025-08-10T14:00:00.000000,Canada,Québec,CA-QC,24.7,59.38,94.2,89.85,hydroquebec.com,false,""
2025-08-10T15:00:00.000000,Canada,Québec,CA-QC,23.81,58.26,94.41,90.55,hydroquebec.com,false,""
2025-08-10T16:00:00.000000,Canada,Québec,CA-QC,23.09,57.14,94.69,91.44,hydroquebec.com,false,""
2025-08-10T17:00:00.000000,Canada,Québec,CA-QC,20.29,53.63,95.38,92.97,hydroquebec.com,false,""
2025-08-10T18:00:00.000000,Canada,Québec,CA-QC,18.8,51.81,95.73,93.85,hydroquebec.com,false,""
2025-08-10T19:00:00.000000,Canada,Québec,CA-QC,18.17,50.9,95.87,94.01,hydroquebec.com,false,""
2025-08-10T20:00:00.000000,Canada,Québec,CA-QC,14.72,46.71,96.71,95.9,hydroquebec.com,false,""
2025-08-10T21:00:00.000000,Canada,Québec,CA-QC,13.8,45.32,96.92,96.18,hydroquebec.com,false,""
2025-08-10T22:00:00.000000,Canada,Québec,CA-QC,11.98,42.96,97.32,96.69,hydroquebec.com,false,""
2025-08-10T23:00:00.000000,Canada,Québec,CA-QC,12.33,43.36,97.24,96.57,hydroquebec.com,false,""
2025-08-11T00:00:00.000000,Canada,Québec,CA-QC,13.61,44.95,96.95,96.19,hydroquebec.com,false,""
2025-08-11T01:00:00.000000,Canada,Québec,CA-QC,13.41,44.7,97.0,96.23,hydroquebec.com,false,""
2025-08-11T02:00:00.000000,Canada,Québec,CA-QC,16.74,48.77,96.2,94.79,hydroquebec.com,false,""
2025-08-11T03:00:00.000000,Canada,Québec,CA-QC,19.14,51.8,95.65,93.6,hydroquebec.com,false,""
2025-08-11T04:00:00.000000,Canada,Québec,CA-QC,23.81,57.37,94.48,90.41,hydroquebec.com,false,""
2025-08-11T05:00:00.000000,Canada,Québec,CA-QC,24.08,58.05,94.36,89.95,hydroquebec.com,false,""
2025-08-11T06:00:00.000000,Canada,Québec,CA-QC,24.43,58.55,94.23,89.16,hydroquebec.com,false,""
2025-08-11T07:00:00.000000,Canada,Québec,CA-QC,24.13,58.25,94.32,89.0,hydroquebec.com,false,""
2025-08-11T08:00:00.000000,Canada,Québec,CA-QC,25.35,59.91,94.01,88.52,hydroquebec.com,false,""
2025-08-11T09:00:00.000000,Canada,Québec,CA-QC,25.85,60.64,93.89,88.48,hydroquebec.com,false,""
2025-08-11T10:00:00.000000,Canada,Québec,CA-QC,24.66,59.1,94.18,89.28,hydroquebec.com,false,""
2025-08-11T11:00:00.000000,Canada,Québec,CA-QC,21.88,55.66,94.91,91.25,hydroquebec.com,false,""
2025-08-11T12:00:00.000000,Canada,Québec,CA-QC,20.82,54.32,95.19,92.1,hydroquebec.com,false,""
2025-08-11T13:00:00.000000,Canada,Québec,CA-QC,19.56,52.85,95.52,93.2,hydroquebec.com,false,""
2025-08-11T14:00:00.000000,Canada,Québec,CA-QC,17.14,49.83,96.17,94.95,hydroquebec.com,false,""
2025-08-11T15:00:00.000000,Canada,Québec,CA-QC,15.97,48.29,96.43,95.5,hydroquebec.com,false,""
2025-08-11T16:00:00.000000,Canada,Québec,CA-QC,16.06,48.1,96.39,95.53,hydroquebec.com,false,""
2025-08-11T17:00:00.000000,Canada,Québec,CA-QC,13.81,44.98,96.93,96.23,hydroquebec.com,false,""
2025-08-11T18:00:00.000000,Canada,Québec,CA-QC,12.37,43.21,97.24,96.64,hydroquebec.com,false,""
2025-08-11T19:00:00.000000,Canada,Québec,CA-QC,4.99,34.25,98.88,98.64,hydroquebec.com,false,""
2025-08-11T20:00:00.000000,Canada,Québec,CA-QC,2.37,30.92,99.46,99.27,hydroquebec.com,false,""
2025-08-11T21:00:00.000000,Canada,Québec,CA-QC,2.06,30.5,99.51,99.22,hydroquebec.com,false,""
2025-08-11T22:00:00.000000,Canada,Québec,CA-QC,0.47,28.59,99.87,99.72,hydroquebec.com,false,""
2025-08-11T23:00:00.000000,Canada,Québec,CA-QC,0.0,28.03,100.0,100.0,hydroquebec.com,false,""
2025-08-12T00:00:00.000000,Canada,Québec,CA-QC,1.07,29.31,99.76,99.71,hydroquebec.com,false,""
2025-08-12T01:00:00.000000,Canada,Québec,CA-QC,9.24,39.34,97.92,97.47,hydroquebec.com,false,""
2025-08-12T02:00:00.000000,Canada,Québec,CA-QC,18.4,50.67,95.77,93.95,hydroquebec.com,false,""
2025-08-12T03:00:00.000000,Canada,Québec,CA-QC,21.06,54.13,95.15,92.68,hydroquebec.com,false,""
2025-08-12T04:00:00.000000,Canada,Québec,CA-QC,25.77,59.74,94.11,90.69,hydroquebec.com,false,""
2025-08-12T05:00:00.000000,Canada,Québec,CA-QC,22.11,55.66,94.91,91.82,hydroquebec.com,false,""
2025-08-12T06:00:00.000000,Canada,Québec,CA-QC,25.53,59.86,93.96,89.23,hydroquebec.com,false,""
2025-08-12T07:00:00.000000,Canada,Québec,CA-QC,26.5,61.32,93.74,88.63,hydroquebec.com,false,""
2025-08-12T08:00:00.000000,Canada,Québec,CA-QC,26.85,61.97,93.61,88.4,hydroquebec.com,false,""
2025-08-12T09:00:00.000000,Canada,Québec,CA-QC,27.6,62.85,93.46,88.3,hydroquebec.com,false,""
2025-08-12T10:00:00.000000,Canada,Québec,CA-QC,27.04,62.04,93.58,88.89,hydroquebec.com,false,""
2025-08-12T11:00:00.000000,Canada,Québec,CA-QC,22.88,56.8,94.64,91.43,hydroquebec.com,false,""
2025-08-12T12:00:00.000000,Canada,Québec,CA-QC,21.15,54.53,95.12,92.51,hydroquebec.com,false,""
2025-08-12T13:00:00.000000,Canada,Québec,CA-QC,19.4,52.37,95.57,93.53,hydroquebec.com,false,""
2025-08-12T14:00:00.000000,Canada,Québec,CA-QC,15.43,47.51,96.56,95.72,hydroquebec.com,false,""
2025-08-12T15:00:00.000000,Canada,Québec,CA-QC,14.81,46.52,96.68,95.95,hydroquebec.com,false,""
2025-08-12T16:00:00.000000,Canada,Québec,CA-QC,14.25,45.55,96.8,96.13,hydroquebec.com,false,""
2025-08-12T17:00:00.000000,Canada,Québec,CA-QC,4.77,33.88,98.93,98.71,hydroquebec.com,false,""
2025-08-12T18:00:00.000000,Canada,Québec,CA-QC,0.12,28.04,99.97,99.97,hydroquebec.com,false,""
2025-08-12T19:00:00.000000,Canada,Québec,CA-QC,0.2,28.0,99.95,99.89,hydroquebec.com,false,""
2025-08-12T20:00:00.000000,Canada,Québec,CA-QC,1.15,29.11,99.7,99.33,hydroquebec.com,false,""
2025-08-12T21:00:00.000000,Canada,Québec,CA-QC,1.14,29.14,99.7,99.33,hydroquebec.com,false,""
2025-08-12T22:00:00.000000,Canada,Québec,CA-QC,1.18,29.25,99.69,99.31,hydroquebec.com,false,""
2025-08-12T23:00:00.000000,Canada,Québec,CA-QC,1.12,29.2,99.7,99.35,hydroquebec.com,false,""
2025-08-13T00:00:00.000000,Canada,Québec,CA-QC,0.01,27.84,100.0,99.99,hydroquebec.com,false,""
2025-08-13T01:00:00.000000,Canada,Québec,CA-QC,0.93,29.02,99.79,99.74,hydroquebec.com,false,""
2025-08-13T02:00:00.000000,Canada,Québec,CA-QC,12.24,42.98,97.23,96.64,hydroquebec.com,false,""
2025-08-13T03:00:00.000000,Canada,Québec,CA-QC,21.17,54.18,95.08,92.63,hydroquebec.com,false,""
2025-08-13T04:00:00.000000,Canada,Québec,CA-QC,22.4,55.78,94.83,91.88,hydroquebec.com,false,""
2025-08-13T05:00:00.000000,Canada,Québec,CA-QC,22.11,55.4,94.87,91.55,hydroquebec.com,false,""
2025-08-13T06:00:00.000000,Canada,Québec,CA-QC,23.36,57.03,94.6,90.7,hydroquebec.com,false,""
2025-08-13T07:00:00.000000,Canada,Québec,CA-QC,23.88,57.87,94.43,90.12,hydroquebec.com,false,""
2025-08-13T08:00:00.000000,Canada,Québec,CA-QC,23.87,58.03,94.39,89.98,hydroquebec.com,false,""
2025-08-13T09:00:00.000000,Canada,Québec,CA-QC,23.87,57.84,94.44,90.17,hydroquebec.com,false,""
2025-08-13T10:00:00.000000,Canada,Québec,CA-QC,23.21,56.85,94.6,90.66,hydroquebec.com,false,""
2025-08-13T11:00:00.000000,Canada,Québec,CA-QC,22.49,56.05,94.72,91.05,hydroquebec.com,false,""
2025-08-13T12:00:00.000000,Canada,Québec,CA-QC,21.16,54.4,95.09,92.02,hydroquebec.com,false,""
2025-08-13T13:00:00.000000,Canada,Québec,CA-QC,15.81,47.91,96.29,93.63,hydroquebec.com,false,""
2025-08-13T14:00:00.000000,Canada,Québec,CA-QC,7.07,37.27,98.22,95.93,hydroquebec.com,false,""
2025-08-13T15:00:00.000000,Canada,Québec,CA-QC,4.58,33.87,98.84,97.36,hydroquebec.com,false,""
2025-08-13T16:00:00.000000,Canada,Québec,CA-QC,1.83,30.37,99.52,98.92,hydroquebec.com,false,""
2025-08-13T17:00:00.000000,Canada,Québec,CA-QC,0.23,28.29,99.94,99.87,hydroquebec.com,false,""
2025-08-13T18:00:00.000000,Canada,Québec,CA-QC,0.01,27.86,100.0,99.99,hydroquebec.com,false,""
2025-08-13T19:00:00.000000,Canada,Québec,CA-QC,0.0,27.69,100.0,100.0,hydroquebec.com,false,""
2025-08-13T20:00:00.000000,Canada,Québec,CA-QC,0.0,27.6,100.0,100.0,hydroquebec.com,false,""
2025-08-13T21:00:00.000000,Canada,Québec,CA-QC,0.0,27.6,100.0,100.0,hydroquebec.com,false,""
2025-08-13T22:00:00.000000,Canada,Québec,CA-QC,0.0,27.61,100.0,100.0,hydroquebec.com,false,""
2025-08-13T23:00:00.000000,Canada,Québec,CA-QC,0.0,27.8,100.0,100.0,hydroquebec.com,false,""
2025-08-14T00:00:00.000000,Canada,Québec,CA-QC,0.01,28.07,100.0,99.99,hydroquebec.com,false,""
2025-08-14T01:00:00.000000,Canada,Québec,CA-QC,2.81,31.6,99.28,98.34,hydroquebec.com,false,""
2025-08-14T02:00:00.000000,Canada,Québec,CA-QC,8.51,38.65,97.89,95.6,hydroquebec.com,false,""
2025-08-14T03:00:00.000000,Canada,Québec,CA-QC,18.02,50.39,95.73,92.41,hydroquebec.com,false,""
2025-08-14T04:00:00.000000,Canada,Québec,CA-QC,22.55,56.01,94.76,90.82,hydroquebec.com,false,""
2025-08-14T05:00:00.000000,Canada,Québec,CA-QC,23.23,56.84,94.66,90.1,hydroquebec.com,false,""
2025-08-14T06:00:00.000000,Canada,Québec,CA-QC,23.49,57.44,94.57,89.56,hydroquebec.com,false,""
2025-08-14T07:00:00.000000,Canada,Québec,CA-QC,24.21,58.65,94.33,88.93,hydroquebec.com,false,""
2025-08-14T08:00:00.000000,Canada,Québec,CA-QC,24.7,59.34,94.21,88.62,hydroquebec.com,false,""
2025-08-14T09:00:00.000000,Canada,Québec,CA-QC,23.68,57.71,94.44,89.26,hydroquebec.com,false,""
2025-08-14T10:00:00.000000,Canada,Québec,CA-QC,22.11,55.48,94.83,90.46,hydroquebec.com,false,""
2025-08-14T11:00:00.000000,Canada,Québec,CA-QC,23.14,56.67,94.58,90.28,hydroquebec.com,false,""
2025-08-14T12:00:00.000000,Canada,Québec,CA-QC,23.6,57.19,94.49,90.42,hydroquebec.com,false,""
2025-08-14T13:00:00.000000,Canada,Québec,CA-QC,23.41,56.95,94.52,90.7,hydroquebec.com,false,""
2025-08-14T14:00:00.000000,Canada,Québec,CA-QC,22.98,56.46,94.63,91.17,hydroquebec.com,false,""
2025-08-14T15:00:00.000000,Canada,Québec,CA-QC,23.09,56.48,94.61,91.31,hydroquebec.com,false,""
2025-08-14T16:00:00.000000,Canada,Québec,CA-QC,18.41,50.68,95.64,92.73,hydroquebec.com,false,""
2025-08-14T17:00:00.000000,Canada,Québec,CA-QC,6.33,35.88,98.41,96.56,hydroquebec.com,false,""
2025-08-14T18:00:00.000000,Canada,Québec,CA-QC,4.41,33.23,98.88,97.48,hydroquebec.com,false,""
2025-08-14T19:00:00.000000,Canada,Québec,CA-QC,3.14,31.55,99.2,98.22,hydroquebec.com,false,""
2025-08-14T20:00:00.000000,Canada,Québec,CA-QC,0.05,27.8,99.99,99.97,hydroquebec.com,false,""
2025-08-14T21:00:00.000000,Canada,Québec,CA-QC,0.0,27.67,100.0,100.0,hydroquebec.com,false,""
2025-08-14T22:00:00.000000,Canada,Québec,CA-QC,0.0,27.71,100.0,100.0,hydroquebec.com,false,""
2025-08-14T23:00:00.000000,Canada,Québec,CA-QC,0.93,28.96,99.76,99.47,hydroquebec.com,false,""
2025-08-15T00:00:00.000000,Canada,Québec,CA-QC,2.18,30.67,99.44,98.74,hydroquebec.com,false,""
2025-08-15T01:00:00.000000,Canada,Québec,CA-QC,11.44,42.04,97.27,95.31,hydroquebec.com,false,""
2025-08-15T02:00:00.000000,Canada,Québec,CA-QC,22.75,55.99,94.69,91.66,hydroquebec.com,false,""
2025-08-15T03:00:00.000000,Canada,Québec,CA-QC,23.91,57.65,94.33,90.55,hydroquebec.com,false,""
2025-08-15T04:00:00.000000,Canada,Québec,CA-QC,24.55,58.3,94.22,89.72,hydroquebec.com,false,""
2025-08-15T05:00:00.000000,Canada,Québec,CA-QC,24.54,58.47,94.21,89.24,hydroquebec.com,false,""
2025-08-15T06:00:00.000000,Canada,Québec,CA-QC,25.67,60.22,93.94,88.45,hydroquebec.com,false,""
2025-08-15T07:00:00.000000,Canada,Québec,CA-QC,26.51,61.49,93.74,87.91,hydroquebec.com,false,""
2025-08-15T08:00:00.000000,Canada,Québec,CA-QC,26.41,61.48,93.77,87.81,hydroquebec.com,false,""
2025-08-15T09:00:00.000000,Canada,Québec,CA-QC,26.41,61.51,93.77,87.93,hydroquebec.com,false,""
2025-08-15T10:00:00.000000,Canada,Québec,CA-QC,25.04,59.66,94.05,88.72,hydroquebec.com,false,""
2025-08-15T11:00:00.000000,Canada,Québec,CA-QC,23.84,57.94,94.35,89.59,hydroquebec.com,false,""
2025-08-15T12:00:00.000000,Canada,Québec,CA-QC,23.07,57.05,94.49,90.17,hydroquebec.com,false,""
2025-08-15T13:00:00.000000,Canada,Québec,CA-QC,23.77,57.87,94.34,90.29,hydroquebec.com,false,""
2025-08-15T14:00:00.000000,Canada,Québec,CA-QC,23.59,57.68,94.34,90.56,hydroquebec.com,false,""
2025-08-15T15:00:00.000000,Canada,Québec,CA-QC,24.1,58.25,94.23,90.61,hydroquebec.com,false,""
2025-08-15T16:00:00.000000,Canada,Québec,CA-QC,29.45,64.97,92.88,89.13,hydroquebec.com,false,""
2025-08-15T17:00:00.000000,Canada,Québec,CA-QC,29.65,65.28,92.8,89.15,hydroquebec.com,false,""
2025-08-15T18:00:00.000000,Canada,Québec,CA-QC,26.35,61.42,93.65,91.13,hydroquebec.com,false,""
2025-08-15T19:00:00.000000,Canada,Québec,CA-QC,4.33,34.54,98.99,98.75,hydroquebec.com,false,""
2025-08-15T20:00:00.000000,Canada,Québec,CA-QC,0.49,29.44,99.87,99.7,hydroquebec.com,false,""
2025-08-15T21:00:00.000000,Canada,Québec,CA-QC,0.0,28.51,100.0,100.0,hydroquebec.com,false,""
2025-08-15T22:00:00.000000,Canada,Québec,CA-QC,0.0,28.28,100.0,100.0,hydroquebec.com,false,""
2025-08-15T23:00:00.000000,Canada,Québec,CA-QC,0.0,28.52,100.0,100.0,hydroquebec.com,false,""
2025-08-16T00:00:00.000000,Canada,Québec,CA-QC,4.97,35.0,98.83,98.31,hydroquebec.com,false,""
2025-08-16T01:00:00.000000,Canada,Québec,CA-QC,21.38,54.96,94.97,92.25,hydroquebec.com,false,""
2025-08-16T02:00:00.000000,Canada,Québec,CA-QC,25.82,60.61,93.92,90.07,hydroquebec.com,false,""
2025-08-16T03:00:00.000000,Canada,Québec,CA-QC,26.73,61.87,93.71,89.26,hydroquebec.com,false,""
2025-08-16T04:00:00.000000,Canada,Québec,CA-QC,31.19,67.54,92.59,87.4,hydroquebec.com,false,""
2025-08-16T05:00:00.000000,Canada,Québec,CA-QC,45.15,85.39,88.99,82.24,hydroquebec.com,false,""
2025-08-16T06:00:00.000000,Canada,Québec,CA-QC,42.99,82.49,89.58,82.13,hydroquebec.com,false,""
2025-08-16T07:00:00.000000,Canada,Québec,CA-QC,36.67,74.51,91.12,83.79,hydroquebec.com,false,""
2025-08-16T08:00:00.000000,Canada,Québec,CA-QC,33.7,70.73,91.89,84.91,hydroquebec.com,false,""
2025-08-16T09:00:00.000000,Canada,Québec,CA-QC,34.8,72.16,91.62,84.63,hydroquebec.com,false,""
2025-08-16T10:00:00.000000,Canada,Québec,CA-QC,39.86,78.61,90.33,83.0,hydroquebec.com,false,""
2025-08-16T11:00:00.000000,Canada,Québec,CA-QC,38.84,77.33,90.55,83.59,hydroquebec.com,false,""
2025-08-16T12:00:00.000000,Canada,Québec,CA-QC,37.97,76.2,90.72,84.2,hydroquebec.com,false,""
2025-08-16T13:00:00.000000,Canada,Québec,CA-QC,36.87,74.73,91.0,85.07,hydroquebec.com,false,""
2025-08-16T14:00:00.000000,Canada,Québec,CA-QC,36.45,74.16,91.14,85.82,hydroquebec.com,false,""
2025-08-16T15:00:00.000000,Canada,Québec,CA-QC,34.73,71.96,91.56,87.11,hydroquebec.com,false,""
2025-08-16T16:00:00.000000,Canada,Québec,CA-QC,26.71,61.8,93.6,90.6,hydroquebec.com,false,""
2025-08-16T17:00:00.000000,Canada,Québec,CA-QC,23.48,57.73,94.42,92.58,hydroquebec.com,false,""
2025-08-16T18:00:00.000000,Canada,Québec,CA-QC,21.02,54.58,95.05,93.86,hydroquebec.com,false,""
2025-08-16T19:00:00.000000,Canada,Québec,CA-QC,14.88,46.72,96.59,95.88,hydroquebec.com,false,""
2025-08-16T20:00:00.000000,Canada,Québec,CA-QC,13.33,44.48,96.95,96.31,hydroquebec.com,false,""
2025-08-16T21:00:00.000000,Canada,Québec,CA-QC,12.61,43.37,97.12,96.52,hydroquebec.com,false,""
2025-08-16T22:00:00.000000,Canada,Québec,CA-QC,11.69,42.24,97.33,96.77,hydroquebec.com,false,""
2025-08-16T23:00:00.000000,Canada,Québec,CA-QC,12.95,43.85,97.04,96.42,hydroquebec.com,false,""
2025-08-17T00:00:00.000000,Canada,Québec,CA-QC,14.28,45.52,96.73,96.02,hydroquebec.com,false,""
2025-08-17T01:00:00.000000,Canada,Québec,CA-QC,17.71,49.48,95.87,94.05,hydroquebec.com,false,""
2025-08-17T02:00:00.000000,Canada,Québec,CA-QC,22.76,55.45,94.64,91.2,hydroquebec.com,false,""
2025-08-17T03:00:00.000000,Canada,Québec,CA-QC,27.35,61.26,93.53,88.98,hydroquebec.com,false,""
2025-08-17T04:00:00.000000,Canada,Québec,CA-QC,35.01,71.3,91.58,86.17,hydroquebec.com,false,""
2025-08-17T05:00:00.000000,Canada,Québec,CA-QC,36.29,73.09,91.22,84.78,hydroquebec.com,false,""
2025-08-17T06:00:00.000000,Canada,Québec,CA-QC,33.49,69.85,91.94,85.5,hydroquebec.com,false,""
2025-08-17T07:00:00.000000,Canada,Québec,CA-QC,32.66,68.97,92.15,85.58,hydroquebec.com,false,""
2025-08-17T08:00:00.000000,Canada,Québec,CA-QC,29.87,65.44,92.87,86.35,hydroquebec.com,false,""
2025-08-17T09:00:00.000000,Canada,Québec,CA-QC,36.1,73.35,91.25,84.05,hydroquebec.com,false,""
2025-08-17T10:00:00.000000,Canada,Québec,CA-QC,36.21,73.48,91.23,83.96,hydroquebec.com,false,""
2025-08-17T11:00:00.000000,Canada,Québec,CA-QC,40.51,78.73,90.1,82.55,hydroquebec.com,false,""
2025-08-17T12:00:00.000000,Canada,Québec,CA-QC,39.48,77.1,90.38,83.26,hydroquebec.com,false,""
2025-08-17T13:00:00.000000,Canada,Québec,CA-QC,37.51,74.44,90.84,84.37,hydroquebec.com,false,""
2025-08-17T14:00:00.000000,Canada,Québec,CA-QC,36.68,73.48,91.04,85.01,hydroquebec.com,false,""
2025-08-17T15:00:00.000000,Canada,Québec,CA-QC,35.97,72.78,91.21,85.59,hydroquebec.com,false,""
2025-08-17T16:00:00.000000,Canada,Québec,CA-QC,29.71,64.89,92.81,87.92,hydroquebec.com,false,""
2025-08-17T17:00:00.000000,Canada,Québec,CA-QC,24.81,58.63,94.05,89.7,hydroquebec.com,false,""
2025-08-17T18:00:00.000000,Canada,Québec,CA-QC,24.24,57.8,94.19,89.89,hydroquebec.com,false,""
2025-08-17T19:00:00.000000,Canada,Québec,CA-QC,22.33,55.35,94.63,90.49,hydroquebec.com,false,""
2025-08-17T20:00:00.000000,Canada,Québec,CA-QC,20.67,53.09,95.06,91.42,hydroquebec.com,false,""
2025-08-17T21:00:00.000000,Canada,Québec,CA-QC,14.5,45.37,96.47,93.34,hydroquebec.com,false,""
2025-08-17T22:00:00.000000,Canada,Québec,CA-QC,15.86,46.83,96.16,93.03,hydroquebec.com,false,""
2025-08-17T23:00:00.000000,Canada,Québec,CA-QC,17.02,48.25,95.89,92.67,hydroquebec.com,false,""
2025-08-18T00:00:00.000000,Canada,Québec,CA-QC,21.5,53.66,94.89,91.34,hydroquebec.com,false,""
2025-08-18T01:00:00.000000,Canada,Québec,CA-QC,23.57,56.31,94.35,90.22,hydroquebec.com,false,""
2025-08-18T02:00:00.000000,Canada,Québec,CA-QC,25.69,59.08,93.87,88.94,hydroquebec.com,false,""
2025-08-18T03:00:00.000000,Canada,Québec,CA-QC,24.84,58.17,94.1,88.47,hydroquebec.com,false,""
2025-08-18T04:00:00.000000,Canada,Québec,CA-QC,20.27,52.76,95.16,89.35,hydroquebec.com,false,""
2025-08-18T05:00:00.000000,Canada,Québec,CA-QC,13.07,44.32,96.87,92.0,hydroquebec.com,false,""
2025-08-18T06:00:00.000000,Canada,Québec,CA-QC,9.26,39.85,97.73,93.05,hydroquebec.com,false,""
2025-08-18T07:00:00.000000,Canada,Québec,CA-QC,9.13,39.63,97.69,92.33,hydroquebec.com,false,""
2025-08-18T08:00:00.000000,Canada,Québec,CA-QC,12.41,43.49,96.97,91.0,hydroquebec.com,false,""
2025-08-18T09:00:00.000000,Canada,Québec,CA-QC,23.67,56.93,94.45,87.62,hydroquebec.com,false,""
2025-08-18T10:00:00.000000,Canada,Québec,CA-QC,25.87,59.74,93.87,87.28,hydroquebec.com,false,""
2025-08-18T11:00:00.000000,Canada,Québec,CA-QC,30.97,66.19,92.53,85.95,hydroquebec.com,false,""
2025-08-18T12:00:00.000000,Canada,Québec,CA-QC,31.28,66.61,92.43,86.26,hydroquebec.com,false,""
2025-08-18T13:00:00.000000,Canada,Québec,CA-QC,30.64,65.76,92.58,86.64,hydroquebec.com,false,""
2025-08-18T14:00:00.000000,Canada,Québec,CA-QC,29.55,64.4,92.84,86.91,hydroquebec.com,false,""
2025-08-18T15:00:00.000000,Canada,Québec,CA-QC,29.78,64.75,92.76,86.86,hydroquebec.com,false,""
2025-08-18T16:00:00.000000,Canada,Québec,CA-QC,30.38,65.55,92.6,86.79,hydroquebec.com,false,""
2025-08-18T17:00:00.000000,Canada,Québec,CA-QC,28.19,62.8,93.15,87.79,hydroquebec.com,false,""
2025-08-18T18:00:00.000000,Canada,Québec,CA-QC,29.38,64.32,92.86,87.52,hydroquebec.com,false,""
2025-08-18T19:00:00.000000,Canada,Québec,CA-QC,29.74,64.8,92.79,87.54,hydroquebec.com,false,""
2025-08-18T20:00:00.000000,Canada,Québec,CA-QC,28.86,63.79,92.97,87.97,hydroquebec.com,false,""
2025-08-18T21:00:00.000000,Canada,Québec,CA-QC,28.77,63.65,93.0,88.33,hydroquebec.com,false,""
2025-08-18T22:00:00.000000,Canada,Québec,CA-QC,22.61,55.98,94.61,90.88,hydroquebec.com,false,""
2025-08-18T23:00:00.000000,Canada,Québec,CA-QC,22.25,55.53,94.7,91.0,hydroquebec.com,false,""
2025-08-19T00:00:00.000000,Canada,Québec,CA-QC,23.62,57.13,94.38,90.1,hydroquebec.com,false,""
2025-08-19T01:00:00.000000,Canada,Québec,CA-QC,23.37,56.87,94.44,89.81,hydroquebec.com,false,""
2025-08-19T02:00:00.000000,Canada,Québec,CA-QC,24.12,57.98,94.25,89.15,hydroquebec.com,false,""
2025-08-19T03:00:00.000000,Canada,Québec,CA-QC,34.14,70.77,91.76,85.11,hydroquebec.com,false,""
2025-08-19T04:00:00.000000,Canada,Québec,CA-QC,40.61,79.1,90.18,82.03,hydroquebec.com,false,""
2025-08-19T05:00:00.000000,Canada,Québec,CA-QC,40.34,78.89,90.32,81.47,hydroquebec.com,false,""
2025-08-19T06:00:00.000000,Canada,Québec,CA-QC,40.48,79.18,90.32,81.1,hydroquebec.com,false,""
2025-08-19T07:00:00.000000,Canada,Québec,CA-QC,41.02,79.98,90.15,80.75,hydroquebec.com,false,""
2025-08-19T08:00:00.000000,Canada,Québec,CA-QC,41.63,80.81,89.95,80.61,hydroquebec.com,false,""
2025-08-19T09:00:00.000000,Canada,Québec,CA-QC,42.15,81.42,89.8,80.82,hydroquebec.com,false,""
2025-08-19T10:00:00.000000,Canada,Québec,CA-QC,40.88,79.7,90.06,81.98,hydroquebec.com,false,""
2025-08-19T11:00:00.000000,Canada,Québec,CA-QC,38.93,77.06,90.56,83.27,hydroquebec.com,false,""
2025-08-19T12:00:00.000000,Canada,Québec,CA-QC,37.97,75.84,90.8,83.98,hydroquebec.com,false,""
2025-08-19T13:00:00.000000,Canada,Québec,CA-QC,38.1,76.07,90.73,84.19,hydroquebec.com,false,""
2025-08-19T14:00:00.000000,Canada,Québec,CA-QC,24.68,60.13,93.71,88.55,hydroquebec.com,false,""
2025-08-19T15:00:00.000000,Canada,Québec,CA-QC,27.99,63.79,93.04,87.75,hydroquebec.com,false,""
2025-08-19T16:00:00.000000,Canada,Québec,CA-QC,35.33,72.5,91.42,85.65,hydroquebec.com,false,""
2025-08-19T17:00:00.000000,Canada,Québec,CA-QC,35.83,73.11,91.28,85.55,hydroquebec.com,false,""
2025-08-19T18:00:00.000000,Canada,Québec,CA-QC,36.09,73.44,91.2,85.49,hydroquebec.com,false,""
2025-08-19T19:00:00.000000,Canada,Québec,CA-QC,36.29,73.73,91.16,85.48,hydroquebec.com,false,""
2025-08-19T20:00:00.000000,Canada,Québec,CA-QC,37.28,75.01,90.87,85.22,hydroquebec.com,false,""
2025-08-19T21:00:00.000000,Canada,Québec,CA-QC,34.49,71.46,91.59,86.47,hydroquebec.com,false,""
2025-08-19T22:00:00.000000,Canada,Québec,CA-QC,34.03,70.82,91.7,86.66,hydroquebec.com,false,""
2025-08-19T23:00:00.000000,Canada,Québec,CA-QC,33.5,70.22,91.84,86.89,hydroquebec.com,false,""
2025-08-20T00:00:00.000000,Canada,Québec,CA-QC,35.0,72.04,91.46,86.09,hydroquebec.com,false,""
2025-08-20T01:00:00.000000,Canada,Québec,CA-QC,36.86,74.49,90.97,85.33,hydroquebec.com,false,""
2025-08-20T02:00:00.000000,Canada,Québec,CA-QC,39.2,77.49,90.42,84.26,hydroquebec.com,false,""
2025-08-20T03:00:00.000000,Canada,Québec,CA-QC,42.22,81.41,89.68,82.44,hydroquebec.com,false,""
2025-08-20T04:00:00.000000,Canada,Québec,CA-QC,42.95,82.61,89.47,81.5,hydroquebec.com,false,""
2025-08-20T05:00:00.000000,Canada,Québec,CA-QC,43.27,83.05,89.43,80.7,hydroquebec.com,false,""
2025-08-20T06:00:00.000000,Canada,Québec,CA-QC,43.57,83.49,89.39,80.17,hydroquebec.com,false,""
2025-08-20T07:00:00.000000,Canada,Québec,CA-QC,43.58,83.59,89.39,79.97,hydroquebec.com,false,""
2025-08-20T08:00:00.000000,Canada,Québec,CA-QC,42.02,81.75,89.83,81.02,hydroquebec.com,false,""
2025-08-20T09:00:00.000000,Canada,Québec,CA-QC,41.97,81.61,89.79,81.44,hydroquebec.com,false,""
2025-08-20T10:00:00.000000,Canada,Québec,CA-QC,41.02,80.26,89.97,82.58,hydroquebec.com,false,""
2025-08-20T11:00:00.000000,Canada,Québec,CA-QC,36.58,74.49,91.09,84.82,hydroquebec.com,false,""
2025-08-20T12:00:00.000000,Canada,Québec,CA-QC,35.59,73.01,91.32,85.47,hydroquebec.com,false,""
2025-08-20T13:00:00.000000,Canada,Québec,CA-QC,34.76,71.86,91.54,85.87,hydroquebec.com,false,""
2025-08-20T14:00:00.000000,Canada,Québec,CA-QC,34.28,71.16,91.68,86.07,hydroquebec.com,false,""
2025-08-20T15:00:00.000000,Canada,Québec,CA-QC,35.24,72.34,91.41,85.86,hydroquebec.com,false,""
2025-08-20T16:00:00.000000,Canada,Québec,CA-QC,34.6,71.6,91.54,86.03,hydroquebec.com,false,""
2025-08-20T17:00:00.000000,Canada,Québec,CA-QC,34.69,71.84,91.53,86.24,hydroquebec.com,false,""
2025-08-20T18:00:00.000000,Canada,Québec,CA-QC,35.01,72.23,91.47,86.15,hydroquebec.com,false,""
2025-08-20T19:00:00.000000,Canada,Québec,CA-QC,34.44,71.56,91.63,86.47,hydroquebec.com,false,""
2025-08-20T20:00:00.000000,Canada,Québec,CA-QC,33.59,70.47,91.8,86.6,hydroquebec.com,false,""
2025-08-20T21:00:00.000000,Canada,Québec,CA-QC,31.59,67.82,92.32,87.3,hydroquebec.com,false,""
2025-08-20T22:00:00.000000,Canada,Québec,CA-QC,30.28,66.11,92.66,87.77,hydroquebec.com,false,""
2025-08-20T23:00:00.000000,Canada,Québec,CA-QC,31.01,67.09,92.49,87.72,hydroquebec.com,false,""
2025-08-21T00:00:00.000000,Canada,Québec,CA-QC,33.41,70.16,91.86,86.88,hydroquebec.com,false,""
2025-08-21T01:00:00.000000,Canada,Québec,CA-QC,34.51,71.59,91.6,86.29,hydroquebec.com,false,""
2025-08-21T02:00:00.000000,Canada,Québec,CA-QC,36.29,73.99,91.14,85.11,hydroquebec.com,false,""
2025-08-21T03:00:00.000000,Canada,Québec,CA-QC,38.32,76.79,90.67,83.77,hydroquebec.com,false,""
2025-08-21T04:00:00.000000,Canada,Québec,CA-QC,39.03,77.76,90.57,82.72,hydroquebec.com,false,""
2025-08-21T05:00:00.000000,Canada,Québec,CA-QC,39.15,78.26,90.49,82.36,hydroquebec.com,false,""
2025-08-21T06:00:00.000000,Canada,Québec,CA-QC,39.46,78.81,90.4,81.9,hydroquebec.com,false,""
2025-08-21T07:00:00.000000,Canada,Québec,CA-QC,39.31,78.63,90.43,81.57,hydroquebec.com,false,""
2025-08-21T08:00:00.000000,Canada,Québec,CA-QC,40.91,80.55,90.05,81.15,hydroquebec.com,false,""
2025-08-21T09:00:00.000000,Canada,Québec,CA-QC,41.3,80.98,89.91,81.33,hydroquebec.com,false,""
2025-08-21T10:00:00.000000,Canada,Québec,CA-QC,40.25,79.41,90.14,82.32,hydroquebec.com,false,""
2025-08-21T11:00:00.000000,Canada,Québec,CA-QC,37.18,75.29,90.93,84.02,hydroquebec.com,false,""
2025-08-21T12:00:00.000000,Canada,Québec,CA-QC,35.81,73.42,91.26,84.94,hydroquebec.com,false,""
2025-08-21T13:00:00.000000,Canada,Québec,CA-QC,34.42,71.53,91.66,85.41,hydroquebec.com,false,""
2025-08-21T14:00:00.000000,Canada,Québec,CA-QC,34.05,71.0,91.75,85.61,hydroquebec.com,false,""
2025-08-21T15:00:00.000000,Canada,Québec,CA-QC,34.34,71.3,91.66,85.71,hydroquebec.com,false,""
2025-08-21T16:00:00.000000,Canada,Québec,CA-QC,34.38,71.34,91.63,85.95,hydroquebec.com,false,""
2025-08-21T17:00:00.000000,Canada,Québec,CA-QC,34.85,71.91,91.51,85.92,hydroquebec.com,false,""
2025-08-21T18:00:00.000000,Canada,Québec,CA-QC,34.85,71.9,91.53,85.92,hydroquebec.com,false,""
2025-08-21T19:00:00.000000,Canada,Québec,CA-QC,34.72,71.76,91.55,86.02,hydroquebec.com,false,""
2025-08-21T20:00:00.000000,Canada,Québec,CA-QC,34.29,71.17,91.64,86.3,hydroquebec.com,false,""
2025-08-21T21:00:00.000000,Canada,Québec,CA-QC,33.28,69.79,91.9,86.95,hydroquebec.com,false,""
2025-08-21T22:00:00.000000,Canada,Québec,CA-QC,32.29,68.45,92.14,87.34,hydroquebec.com,false,""
2025-08-21T23:00:00.000000,Canada,Québec,CA-QC,32.37,68.65,92.09,87.39,hydroquebec.com,false,""
2025-08-22T00:00:00.000000,Canada,Québec,CA-QC,32.46,68.84,92.05,87.28,hydroquebec.com,false,""
2025-08-22T01:00:00.000000,Canada,Québec,CA-QC,35.96,73.22,91.18,85.7,hydroquebec.com,false,""
2025-08-22T02:00:00.000000,Canada,Québec,CA-QC,38.66,76.8,90.51,84.16,hydroquebec.com,false,""
2025-08-22T03:00:00.000000,Canada,Québec,CA-QC,40.42,79.13,90.11,82.77,hydroquebec.com,false,""
2025-08-22T04:00:00.000000,Canada,Québec,CA-QC,27.0,62.33,93.57,86.86,hydroquebec.com,false,""
2025-08-22T05:00:00.000000,Canada,Québec,CA-QC,24.7,59.4,94.18,87.21,hydroquebec.com,false,""
2025-08-22T06:00:00.000000,Canada,Québec,CA-QC,23.44,58.02,94.47,87.31,hydroquebec.com,false,""
2025-08-22T07:00:00.000000,Canada,Québec,CA-QC,24.79,59.64,94.17,86.63,hydroquebec.com,false,""
2025-08-22T08:00:00.000000,Canada,Québec,CA-QC,25.27,60.33,94.03,86.55,hydroquebec.com,false,""
2025-08-22T09:00:00.000000,Canada,Québec,CA-QC,25.43,60.49,93.95,86.81,hydroquebec.com,false,""
2025-08-22T10:00:00.000000,Canada,Québec,CA-QC,24.72,59.55,94.06,87.77,hydroquebec.com,false,""
2025-08-22T11:00:00.000000,Canada,Québec,CA-QC,23.86,58.18,94.27,88.56,hydroquebec.com,false,""
2025-08-22T12:00:00.000000,Canada,Québec,CA-QC,23.22,57.17,94.44,89.27,hydroquebec.com,false,""
2025-08-22T13:00:00.000000,Canada,Québec,CA-QC,22.46,56.16,94.61,89.78,hydroquebec.com,false,""
2025-08-22T14:00:00.000000,Canada,Québec,CA-QC,21.09,54.38,94.95,90.27,hydroquebec.com,false,""
2025-08-22T15:00:00.000000,Canada,Québec,CA-QC,20.71,53.85,95.03,90.48,hydroquebec.com,false,""
2025-08-22T16:00:00.000000,Canada,Québec,CA-QC,19.1,51.85,95.44,91.49,hydroquebec.com,false,""
2025-08-22T17:00:00.000000,Canada,Québec,CA-QC,19.74,52.49,95.29,91.43,hydroquebec.com,false,""
2025-08-22T18:00:00.000000,Canada,Québec,CA-QC,19.98,52.84,95.21,91.45,hydroquebec.com,false,""
2025-08-22T19:00:00.000000,Canada,Québec,CA-QC,19.65,52.44,95.33,91.85,hydroquebec.com,false,""
2025-08-22T20:00:00.000000,Canada,Québec,CA-QC,17.44,49.71,95.93,93.32,hydroquebec.com,false,""
2025-08-22T21:00:00.000000,Canada,Québec,CA-QC,16.66,48.69,96.14,94.0,hydroquebec.com,false,""
2025-08-22T22:00:00.000000,Canada,Québec,CA-QC,18.09,50.39,95.75,92.99,hydroquebec.com,false,""
2025-08-22T23:00:00.000000,Canada,Québec,CA-QC,20.31,53.17,95.21,91.89,hydroquebec.com,false,""
2025-08-23T00:00:00.000000,Canada,Québec,CA-QC,21.61,54.78,94.86,91.08,hydroquebec.com,false,""
2025-08-23T01:00:00.000000,Canada,Québec,CA-QC,23.05,56.46,94.48,90.11,hydroquebec.com,false,""
2025-08-23T02:00:00.000000,Canada,Québec,CA-QC,23.9,57.48,94.27,89.4,hydroquebec.com,false,""
2025-08-23T03:00:00.000000,Canada,Québec,CA-QC,24.67,58.4,94.09,88.7,hydroquebec.com,false,""
2025-08-23T04:00:00.000000,Canada,Québec,CA-QC,25.37,59.16,93.96,87.78,hydroquebec.com,false,""
2025-08-23T05:00:00.000000,Canada,Québec,CA-QC,23.84,57.16,94.35,87.56,hydroquebec.com,false,""
2025-08-23T06:00:00.000000,Canada,Québec,CA-QC,22.69,55.54,94.7,87.46,hydroquebec.com,false,""
2025-08-23T07:00:00.000000,Canada,Québec,CA-QC,21.72,54.28,94.9,87.42,hydroquebec.com,false,""
2025-08-23T08:00:00.000000,Canada,Québec,CA-QC,20.91,53.2,95.11,87.53,hydroquebec.com,false,""
2025-08-23T09:00:00.000000,Canada,Québec,CA-QC,21.33,53.71,95.0,87.41,hydroquebec.com,false,""
2025-08-23T10:00:00.000000,Canada,Québec,CA-QC,20.37,52.48,95.23,87.9,hydroquebec.com,false,""
2025-08-23T11:00:00.000000,Canada,Québec,CA-QC,20.02,51.91,95.32,88.41,hydroquebec.com,false,""
2025-08-23T12:00:00.000000,Canada,Québec,CA-QC,20.29,52.12,95.24,89.02,hydroquebec.com,false,""
2025-08-23T13:00:00.000000,Canada,Québec,CA-QC,20.03,51.86,95.32,90.11,hydroquebec.com,false,""
2025-08-23T14:00:00.000000,Canada,Québec,CA-QC,19.62,51.35,95.4,90.6,hydroquebec.com,false,""
2025-08-23T15:00:00.000000,Canada,Québec,CA-QC,19.22,50.81,95.47,90.93,hydroquebec.com,false,""
2025-08-23T16:00:00.000000,Canada,Québec,CA-QC,18.49,49.9,95.65,91.25,hydroquebec.com,false,""
2025-08-23T17:00:00.000000,Canada,Québec,CA-QC,18.2,49.59,95.74,91.41,hydroquebec.com,false,""
2025-08-23T18:00:00.000000,Canada,Québec,CA-QC,18.55,50.09,95.66,91.36,hydroquebec.com,false,""
2025-08-23T19:00:00.000000,Canada,Québec,CA-QC,18.67,50.41,95.62,91.37,hydroquebec.com,false,""
2025-08-23T20:00:00.000000,Canada,Québec,CA-QC,19.22,51.22,95.46,91.38,hydroquebec.com,false,""
2025-08-23T21:00:00.000000,Canada,Québec,CA-QC,18.78,50.7,95.56,91.64,hydroquebec.com,false,""
2025-08-23T22:00:00.000000,Canada,Québec,CA-QC,18.66,50.56,95.57,91.66,hydroquebec.com,false,""
2025-08-23T23:00:00.000000,Canada,Québec,CA-QC,19.13,51.07,95.46,91.47,hydroquebec.com,false,""
2025-08-24T00:00:00.000000,Canada,Québec,CA-QC,19.91,51.92,95.26,91.13,hydroquebec.com,false,""
2025-08-24T01:00:00.000000,Canada,Québec,CA-QC,20.2,52.15,95.19,90.88,hydroquebec.com,false,""
2025-08-24T02:00:00.000000,Canada,Québec,CA-QC,21.1,53.27,94.98,90.29,hydroquebec.com,false,""
2025-08-24T03:00:00.000000,Canada,Québec,CA-QC,21.97,54.43,94.78,89.6,hydroquebec.com,false,""
2025-08-24T04:00:00.000000,Canada,Québec,CA-QC,19.5,51.29,95.39,89.81,hydroquebec.com,false,""
2025-08-24T05:00:00.000000,Canada,Québec,CA-QC,17.99,49.23,95.77,89.81,hydroquebec.com,false,""
2025-08-24T06:00:00.000000,Canada,Québec,CA-QC,15.74,46.65,96.36,91.17,hydroquebec.com,false,""
2025-08-24T07:00:00.000000,Canada,Québec,CA-QC,14.11,44.79,96.74,91.94,hydroquebec.com,false,""
2025-08-24T08:00:00.000000,Canada,Québec,CA-QC,16.86,47.87,96.07,89.96,hydroquebec.com,false,""
2025-08-24T09:00:00.000000,Canada,Québec,CA-QC,15.76,46.54,96.32,90.18,hydroquebec.com,false,""
2025-08-24T10:00:00.000000,Canada,Québec,CA-QC,17.93,49.11,95.84,89.64,hydroquebec.com,false,""
2025-08-24T11:00:00.000000,Canada,Québec,CA-QC,18.59,49.76,95.69,89.13,hydroquebec.com,false,""
2025-08-24T12:00:00.000000,Canada,Québec,CA-QC,19.63,50.95,95.49,89.29,hydroquebec.com,false,""
2025-08-24T13:00:00.000000,Canada,Québec,CA-QC,19.2,50.47,95.53,89.91,hydroquebec.com,false,""
2025-08-24T14:00:00.000000,Canada,Québec,CA-QC,19.46,50.84,95.41,90.25,hydroquebec.com,false,""
2025-08-24T15:00:00.000000,Canada,Québec,CA-QC,19.64,51.15,95.34,90.55,hydroquebec.com,false,""
2025-08-24T16:00:00.000000,Canada,Québec,CA-QC,19.68,51.28,95.32,90.79,hydroquebec.com,false,""
2025-08-24T17:00:00.000000,Canada,Québec,CA-QC,18.97,50.48,95.5,91.05,hydroquebec.com,false,""
2025-08-24T18:00:00.000000,Canada,Québec,CA-QC,18.61,50.06,95.61,91.18,hydroquebec.com,false,""
2025-08-24T19:00:00.000000,Canada,Québec,CA-QC,18.61,50.04,95.61,91.24,hydroquebec.com,false,""
2025-08-24T20:00:00.000000,Canada,Québec,CA-QC,18.68,50.15,95.55,91.39,hydroquebec.com,false,""
2025-08-24T21:00:00.000000,Canada,Québec,CA-QC,18.45,49.85,95.59,91.67,hydroquebec.com,false,""
2025-08-24T22:00:00.000000,Canada,Québec,CA-QC,19.23,50.77,95.39,91.29,hydroquebec.com,false,""
2025-08-24T23:00:00.000000,Canada,Québec,CA-QC,19.97,51.73,95.2,90.86,hydroquebec.com,false,""
2025-08-25T00:00:00.000000,Canada,Québec,CA-QC,19.53,51.08,95.29,90.86,hydroquebec.com,false,""
2025-08-25T01:00:00.000000,Canada,Québec,CA-QC,20.82,52.67,95.02,90.21,hydroquebec.com,false,""
2025-08-25T02:00:00.000000,Canada,Québec,CA-QC,21.7,53.99,94.81,89.5,hydroquebec.com,false,""
2025-08-25T03:00:00.000000,Canada,Québec,CA-QC,20.63,52.75,95.14,89.19,hydroquebec.com,false,""
2025-08-25T04:00:00.000000,Canada,Québec,CA-QC,21.31,53.7,94.99,88.47,hydroquebec.com,false,""
2025-08-25T05:00:00.000000,Canada,Québec,CA-QC,19.67,51.96,95.35,88.86,hydroquebec.com,false,""
2025-08-25T06:00:00.000000,Canada,Québec,CA-QC,18.86,51.09,95.54,88.53,hydroquebec.com,false,""
2025-08-25T07:00:00.000000,Canada,Québec,CA-QC,19.66,52.15,95.39,88.09,hydroquebec.com,false,""
2025-08-25T08:00:00.000000,Canada,Québec,CA-QC,19.5,52.18,95.45,88.75,hydroquebec.com,false,""
2025-08-25T09:00:00.000000,Canada,Québec,CA-QC,20.23,53.07,95.27,88.7,hydroquebec.com,false,""
2025-08-25T10:00:00.000000,Canada,Québec,CA-QC,21.7,54.74,94.89,88.93,hydroquebec.com,false,""
2025-08-25T11:00:00.000000,Canada,Québec,CA-QC,20.68,53.18,95.12,89.81,hydroquebec.com,false,""
2025-08-25T12:00:00.000000,Canada,Québec,CA-QC,16.12,47.42,96.15,91.58,hydroquebec.com,false,""
2025-08-25T13:00:00.000000,Canada,Québec,CA-QC,5.93,34.95,98.46,94.89,hydroquebec.com,false,""
2025-08-25T14:00:00.000000,Canada,Québec,CA-QC,5.18,33.85,98.66,95.24,hydroquebec.com,false,""
2025-08-25T15:00:00.000000,Canada,Québec,CA-QC,5.15,33.81,98.67,95.36,hydroquebec.com,false,""
2025-08-25T16:00:00.000000,Canada,Québec,CA-QC,5.25,33.93,98.64,95.38,hydroquebec.com,false,""
2025-08-25T17:00:00.000000,Canada,Québec,CA-QC,4.91,33.64,98.73,95.52,hydroquebec.com,false,""
2025-08-25T18:00:00.000000,Canada,Québec,CA-QC,4.94,33.78,98.72,95.5,hydroquebec.com,false,""
2025-08-25T19:00:00.000000,Canada,Québec,CA-QC,5.55,34.64,98.56,95.39,hydroquebec.com,false,""
2025-08-25T20:00:00.000000,Canada,Québec,CA-QC,5.26,34.18,98.64,95.63,hydroquebec.com,false,""
2025-08-25T21:00:00.000000,Canada,Québec,CA-QC,5.04,33.76,98.69,95.92,hydroquebec.com,false,""
2025-08-25T22:00:00.000000,Canada,Québec,CA-QC,5.35,34.14,98.6,95.87,hydroquebec.com,false,""
2025-08-25T23:00:00.000000,Canada,Québec,CA-QC,5.65,34.54,98.52,95.73,hydroquebec.com,false,""
2025-08-26T00:00:00.000000,Canada,Québec,CA-QC,5.74,34.67,98.5,95.65,hydroquebec.com,false,""
2025-08-26T01:00:00.000000,Canada,Québec,CA-QC,6.05,35.29,98.42,95.22,hydroquebec.com,false,""
2025-08-26T02:00:00.000000,Canada,Québec,CA-QC,6.52,36.35,98.3,94.63,hydroquebec.com,false,""
2025-08-26T03:00:00.000000,Canada,Québec,CA-QC,5.62,35.59,98.55,94.42,hydroquebec.com,false,""
2025-08-26T04:00:00.000000,Canada,Québec,CA-QC,5.19,35.26,98.67,94.11,hydroquebec.com,false,""
2025-08-26T05:00:00.000000,Canada,Québec,CA-QC,4.51,34.51,98.85,93.96,hydroquebec.com,false,""
2025-08-26T06:00:00.000000,Canada,Québec,CA-QC,4.53,34.62,98.85,93.75,hydroquebec.com,false,""
2025-08-26T07:00:00.000000,Canada,Québec,CA-QC,4.57,34.73,98.84,93.6,hydroquebec.com,false,""
2025-08-26T08:00:00.000000,Canada,Québec,CA-QC,4.95,35.19,98.73,93.46,hydroquebec.com,false,""
2025-08-26T09:00:00.000000,Canada,Québec,CA-QC,5.23,35.4,98.66,93.54,hydroquebec.com,false,""
2025-08-26T10:00:00.000000,Canada,Québec,CA-QC,15.54,47.43,96.31,90.7,hydroquebec.com,false,""
2025-08-26T11:00:00.000000,Canada,Québec,CA-QC,19.84,52.33,95.34,89.84,hydroquebec.com,false,""
2025-08-26T12:00:00.000000,Canada,Québec,CA-QC,19.99,52.36,95.31,90.14,hydroquebec.com,false,""
2025-08-26T13:00:00.000000,Canada,Québec,CA-QC,18.9,50.93,95.59,90.57,hydroquebec.com,false,""
2025-08-26T14:00:00.000000,Canada,Québec,CA-QC,17.4,48.92,95.95,90.94,hydroquebec.com,false,""
2025-08-26T15:00:00.000000,Canada,Québec,CA-QC,17.06,48.37,96.03,91.13,hydroquebec.com,false,""
2025-08-26T16:00:00.000000,Canada,Québec,CA-QC,16.94,48.15,96.05,91.22,hydroquebec.com,false,""
2025-08-26T17:00:00.000000,Canada,Québec,CA-QC,17.57,48.92,95.91,91.18,hydroquebec.com,false,""
2025-08-26T18:00:00.000000,Canada,Québec,CA-QC,17.84,49.2,95.85,91.1,hydroquebec.com,false,""
2025-08-26T19:00:00.000000,Canada,Québec,CA-QC,18.07,49.55,95.77,91.07,hydroquebec.com,false,""
2025-08-26T20:00:00.000000,Canada,Québec,CA-QC,18.07,49.61,95.75,91.18,hydroquebec.com,false,""
2025-08-26T21:00:00.000000,Canada,Québec,CA-QC,18.28,49.83,95.69,91.27,hydroquebec.com,false,""
2025-08-26T22:00:00.000000,Canada,Québec,CA-QC,18.56,50.12,95.61,91.17,hydroquebec.com,false,""
2025-08-26T23:00:00.000000,Canada,Québec,CA-QC,19.08,50.81,95.46,91.03,hydroquebec.com,false,""
2025-08-27T00:00:00.000000,Canada,Québec,CA-QC,19.85,51.66,95.28,90.78,hydroquebec.com,false,""
2025-08-27T01:00:00.000000,Canada,Québec,CA-QC,20.28,52.08,95.18,90.42,hydroquebec.com,false,""
2025-08-27T02:00:00.000000,Canada,Québec,CA-QC,21.53,53.68,94.92,89.58,hydroquebec.com,false,""
2025-08-27T03:00:00.000000,Canada,Québec,CA-QC,21.2,53.42,95.04,89.13,hydroquebec.com,false,""
2025-08-27T04:00:00.000000,Canada,Québec,CA-QC,20.36,52.55,95.25,88.65,hydroquebec.com,false,""
2025-08-27T05:00:00.000000,Canada,Québec,CA-QC,17.8,49.69,95.84,88.87,hydroquebec.com,false,""
2025-08-27T06:00:00.000000,Canada,Québec,CA-QC,16.36,48.13,96.17,89.08,hydroquebec.com,false,""
2025-08-27T07:00:00.000000,Canada,Québec,CA-QC,16.59,48.56,96.12,88.82,hydroquebec.com,false,""
2025-08-27T08:00:00.000000,Canada,Québec,CA-QC,17.7,50.06,95.88,88.41,hydroquebec.com,false,""
2025-08-27T09:00:00.000000,Canada,Québec,CA-QC,19.15,51.79,95.53,88.25,hydroquebec.com,false,""
2025-08-27T10:00:00.000000,Canada,Québec,CA-QC,21.07,54.04,95.05,88.4,hydroquebec.com,false,""
2025-08-27T11:00:00.000000,Canada,Québec,CA-QC,20.06,52.66,95.29,89.33,hydroquebec.com,false,""
2025-08-27T12:00:00.000000,Canada,Québec,CA-QC,19.56,51.97,95.43,89.84,hydroquebec.com,false,""
2025-08-27T13:00:00.000000,Canada,Québec,CA-QC,19.15,51.5,95.52,90.12,hydroquebec.com,false,""
2025-08-27T14:00:00.000000,Canada,Québec,CA-QC,18.2,50.36,95.75,90.42,hydroquebec.com,false,""
2025-08-27T15:00:00.000000,Canada,Québec,CA-QC,17.98,50.07,95.83,90.55,hydroquebec.com,false,""
2025-08-27T16:00:00.000000,Canada,Québec,CA-QC,18.12,50.33,95.78,90.57,hydroquebec.com,false,""
2025-08-27T17:00:00.000000,Canada,Québec,CA-QC,17.84,50.05,95.84,90.67,hydroquebec.com,false,""
2025-08-27T18:00:00.000000,Canada,Québec,CA-QC,18.2,50.54,95.74,90.56,hydroquebec.com,false,""
2025-08-27T19:00:00.000000,Canada,Québec,CA-QC,18.13,50.36,95.75,90.64,hydroquebec.com,false,""
2025-08-27T20:00:00.000000,Canada,Québec,CA-QC,17.82,49.95,95.82,90.95,hydroquebec.com,false,""
2025-08-27T21:00:00.000000,Canada,Québec,CA-QC,16.62,48.45,96.11,91.61,hydroquebec.com,false,""
2025-08-27T22:00:00.000000,Canada,Québec,CA-QC,8.34,38.6,97.94,94.28,hydroquebec.com,false,""
2025-08-27T23:00:00.000000,Canada,Québec,CA-QC,7.93,38.1,98.01,94.39,hydroquebec.com,false,""
2025-08-28T00:00:00.000000,Canada,Québec,CA-QC,15.79,47.39,96.26,91.94,hydroquebec.com,false,""
2025-08-28T01:00:00.000000,Canada,Québec,CA-QC,17.0,48.92,95.98,91.28,hydroquebec.com,false,""
2025-08-28T02:00:00.000000,Canada,Québec,CA-QC,17.39,49.58,95.91,90.72,hydroquebec.com,false,""
2025-08-28T03:00:00.000000,Canada,Québec,CA-QC,17.93,50.4,95.83,89.87,hydroquebec.com,false,""
2025-08-28T04:00:00.000000,Canada,Québec,CA-QC,17.24,49.66,96.01,89.42,hydroquebec.com,false,""
2025-08-28T05:00:00.000000,Canada,Québec,CA-QC,16.12,48.43,96.27,89.37,hydroquebec.com,false,""
2025-08-28T06:00:00.000000,Canada,Québec,CA-QC,15.32,47.57,96.47,89.4,hydroquebec.com,false,""
2025-08-28T07:00:00.000000,Canada,Québec,CA-QC,15.96,48.43,96.29,89.19,hydroquebec.com,false,""
2025-08-28T08:00:00.000000,Canada,Québec,CA-QC,16.02,48.41,96.29,89.09,hydroquebec.com,false,""
2025-08-28T09:00:00.000000,Canada,Québec,CA-QC,17.13,49.67,96.03,88.95,hydroquebec.com,false,""
2025-08-28T10:00:00.000000,Canada,Québec,CA-QC,17.14,49.58,96.0,89.72,hydroquebec.com,false,""
2025-08-28T11:00:00.000000,Canada,Québec,CA-QC,16.42,48.56,96.17,90.65,hydroquebec.com,false,""
2025-08-28T12:00:00.000000,Canada,Québec,CA-QC,16.52,48.65,96.18,90.94,hydroquebec.com,false,""
2025-08-28T13:00:00.000000,Canada,Québec,CA-QC,16.63,48.77,96.16,91.06,hydroquebec.com,false,""
2025-08-28T14:00:00.000000,Canada,Québec,CA-QC,16.62,48.66,96.16,91.14,hydroquebec.com,false,""
2025-08-28T15:00:00.000000,Canada,Québec,CA-QC,16.43,48.4,96.18,91.28,hydroquebec.com,false,""
2025-08-28T16:00:00.000000,Canada,Québec,CA-QC,16.81,48.92,96.06,91.23,hydroquebec.com,false,""
2025-08-28T17:00:00.000000,Canada,Québec,CA-QC,17.64,50.06,95.85,91.13,hydroquebec.com,false,""
2025-08-28T18:00:00.000000,Canada,Québec,CA-QC,17.48,49.85,95.89,91.15,hydroquebec.com,false,""
2025-08-28T19:00:00.000000,Canada,Québec,CA-QC,14.25,46.01,96.61,92.15,hydroquebec.com,false,""
2025-08-28T20:00:00.000000,Canada,Québec,CA-QC,4.72,34.54,98.75,95.17,hydroquebec.com,false,""
2025-08-28T21:00:00.000000,Canada,Québec,CA-QC,3.91,33.23,98.94,95.72,hydroquebec.com,false,""
2025-08-28T22:00:00.000000,Canada,Québec,CA-QC,3.92,33.11,98.94,95.9,hydroquebec.com,false,""
2025-08-28T23:00:00.000000,Canada,Québec,CA-QC,4.02,33.23,98.92,95.88,hydroquebec.com,false,""
2025-08-29T00:00:00.000000,Canada,Québec,CA-QC,4.26,33.59,98.86,95.76,hydroquebec.com,false,""
2025-08-29T01:00:00.000000,Canada,Québec,CA-QC,4.32,33.87,98.84,95.43,hydroquebec.com,false,""
2025-08-29T02:00:00.000000,Canada,Québec,CA-QC,14.09,45.84,96.62,91.9,hydroquebec.com,false,""
2025-08-29T03:00:00.000000,Canada,Québec,CA-QC,18.86,51.84,95.57,89.7,hydroquebec.com,false,""
2025-08-29T04:00:00.000000,Canada,Québec,CA-QC,18.39,51.47,95.7,89.24,hydroquebec.com,false,""
2025-08-29T05:00:00.000000,Canada,Québec,CA-QC,17.98,50.99,95.8,88.86,hydroquebec.com,false,""
2025-08-29T06:00:00.000000,Canada,Québec,CA-QC,17.36,50.23,95.93,88.87,hydroquebec.com,false,""
2025-08-29T07:00:00.000000,Canada,Québec,CA-QC,18.09,51.09,95.76,88.46,hydroquebec.com,false,""
2025-08-29T08:00:00.000000,Canada,Québec,CA-QC,18.65,51.78,95.62,88.28,hydroquebec.com,false,""
2025-08-29T09:00:00.000000,Canada,Québec,CA-QC,18.61,51.63,95.61,88.54,hydroquebec.com,false,""
2025-08-29T10:00:00.000000,Canada,Québec,CA-QC,19.95,53.01,95.29,88.76,hydroquebec.com,false,""
2025-08-29T11:00:00.000000,Canada,Québec,CA-QC,19.56,52.38,95.34,89.56,hydroquebec.com,false,""
2025-08-29T12:00:00.000000,Canada,Québec,CA-QC,19.23,51.88,95.42,90.02,hydroquebec.com,false,""
2025-08-29T13:00:00.000000,Canada,Québec,CA-QC,19.17,51.88,95.44,90.18,hydroquebec.com,false,""
2025-08-29T14:00:00.000000,Canada,Québec,CA-QC,18.45,50.96,95.63,90.45,hydroquebec.com,false,""
2025-08-29T15:00:00.000000,Canada,Québec,CA-QC,18.1,50.41,95.73,90.59,hydroquebec.com,false,""
2025-08-29T16:00:00.000000,Canada,Québec,CA-QC,17.89,50.09,95.77,90.62,hydroquebec.com,false,""
2025-08-29T17:00:00.000000,Canada,Québec,CA-QC,17.52,49.6,95.86,90.65,hydroquebec.com,false,""
2025-08-29T18:00:00.000000,Canada,Québec,CA-QC,17.43,49.58,95.89,90.64,hydroquebec.com,false,""
2025-08-29T19:00:00.000000,Canada,Québec,CA-QC,17.53,49.81,95.89,90.56,hydroquebec.com,false,""
2025-08-29T20:00:00.000000,Canada,Québec,CA-QC,17.52,49.81,95.89,90.72,hydroquebec.com,false,""
2025-08-29T21:00:00.000000,Canada,Québec,CA-QC,17.21,49.38,95.94,91.04,hydroquebec.com,false,""
2025-08-29T22:00:00.000000,Canada,Québec,CA-QC,17.73,50.0,95.78,90.95,hydroquebec.com,false,""
2025-08-29T23:00:00.000000,Canada,Québec,CA-QC,18.59,51.07,95.57,90.67,hydroquebec.com,false,""
2025-08-30T00:00:00.000000,Canada,Québec,CA-QC,19.19,51.84,95.43,90.47,hydroquebec.com,false,""
2025-08-30T01:00:00.000000,Canada,Québec,CA-QC,20.48,53.49,95.11,89.44,hydroquebec.com,false,""
2025-08-30T02:00:00.000000,Canada,Québec,CA-QC,21.62,55.12,94.86,88.61,hydroquebec.com,false,""
2025-08-30T03:00:00.000000,Canada,Québec,CA-QC,21.03,54.61,95.03,88.11,hydroquebec.com,false,""
2025-08-30T04:00:00.000000,Canada,Québec,CA-QC,19.5,52.99,95.41,87.89,hydroquebec.com,false,""
2025-08-30T05:00:00.000000,Canada,Québec,CA-QC,18.07,51.36,95.78,87.7,hydroquebec.com,false,""
2025-08-30T06:00:00.000000,Canada,Québec,CA-QC,17.69,51.03,95.87,87.42,hydroquebec.com,false,""
2025-08-30T07:00:00.000000,Canada,Québec,CA-QC,18.55,52.11,95.68,87.04,hydroquebec.com,false,""
2025-08-30T08:00:00.000000,Canada,Québec,CA-QC,18.35,51.95,95.72,87.06,hydroquebec.com,false,""
2025-08-30T09:00:00.000000,Canada,Québec,CA-QC,18.57,52.31,95.62,87.08,hydroquebec.com,false,""
2025-08-30T10:00:00.000000,Canada,Québec,CA-QC,20.25,54.25,95.23,86.85,hydroquebec.com,false,""
2025-08-30T11:00:00.000000,Canada,Québec,CA-QC,20.07,53.85,95.29,87.29,hydroquebec.com,false,""
2025-08-30T12:00:00.000000,Canada,Québec,CA-QC,19.3,52.65,95.53,87.95,hydroquebec.com,false,""
2025-08-30T13:00:00.000000,Canada,Québec,CA-QC,18.62,51.67,95.66,88.57,hydroquebec.com,false,""
2025-08-30T14:00:00.000000,Canada,Québec,CA-QC,17.37,49.97,95.95,89.17,hydroquebec.com,false,""
2025-08-30T15:00:00.000000,Canada,Québec,CA-QC,16.76,49.13,96.09,89.48,hydroquebec.com,false,""
2025-08-30T16:00:00.000000,Canada,Québec,CA-QC,16.46,48.83,96.15,89.56,hydroquebec.com,false,""
2025-08-30T17:00:00.000000,Canada,Québec,CA-QC,16.66,49.12,96.11,89.49,hydroquebec.com,false,""
2025-08-30T18:00:00.000000,Canada,Québec,CA-QC,17.17,49.78,95.98,89.38,hydroquebec.com,false,""
2025-08-30T19:00:00.000000,Canada,Québec,CA-QC,18.0,50.9,95.78,89.22,hydroquebec.com,false,""
2025-08-30T20:00:00.000000,Canada,Québec,CA-QC,18.64,51.76,95.62,89.27,hydroquebec.com,false,""
2025-08-30T21:00:00.000000,Canada,Québec,CA-QC,18.86,52.11,95.54,89.54,hydroquebec.com,false,""
2025-08-30T22:00:00.000000,Canada,Québec,CA-QC,19.46,52.94,95.33,89.54,hydroquebec.com,false,""
2025-08-30T23:00:00.000000,Canada,Québec,CA-QC,19.97,53.58,95.2,89.37,hydroquebec.com,false,""
2025-08-31T00:00:00.000000,Canada,Québec,CA-QC,20.3,53.95,95.15,89.21,hydroquebec.com,false,""
2025-08-31T01:00:00.000000,Canada,Québec,CA-QC,20.51,54.26,95.1,88.9,hydroquebec.com,false,""
2025-08-31T02:00:00.000000,Canada,Québec,CA-QC,21.06,55.14,94.99,88.31,hydroquebec.com,false,""
2025-08-31T03:00:00.000000,Canada,Québec,CA-QC,20.24,54.23,95.24,87.93,hydroquebec.com,false,""
2025-08-31T04:00:00.000000,Canada,Québec,CA-QC,20.22,54.18,95.26,87.27,hydroquebec.com,false,""
2025-08-31T05:00:00.000000,Canada,Québec,CA-QC,18.95,52.64,95.56,87.16,hydroquebec.com,false,""
2025-08-31T06:00:00.000000,Canada,Québec,CA-QC,19.7,53.56,95.4,86.59,hydroquebec.com,false,""
2025-08-31T07:00:00.000000,Canada,Québec,CA-QC,18.58,52.26,95.66,86.75,hydroquebec.com,false,""
2025-08-31T08:00:00.000000,Canada,Québec,CA-QC,19.12,52.81,95.56,86.41,hydroquebec.com,false,""
2025-08-31T09:00:00.000000,Canada,Québec,CA-QC,19.12,52.79,95.54,86.4,hydroquebec.com,false,""
2025-08-31T10:00:00.000000,Canada,Québec,CA-QC,20.02,53.75,95.32,86.38,hydroquebec.com,false,""
2025-08-31T11:00:00.000000,Canada,Québec,CA-QC,19.22,52.56,95.55,86.99,hydroquebec.com,false,""
2025-08-31T12:00:00.000000,Canada,Québec,CA-QC,18.86,51.98,95.67,87.69,hydroquebec.com,false,""
2025-08-31T13:00:00.000000,Canada,Québec,CA-QC,18.66,51.66,95.68,88.21,hydroquebec.com,false,""
2025-08-31T14:00:00.000000,Canada,Québec,CA-QC,17.95,50.69,95.86,88.6,hydroquebec.com,false,""
2025-08-31T15:00:00.000000,Canada,Québec,CA-QC,17.77,50.41,95.88,88.83,hydroquebec.com,false,""
2025-08-31T16:00:00.000000,Canada,Québec,CA-QC,18.16,50.95,95.76,88.9,hydroquebec.com,false,""
2025-08-31T17:00:00.000000,Canada,Québec,CA-QC,18.63,51.61,95.63,88.89,hydroquebec.com,false,""
2025-08-31T18:00:00.000000,Canada,Québec,CA-QC,19.23,52.39,95.46,88.81,hydroquebec.com,false,""
2025-08-31T19:00:00.000000,Canada,Québec,CA-QC,19.97,53.36,95.25,88.79,hydroquebec.com,false,""
2025-08-31T20:00:00.000000,Canada,Québec,CA-QC,20.09,53.55,95.21,89.14,hydroquebec.com,false,""
2025-08-31T21:00:00.000000,Canada,Québec,CA-QC,20.25,53.76,95.15,89.32,hydroquebec.com,false,""
2025-08-31T22:00:00.000000,Canada,Québec,CA-QC,18.06,51.15,95.63,90.15,hydroquebec.com,false,""
2025-08-31T23:00:00.000000,Canada,Québec,CA-QC,7.56,38.61,98.01,93.57,hydroquebec.com,false,""
2025-09-01T00:00:00.000000,Canada,Québec,CA-QC,6.45,37.13,98.31,94.33,hydroquebec.com,false,""
2025-09-01T01:00:00.000000,Canada,Québec,CA-QC,7.11,37.94,98.14,93.45,hydroquebec.com,false,""
2025-09-01T02:00:00.000000,Canada,Québec,CA-QC,7.07,38.16,98.15,93.09,hydroquebec.com,false,""
2025-09-01T03:00:00.000000,Canada,Québec,CA-QC,7.05,38.3,98.23,92.73,hydroquebec.com,false,""
2025-09-01T04:00:00.000000,Canada,Québec,CA-QC,5.83,37.06,98.5,92.39,hydroquebec.com,false,""
2025-09-01T05:00:00.000000,Canada,Québec,CA-QC,4.98,36.19,98.74,92.11,hydroquebec.com,false,""
2025-09-01T06:00:00.000000,Canada,Québec,CA-QC,4.46,35.76,98.86,92.04,hydroquebec.com,false,""
2025-09-01T07:00:00.000000,Canada,Québec,CA-QC,4.94,36.51,98.74,91.97,hydroquebec.com,false,""
2025-09-01T08:00:00.000000,Canada,Québec,CA-QC,5.26,36.98,98.65,91.88,hydroquebec.com,false,""
2025-09-01T09:00:00.000000,Canada,Québec,CA-QC,5.22,36.88,98.66,91.88,hydroquebec.com,false,""
2025-09-01T10:00:00.000000,Canada,Québec,CA-QC,5.0,36.49,98.72,92.06,hydroquebec.com,false,""
2025-09-01T11:00:00.000000,Canada,Québec,CA-QC,4.81,36.06,98.76,92.36,hydroquebec.com,false,""
2025-09-01T12:00:00.000000,Canada,Québec,CA-QC,4.98,36.0,98.72,92.81,hydroquebec.com,false,""
2025-09-01T13:00:00.000000,Canada,Québec,CA-QC,5.49,36.38,98.58,93.1,hydroquebec.com,false,""
2025-09-01T14:00:00.000000,Canada,Québec,CA-QC,5.97,36.83,98.45,93.36,hydroquebec.com,false,""
2025-09-01T15:00:00.000000,Canada,Québec,CA-QC,6.09,36.92,98.41,93.56,hydroquebec.com,false,""
2025-09-01T16:00:00.000000,Canada,Québec,CA-QC,14.96,47.49,96.39,90.87,hydroquebec.com,false,""
2025-09-01T17:00:00.000000,Canada,Québec,CA-QC,19.56,53.2,95.31,89.44,hydroquebec.com,false,""
2025-09-01T18:00:00.000000,Canada,Québec,CA-QC,20.69,54.75,95.03,89.18,hydroquebec.com,false,""
2025-09-01T19:00:00.000000,Canada,Québec,CA-QC,20.52,54.51,95.06,89.34,hydroquebec.com,false,""
2025-09-01T20:00:00.000000,Canada,Québec,CA-QC,19.78,53.42,95.24,89.93,hydroquebec.com,false,""
2025-09-01T21:00:00.000000,Canada,Québec,CA-QC,19.14,52.44,95.38,90.56,hydroquebec.com,false,""
2025-09-01T22:00:00.000000,Canada,Québec,CA-QC,18.64,51.7,95.48,90.87,hydroquebec.com,false,""
2025-09-01T23:00:00.000000,Canada,Québec,CA-QC,17.76,50.65,95.69,91.49,hydroquebec.com,false,""
2025-09-02T00:00:00.000000,Canada,Québec,CA-QC,18.11,50.97,95.61,91.03,hydroquebec.com,false,""
2025-09-02T01:00:00.000000,Canada,Québec,CA-QC,19.47,52.8,95.29,90.14,hydroquebec.com,false,""
2025-09-02T02:00:00.000000,Canada,Québec,CA-QC,20.88,54.86,95.02,88.98,hydroquebec.com,false,""
2025-09-02T03:00:00.000000,Canada,Québec,CA-QC,21.13,55.4,95.0,88.01,hydroquebec.com,false,""
2025-09-02T04:00:00.000000,Canada,Québec,CA-QC,20.47,54.89,95.18,88.11,hydroquebec.com,false,""
2025-09-02T05:00:00.000000,Canada,Québec,CA-QC,19.61,53.86,95.42,87.94,hydroquebec.com,false,""
2025-09-02T06:00:00.000000,Canada,Québec,CA-QC,20.51,55.05,95.2,87.41,hydroquebec.com,false,""
2025-09-02T07:00:00.000000,Canada,Québec,CA-QC,20.5,55.19,95.21,87.3,hydroquebec.com,false,""
2025-09-02T08:00:00.000000,Canada,Québec,CA-QC,19.98,54.63,95.32,87.58,hydroquebec.com,false,""
2025-09-02T09:00:00.000000,Canada,Québec,CA-QC,20.57,55.3,95.14,87.82,hydroquebec.com,false,""
2025-09-02T10:00:00.000000,Canada,Québec,CA-QC,14.47,47.8,96.46,90.85,hydroquebec.com,false,""
2025-09-02T11:00:00.000000,Canada,Québec,CA-QC,12.72,45.1,96.85,92.23,hydroquebec.com,false,""
2025-09-02T12:00:00.000000,Canada,Québec,CA-QC,12.63,44.85,96.89,92.47,hydroquebec.com,false,""
2025-09-02T13:00:00.000000,Canada,Québec,CA-QC,12.64,44.98,96.9,92.48,hydroquebec.com,false,""
2025-09-02T14:00:00.000000,Canada,Québec,CA-QC,12.82,45.23,96.85,92.59,hydroquebec.com,false,""
2025-09-02T15:00:00.000000,Canada,Québec,CA-QC,12.7,45.08,96.88,92.83,hydroquebec.com,false,""
2025-09-02T16:00:00.000000,Canada,Québec,CA-QC,12.78,45.12,96.86,92.91,hydroquebec.com,false,""
2025-09-02T17:00:00.000000,Canada,Québec,CA-QC,13.27,45.67,96.74,92.92,hydroquebec.com,false,""
2025-09-02T18:00:00.000000,Canada,Québec,CA-QC,13.71,46.18,96.62,92.85,hydroquebec.com,false,""
2025-09-02T19:00:00.000000,Canada,Québec,CA-QC,13.76,46.17,96.59,92.9,hydroquebec.com,false,""
2025-09-02T20:00:00.000000,Canada,Québec,CA-QC,12.77,44.76,96.83,93.39,hydroquebec.com,false,""
2025-09-02T21:00:00.000000,Canada,Québec,CA-QC,10.25,41.45,97.5,95.11,hydroquebec.com,false,""
2025-09-02T22:00:00.000000,Canada,Québec,CA-QC,11.05,42.18,97.29,94.56,hydroquebec.com,false,""
2025-09-02T23:00:00.000000,Canada,Québec,CA-QC,11.26,42.52,97.21,94.44,hydroquebec.com,false,""
2025-09-03T00:00:00.000000,Canada,Québec,CA-QC,12.45,43.95,96.9,93.68,hydroquebec.com,false,""
2025-09-03T01:00:00.000000,Canada,Québec,CA-QC,13.09,44.94,96.74,93.26,hydroquebec.com,false,""
2025-09-03T02:00:00.000000,Canada,Québec,CA-QC,13.74,46.11,96.61,92.55,hydroquebec.com,false,""
2025-09-03T03:00:00.000000,Canada,Québec,CA-QC,13.69,46.28,96.72,91.93,hydroquebec.com,false,""
2025-09-03T04:00:00.000000,Canada,Québec,CA-QC,13.09,45.87,96.83,91.46,hydroquebec.com,false,""
2025-09-03T05:00:00.000000,Canada,Québec,CA-QC,12.51,45.28,96.99,91.07,hydroquebec.com,false,""
2025-09-03T06:00:00.000000,Canada,Québec,CA-QC,12.23,44.98,97.07,90.89,hydroquebec.com,false,""
2025-09-03T07:00:00.000000,Canada,Québec,CA-QC,12.09,44.87,97.11,90.79,hydroquebec.com,false,""
2025-09-03T08:00:00.000000,Canada,Québec,CA-QC,12.11,44.97,97.1,90.81,hydroquebec.com,false,""
2025-09-03T09:00:00.000000,Canada,Québec,CA-QC,12.37,45.24,97.02,91.01,hydroquebec.com,false,""
2025-09-03T10:00:00.000000,Canada,Québec,CA-QC,12.33,44.91,97.0,91.76,hydroquebec.com,false,""
2025-09-03T11:00:00.000000,Canada,Québec,CA-QC,11.98,44.13,97.08,92.57,hydroquebec.com,false,""
2025-09-03T12:00:00.000000,Canada,Québec,CA-QC,11.67,43.54,97.18,92.86,hydroquebec.com,false,""
2025-09-03T13:00:00.000000,Canada,Québec,CA-QC,11.77,43.69,97.16,92.96,hydroquebec.com,false,""
2025-09-03T14:00:00.000000,Canada,Québec,CA-QC,11.74,43.62,97.17,93.05,hydroquebec.com,false,""
2025-09-03T15:00:00.000000,Canada,Québec,CA-QC,11.22,42.92,97.3,93.24,hydroquebec.com,false,""
2025-09-03T16:00:00.000000,Canada,Québec,CA-QC,10.7,42.13,97.43,93.48,hydroquebec.com,false,""
2025-09-03T17:00:00.000000,Canada,Québec,CA-QC,10.79,42.12,97.4,93.59,hydroquebec.com,false,""
2025-09-03T18:00:00.000000,Canada,Québec,CA-QC,10.73,42.03,97.41,93.68,hydroquebec.com,false,""
2025-09-03T19:00:00.000000,Canada,Québec,CA-QC,10.9,42.24,97.36,93.71,hydroquebec.com,false,""
2025-09-03T20:00:00.000000,Canada,Québec,CA-QC,11.09,42.38,97.29,93.87,hydroquebec.com,false,""
2025-09-03T21:00:00.000000,Canada,Québec,CA-QC,7.6,37.97,98.08,95.17,hydroquebec.com,false,""
2025-09-03T22:00:00.000000,Canada,Québec,CA-QC,7.84,38.15,98.0,95.2,hydroquebec.com,false,""
2025-09-03T23:00:00.000000,Canada,Québec,CA-QC,8.57,39.05,97.79,94.67,hydroquebec.com,false,""
2025-09-04T00:00:00.000000,Canada,Québec,CA-QC,8.0,38.37,97.96,94.81,hydroquebec.com,false,""
2025-09-04T01:00:00.000000,Canada,Québec,CA-QC,12.11,43.54,97.0,93.32,hydroquebec.com,false,""
2025-09-04T02:00:00.000000,Canada,Québec,CA-QC,13.27,45.33,96.73,92.44,hydroquebec.com,false,""
2025-09-04T03:00:00.000000,Canada,Québec,CA-QC,13.4,45.74,96.72,91.68,hydroquebec.com,false,""
2025-09-04T04:00:00.000000,Canada,Québec,CA-QC,13.32,45.62,96.79,91.19,hydroquebec.com,false,""
2025-09-04T05:00:00.000000,Canada,Québec,CA-QC,12.85,45.05,96.92,90.83,hydroquebec.com,false,""
2025-09-04T06:00:00.000000,Canada,Québec,CA-QC,12.64,44.95,96.97,90.65,hydroquebec.com,false,""
2025-09-04T07:00:00.000000,Canada,Québec,CA-QC,12.93,45.42,96.89,90.48,hydroquebec.com,false,""
2025-09-04T08:00:00.000000,Canada,Québec,CA-QC,13.89,46.64,96.65,90.14,hydroquebec.com,false,""
2025-09-04T09:00:00.000000,Canada,Québec,CA-QC,14.33,47.14,96.52,90.35,hydroquebec.com,false,""
2025-09-04T10:00:00.000000,Canada,Québec,CA-QC,14.6,47.23,96.46,91.05,hydroquebec.com,false,""
2025-09-04T11:00:00.000000,Canada,Québec,CA-QC,13.8,45.93,96.63,91.89,hydroquebec.com,false,""
2025-09-04T12:00:00.000000,Canada,Québec,CA-QC,13.3,45.23,96.76,92.25,hydroquebec.com,false,""
2025-09-04T13:00:00.000000,Canada,Québec,CA-QC,12.39,44.16,96.98,92.57,hydroquebec.com,false,""
2025-09-04T14:00:00.000000,Canada,Québec,CA-QC,12.18,43.78,97.03,92.68,hydroquebec.com,false,""
2025-09-04T15:00:00.000000,Canada,Québec,CA-QC,12.34,43.77,97.02,92.66,hydroquebec.com,false,""
2025-09-04T16:00:00.000000,Canada,Québec,CA-QC,12.81,44.27,96.89,92.61,hydroquebec.com,false,""
2025-09-04T17:00:00.000000,Canada,Québec,CA-QC,12.96,44.28,96.84,92.6,hydroquebec.com,false,""
2025-09-04T18:00:00.000000,Canada,Québec,CA-QC,12.61,43.67,96.9,92.49,hydroquebec.com,false,""
2025-09-04T19:00:00.000000,Canada,Québec,CA-QC,12.65,43.54,96.9,92.6,hydroquebec.com,false,""
2025-09-04T20:00:00.000000,Canada,Québec,CA-QC,12.36,43.0,96.95,92.88,hydroquebec.com,false,""
2025-09-04T21:00:00.000000,Canada,Québec,CA-QC,12.13,42.56,97.01,93.14,hydroquebec.com,false,""
2025-09-04T22:00:00.000000,Canada,Québec,CA-QC,9.33,39.16,97.64,94.01,hydroquebec.com,false,""
2025-09-04T23:00:00.000000,Canada,Québec,CA-QC,8.31,37.88,97.85,94.31,hydroquebec.com,false,""
2025-09-05T00:00:00.000000,Canada,Québec,CA-QC,11.99,42.11,97.01,93.16,hydroquebec.com,false,""
2025-09-05T01:00:00.000000,Canada,Québec,CA-QC,12.48,42.67,96.9,92.77,hydroquebec.com,false,""
2025-09-05T02:00:00.000000,Canada,Québec,CA-QC,12.45,42.74,96.92,92.28,hydroquebec.com,false,""
2025-09-05T03:00:00.000000,Canada,Québec,CA-QC,11.64,41.81,97.18,91.83,hydroquebec.com,false,""
2025-09-05T04:00:00.000000,Canada,Québec,CA-QC,18.88,50.57,95.54,88.82,hydroquebec.com,false,""
2025-09-05T05:00:00.000000,Canada,Québec,CA-QC,19.47,51.56,95.4,88.12,hydroquebec.com,false,""
2025-09-05T06:00:00.000000,Canada,Québec,CA-QC,19.5,51.72,95.4,87.77,hydroquebec.com,false,""
2025-09-05T07:00:00.000000,Canada,Québec,CA-QC,19.12,51.3,95.49,87.73,hydroquebec.com,false,""
2025-09-05T08:00:00.000000,Canada,Québec,CA-QC,18.29,50.33,95.71,88.02,hydroquebec.com,false,""
2025-09-05T09:00:00.000000,Canada,Québec,CA-QC,17.56,49.3,95.91,88.59,hydroquebec.com,false,""
2025-09-05T10:00:00.000000,Canada,Québec,CA-QC,16.91,48.33,96.07,89.47,hydroquebec.com,false,""
2025-09-05T11:00:00.000000,Canada,Québec,CA-QC,15.28,46.1,96.46,90.79,hydroquebec.com,false,""
2025-09-05T12:00:00.000000,Canada,Québec,CA-QC,14.42,44.93,96.66,91.44,hydroquebec.com,false,""
2025-09-05T13:00:00.000000,Canada,Québec,CA-QC,14.13,44.5,96.73,91.64,hydroquebec.com,false,""
2025-09-05T14:00:00.000000,Canada,Québec,CA-QC,13.91,44.2,96.79,91.7,hydroquebec.com,false,""
2025-09-05T15:00:00.000000,Canada,Québec,CA-QC,13.84,44.18,96.8,91.73,hydroquebec.com,false,""
2025-09-05T16:00:00.000000,Canada,Québec,CA-QC,13.92,44.32,96.76,91.83,hydroquebec.com,false,""
2025-09-05T17:00:00.000000,Canada,Québec,CA-QC,14.41,44.87,96.62,91.8,hydroquebec.com,false,""
2025-09-05T18:00:00.000000,Canada,Québec,CA-QC,14.97,45.56,96.49,91.69,hydroquebec.com,false,""
2025-09-05T19:00:00.000000,Canada,Québec,CA-QC,15.13,45.75,96.44,91.82,hydroquebec.com,false,""
2025-09-05T20:00:00.000000,Canada,Québec,CA-QC,11.69,41.49,97.21,93.11,hydroquebec.com,false,""
2025-09-05T21:00:00.000000,Canada,Québec,CA-QC,11.73,41.42,97.17,93.34,hydroquebec.com,false,""
2025-09-05T22:00:00.000000,Canada,Québec,CA-QC,11.72,41.41,97.16,93.38,hydroquebec.com,false,""
2025-09-05T23:00:00.000000,Canada,Québec,CA-QC,11.97,41.61,97.1,93.16,hydroquebec.com,false,""
2025-09-06T00:00:00.000000,Canada,Québec,CA-QC,12.59,42.27,96.94,92.91,hydroquebec.com,false,""
2025-09-06T01:00:00.000000,Canada,Québec,CA-QC,16.55,46.98,96.02,91.46,hydroquebec.com,false,""
2025-09-06T02:00:00.000000,Canada,Québec,CA-QC,18.46,49.16,95.58,90.46,hydroquebec.com,false,""
2025-09-06T03:00:00.000000,Canada,Québec,CA-QC,18.48,49.08,95.63,89.77,hydroquebec.com,false,""
2025-09-06T04:00:00.000000,Canada,Québec,CA-QC,9.02,37.97,97.79,92.07,hydroquebec.com,false,""
2025-09-06T05:00:00.000000,Canada,Québec,CA-QC,7.87,36.7,98.08,91.93,hydroquebec.com,false,""
2025-09-06T06:00:00.000000,Canada,Québec,CA-QC,7.98,36.98,98.04,91.76,hydroquebec.com,false,""
2025-09-06T07:00:00.000000,Canada,Québec,CA-QC,7.74,36.91,98.1,91.69,hydroquebec.com,false,""
2025-09-06T08:00:00.000000,Canada,Québec,CA-QC,8.04,37.46,98.03,91.36,hydroquebec.com,false,""
2025-09-06T09:00:00.000000,Canada,Québec,CA-QC,8.17,37.72,98.0,91.45,hydroquebec.com,false,""
2025-09-06T10:00:00.000000,Canada,Québec,CA-QC,18.06,49.42,95.75,88.29,hydroquebec.com,false,""
2025-09-06T11:00:00.000000,Canada,Québec,CA-QC,19.47,51.0,95.43,88.03,hydroquebec.com,false,""
2025-09-06T12:00:00.000000,Canada,Québec,CA-QC,18.92,50.29,95.54,88.8,hydroquebec.com,false,""
2025-09-06T13:00:00.000000,Canada,Québec,CA-QC,18.19,49.23,95.69,89.56,hydroquebec.com,false,""
2025-09-06T14:00:00.000000,Canada,Québec,CA-QC,16.49,46.89,96.14,90.42,hydroquebec.com,false,""
2025-09-06T15:00:00.000000,Canada,Québec,CA-QC,13.36,43.02,96.87,91.57,hydroquebec.com,false,""
2025-09-06T16:00:00.000000,Canada,Québec,CA-QC,13.36,43.0,96.87,91.69,hydroquebec.com,false,""
2025-09-06T17:00:00.000000,Canada,Québec,CA-QC,13.52,43.27,96.8,91.76,hydroquebec.com,false,""
2025-09-06T18:00:00.000000,Canada,Québec,CA-QC,13.58,43.47,96.76,91.73,hydroquebec.com,false,""
2025-09-06T19:00:00.000000,Canada,Québec,CA-QC,13.53,43.51,96.8,91.74,hydroquebec.com,false,""
2025-09-06T20:00:00.000000,Canada,Québec,CA-QC,13.24,43.26,96.82,91.94,hydroquebec.com,false,""
2025-09-06T21:00:00.000000,Canada,Québec,CA-QC,13.1,43.09,96.87,92.06,hydroquebec.com,false,""
2025-09-06T22:00:00.000000,Canada,Québec,CA-QC,13.68,44.01,96.73,91.84,hydroquebec.com,false,""
2025-09-06T23:00:00.000000,Canada,Québec,CA-QC,14.74,45.54,96.48,91.47,hydroquebec.com,false,""
2025-09-07T00:00:00.000000,Canada,Québec,CA-QC,14.9,45.93,96.42,91.35,hydroquebec.com,false,""
2025-09-07T01:00:00.000000,Canada,Québec,CA-QC,15.48,46.73,96.32,90.84,hydroquebec.com,false,""
2025-09-07T02:00:00.000000,Canada,Québec,CA-QC,16.31,47.95,96.11,90.14,hydroquebec.com,false,""
2025-09-07T03:00:00.000000,Canada,Québec,CA-QC,20.29,52.85,95.21,88.38,hydroquebec.com,false,""
2025-09-07T04:00:00.000000,Canada,Québec,CA-QC,20.38,53.13,95.18,87.8,hydroquebec.com,false,""
2025-09-07T05:00:00.000000,Canada,Québec,CA-QC,18.19,50.7,95.68,87.94,hydroquebec.com,false,""
2025-09-07T06:00:00.000000,Canada,Québec,CA-QC,18.55,51.38,95.6,87.42,hydroquebec.com,false,""
2025-09-07T07:00:00.000000,Canada,Québec,CA-QC,17.85,50.61,95.77,87.45,hydroquebec.com,false,""
2025-09-07T08:00:00.000000,Canada,Québec,CA-QC,17.93,50.7,95.76,87.31,hydroquebec.com,false,""
2025-09-07T09:00:00.000000,Canada,Québec,CA-QC,17.93,50.76,95.75,87.42,hydroquebec.com,false,""
2025-09-07T10:00:00.000000,Canada,Québec,CA-QC,18.47,51.55,95.64,88.19,hydroquebec.com,false,""
2025-09-07T11:00:00.000000,Canada,Québec,CA-QC,17.79,50.59,95.81,88.7,hydroquebec.com,false,""
2025-09-07T12:00:00.000000,Canada,Québec,CA-QC,17.14,49.59,95.99,89.31,hydroquebec.com,false,""
2025-09-07T13:00:00.000000,Canada,Québec,CA-QC,16.56,48.66,96.15,89.89,hydroquebec.com,false,""
2025-09-07T14:00:00.000000,Canada,Québec,CA-QC,14.78,46.16,96.6,90.73,hydroquebec.com,false,""
2025-09-07T15:00:00.000000,Canada,Québec,CA-QC,14.37,45.5,96.7,91.12,hydroquebec.com,false,""
2025-09-07T16:00:00.000000,Canada,Québec,CA-QC,15.07,46.52,96.51,90.94,hydroquebec.com,false,""
2025-09-07T17:00:00.000000,Canada,Québec,CA-QC,15.43,47.11,96.42,90.8,hydroquebec.com,false,""
2025-09-07T18:00:00.000000,Canada,Québec,CA-QC,15.42,47.01,96.39,90.75,hydroquebec.com,false,""
2025-09-07T19:00:00.000000,Canada,Québec,CA-QC,15.95,47.62,96.27,90.59,hydroquebec.com,false,""
2025-09-07T20:00:00.000000,Canada,Québec,CA-QC,17.03,48.96,96.0,90.5,hydroquebec.com,false,""
2025-09-07T21:00:00.000000,Canada,Québec,CA-QC,17.18,49.0,95.95,90.87,hydroquebec.com,false,""
2025-09-07T22:00:00.000000,Canada,Québec,CA-QC,17.2,48.87,95.93,91.12,hydroquebec.com,false,""
2025-09-07T23:00:00.000000,Canada,Québec,CA-QC,17.57,49.24,95.87,91.12,hydroquebec.com,false,""
2025-09-08T00:00:00.000000,Canada,Québec,CA-QC,17.92,49.68,95.77,91.04,hydroquebec.com,false,""
2025-09-08T01:00:00.000000,Canada,Québec,CA-QC,18.85,50.81,95.59,90.4,hydroquebec.com,false,""
2025-09-08T02:00:00.000000,Canada,Québec,CA-QC,19.79,52.37,95.27,89.87,hydroquebec.com,false,""
2025-09-08T03:00:00.000000,Canada,Québec,CA-QC,20.36,53.15,95.14,88.99,hydroquebec.com,false,""
2025-09-08T04:00:00.000000,Canada,Québec,CA-QC,20.03,52.73,95.31,88.56,hydroquebec.com,false,""
2025-09-08T05:00:00.000000,Canada,Québec,CA-QC,12.78,44.16,96.97,90.48,hydroquebec.com,false,""
2025-09-08T06:00:00.000000,Canada,Québec,CA-QC,10.52,41.52,97.47,91.13,hydroquebec.com,false,""
2025-09-08T07:00:00.000000,Canada,Québec,CA-QC,12.0,43.32,97.13,90.57,hydroquebec.com,false,""
2025-09-08T08:00:00.000000,Canada,Québec,CA-QC,18.55,51.14,95.6,88.4,hydroquebec.com,false,""
2025-09-08T09:00:00.000000,Canada,Québec,CA-QC,16.13,48.3,96.12,89.65,hydroquebec.com,false,""
2025-09-08T10:00:00.000000,Canada,Québec,CA-QC,6.78,36.9,98.19,93.82,hydroquebec.com,false,""
2025-09-08T11:00:00.000000,Canada,Québec,CA-QC,6.7,36.37,98.19,94.6,hydroquebec.com,false,""
2025-09-08T12:00:00.000000,Canada,Québec,CA-QC,10.51,40.77,97.38,93.55,hydroquebec.com,false,""
2025-09-08T13:00:00.000000,Canada,Québec,CA-QC,10.35,40.61,97.41,93.47,hydroquebec.com,false,""
2025-09-08T14:00:00.000000,Canada,Québec,CA-QC,10.28,40.42,97.43,93.48,hydroquebec.com,false,""
2025-09-08T15:00:00.000000,Canada,Québec,CA-QC,10.68,40.93,97.31,93.3,hydroquebec.com,false,""
2025-09-08T16:00:00.000000,Canada,Québec,CA-QC,10.51,40.76,97.35,93.33,hydroquebec.com,false,""
2025-09-08T17:00:00.000000,Canada,Québec,CA-QC,10.31,40.55,97.41,93.42,hydroquebec.com,false,""
2025-09-08T18:00:00.000000,Canada,Québec,CA-QC,10.17,40.42,97.45,93.5,hydroquebec.com,false,""
2025-09-08T19:00:00.000000,Canada,Québec,CA-QC,10.29,40.59,97.45,93.48,hydroquebec.com,false,""
2025-09-08T20:00:00.000000,Canada,Québec,CA-QC,10.77,41.26,97.33,93.52,hydroquebec.com,false,""
2025-09-08T21:00:00.000000,Canada,Québec,CA-QC,10.65,41.01,97.33,93.84,hydroquebec.com,false,""
2025-09-08T22:00:00.000000,Canada,Québec,CA-QC,6.85,36.37,98.17,95.24,hydroquebec.com,false,""
2025-09-08T23:00:00.000000,Canada,Québec,CA-QC,6.3,35.65,98.31,95.55,hydroquebec.com,false,""
2025-09-09T00:00:00.000000,Canada,Québec,CA-QC,5.9,35.11,98.41,95.8,hydroquebec.com,false,""
2025-09-09T01:00:00.000000,Canada,Québec,CA-QC,7.14,36.58,98.12,94.95,hydroquebec.com,false,""
2025-09-09T02:00:00.000000,Canada,Québec,CA-QC,6.77,36.37,98.26,94.61,hydroquebec.com,false,""
2025-09-09T03:00:00.000000,Canada,Québec,CA-QC,4.94,34.64,98.7,94.48,hydroquebec.com,false,""
2025-09-09T04:00:00.000000,Canada,Québec,CA-QC,4.69,34.96,98.73,94.13,hydroquebec.com,false,""
2025-09-09T05:00:00.000000,Canada,Québec,CA-QC,4.46,35.1,98.8,93.97,hydroquebec.com,false,""
2025-09-09T06:00:00.000000,Canada,Québec,CA-QC,4.48,35.36,98.79,93.79,hydroquebec.com,false,""
2025-09-09T07:00:00.000000,Canada,Québec,CA-QC,4.48,35.45,98.79,93.77,hydroquebec.com,false,""
2025-09-09T08:00:00.000000,Canada,Québec,CA-QC,4.55,35.51,98.77,93.87,hydroquebec.com,false,""
2025-09-09T09:00:00.000000,Canada,Québec,CA-QC,5.0,35.92,98.65,94.12,hydroquebec.com,false,""
2025-09-09T10:00:00.000000,Canada,Québec,CA-QC,6.04,36.92,98.37,94.5,hydroquebec.com,false,""
2025-09-09T11:00:00.000000,Canada,Québec,CA-QC,5.08,35.4,98.63,95.72,hydroquebec.com,false,""
2025-09-09T12:00:00.000000,Canada,Québec,CA-QC,8.59,39.39,97.82,94.18,hydroquebec.com,false,""
2025-09-09T13:00:00.000000,Canada,Québec,CA-QC,9.18,40.33,97.68,93.78,hydroquebec.com,false,""
2025-09-09T14:00:00.000000,Canada,Québec,CA-QC,9.1,40.25,97.7,93.69,hydroquebec.com,false,""
2025-09-09T15:00:00.000000,Canada,Québec,CA-QC,8.56,39.59,97.86,94.14,hydroquebec.com,false,""
2025-09-09T16:00:00.000000,Canada,Québec,CA-QC,8.14,39.1,97.97,94.56,hydroquebec.com,false,""
2025-09-09T17:00:00.000000,Canada,Québec,CA-QC,8.44,39.51,97.9,94.59,hydroquebec.com,false,""
2025-09-09T18:00:00.000000,Canada,Québec,CA-QC,8.71,39.89,97.82,94.49,hydroquebec.com,false,""
2025-09-09T19:00:00.000000,Canada,Québec,CA-QC,9.19,40.57,97.69,94.42,hydroquebec.com,false,""
2025-09-09T20:00:00.000000,Canada,Québec,CA-QC,7.16,38.12,98.13,95.23,hydroquebec.com,false,""
2025-09-09T21:00:00.000000,Canada,Québec,CA-QC,4.11,34.19,98.9,97.02,hydroquebec.com,false,""
2025-09-09T22:00:00.000000,Canada,Québec,CA-QC,6.28,36.51,98.34,96.03,hydroquebec.com,false,""
2025-09-09T23:00:00.000000,Canada,Québec,CA-QC,5.61,35.65,98.49,96.23,hydroquebec.com,false,""
2025-09-10T00:00:00.000000,Canada,Québec,CA-QC,5.59,35.55,98.5,96.11,hydroquebec.com,false,""
2025-09-10T01:00:00.000000,Canada,Québec,CA-QC,5.46,35.5,98.52,95.91,hydroquebec.com,false,""
2025-09-10T02:00:00.000000,Canada,Québec,CA-QC,5.03,35.1,98.64,95.71,hydroquebec.com,false,""
2025-09-10T03:00:00.000000,Canada,Québec,CA-QC,4.41,34.44,98.81,95.39,hydroquebec.com,false,""
2025-09-10T04:00:00.000000,Canada,Québec,CA-QC,4.37,34.59,98.82,95.08,hydroquebec.com,false,""
2025-09-10T05:00:00.000000,Canada,Québec,CA-QC,4.17,34.45,98.87,94.88,hydroquebec.com,false,""
2025-09-10T06:00:00.000000,Canada,Québec,CA-QC,4.14,34.4,98.88,94.74,hydroquebec.com,false,""
2025-09-10T07:00:00.000000,Canada,Québec,CA-QC,6.8,37.75,98.2,93.58,hydroquebec.com,false,""
2025-09-10T08:00:00.000000,Canada,Québec,CA-QC,7.08,38.09,98.13,93.58,hydroquebec.com,false,""
2025-09-10T09:00:00.000000,Canada,Québec,CA-QC,5.13,35.55,98.61,94.75,hydroquebec.com,false,""
2025-09-10T10:00:00.000000,Canada,Québec,CA-QC,5.98,36.32,98.38,95.02,hydroquebec.com,false,""
2025-09-10T11:00:00.000000,Canada,Québec,CA-QC,5.9,35.94,98.41,95.42,hydroquebec.com,false,""
2025-09-10T12:00:00.000000,Canada,Québec,CA-QC,9.48,40.29,97.6,94.4,hydroquebec.com,false,""
2025-09-10T13:00:00.000000,Canada,Québec,CA-QC,9.58,40.66,97.59,94.33,hydroquebec.com,false,""
2025-09-10T14:00:00.000000,Canada,Québec,CA-QC,9.58,40.79,97.59,94.3,hydroquebec.com,false,""
2025-09-10T15:00:00.000000,Canada,Québec,CA-QC,9.38,40.54,97.65,94.46,hydroquebec.com,false,""
2025-09-10T16:00:00.000000,Canada,Québec,CA-QC,9.5,40.67,97.6,94.47,hydroquebec.com,false,""
2025-09-10T17:00:00.000000,Canada,Québec,CA-QC,10.1,41.4,97.44,94.41,hydroquebec.com,false,""
2025-09-10T18:00:00.000000,Canada,Québec,CA-QC,10.36,41.64,97.39,94.34,hydroquebec.com,false,""
2025-09-10T19:00:00.000000,Canada,Québec,CA-QC,10.25,41.52,97.41,94.44,hydroquebec.com,false,""
2025-09-10T20:00:00.000000,Canada,Québec,CA-QC,10.73,42.27,97.26,94.48,hydroquebec.com,false,""
2025-09-10T21:00:00.000000,Canada,Québec,CA-QC,9.04,39.96,97.73,95.37,hydroquebec.com,false,""
2025-09-10T22:00:00.000000,Canada,Québec,CA-QC,7.69,38.22,98.06,96.12,hydroquebec.com,false,""
2025-09-10T23:00:00.000000,Canada,Québec,CA-QC,8.43,38.99,97.86,95.61,hydroquebec.com,false,""
2025-09-11T00:00:00.000000,Canada,Québec,CA-QC,6.45,36.62,98.27,95.91,hydroquebec.com,false,""
2025-09-11T01:00:00.000000,Canada,Québec,CA-QC,6.61,37.12,98.21,95.68,hydroquebec.com,false,""
2025-09-11T02:00:00.000000,Canada,Québec,CA-QC,6.73,37.66,98.18,95.37,hydroquebec.com,false,""
2025-09-11T03:00:00.000000,Canada,Québec,CA-QC,6.23,37.31,98.32,95.1,hydroquebec.com,false,""
2025-09-11T04:00:00.000000,Canada,Québec,CA-QC,9.07,41.16,97.59,93.57,hydroquebec.com,false,""
2025-09-11T05:00:00.000000,Canada,Québec,CA-QC,5.42,36.65,98.53,94.68,hydroquebec.com,false,""
2025-09-11T06:00:00.000000,Canada,Québec,CA-QC,4.81,35.79,98.7,94.73,hydroquebec.com,false,""
2025-09-11T07:00:00.000000,Canada,Québec,CA-QC,4.81,35.87,98.7,94.68,hydroquebec.com,false,""
2025-09-11T08:00:00.000000,Canada,Québec,CA-QC,5.03,36.2,98.64,94.61,hydroquebec.com,false,""
2025-09-11T09:00:00.000000,Canada,Québec,CA-QC,5.47,36.66,98.52,94.71,hydroquebec.com,false,""
2025-09-11T10:00:00.000000,Canada,Québec,CA-QC,6.41,37.55,98.27,95.0,hydroquebec.com,false,""
2025-09-11T11:00:00.000000,Canada,Québec,CA-QC,6.34,36.98,98.29,95.4,hydroquebec.com,false,""
2025-09-11T12:00:00.000000,Canada,Québec,CA-QC,9.61,40.54,97.57,94.4,hydroquebec.com,false,""
2025-09-11T13:00:00.000000,Canada,Québec,CA-QC,9.53,40.37,97.61,94.4,hydroquebec.com,false,""
2025-09-11T14:00:00.000000,Canada,Québec,CA-QC,9.49,40.3,97.62,94.44,hydroquebec.com,false,""
2025-09-11T15:00:00.000000,Canada,Québec,CA-QC,10.24,41.13,97.46,94.23,hydroquebec.com,false,""
2025-09-11T16:00:00.000000,Canada,Québec,CA-QC,9.9,40.66,97.51,94.4,hydroquebec.com,false,""
2025-09-11T17:00:00.000000,Canada,Québec,CA-QC,10.32,41.04,97.38,94.33,hydroquebec.com,false,""
2025-09-11T18:00:00.000000,Canada,Québec,CA-QC,10.31,40.87,97.38,94.37,hydroquebec.com,false,""
2025-09-11T19:00:00.000000,Canada,Québec,CA-QC,10.48,40.95,97.35,94.36,hydroquebec.com,false,""
2025-09-11T20:00:00.000000,Canada,Québec,CA-QC,10.25,40.49,97.41,94.53,hydroquebec.com,false,""
2025-09-11T21:00:00.000000,Canada,Québec,CA-QC,9.25,39.16,97.67,95.27,hydroquebec.com,false,""
2025-09-11T22:00:00.000000,Canada,Québec,CA-QC,8.49,38.14,97.81,95.27,hydroquebec.com,false,""
2025-09-11T23:00:00.000000,Canada,Québec,CA-QC,9.34,39.09,97.63,95.16,hydroquebec.com,false,""
2025-09-12T00:00:00.000000,Canada,Québec,CA-QC,6.35,35.53,98.3,95.87,hydroquebec.com,false,""
2025-09-12T01:00:00.000000,Canada,Québec,CA-QC,6.25,35.52,98.31,95.79,hydroquebec.com,false,""
2025-09-12T02:00:00.000000,Canada,Québec,CA-QC,5.92,35.31,98.4,95.64,hydroquebec.com,false,""
2025-09-12T03:00:00.000000,Canada,Québec,CA-QC,5.54,35.03,98.5,95.35,hydroquebec.com,false,""
2025-09-12T04:00:00.000000,Canada,Québec,CA-QC,5.1,34.67,98.62,95.13,hydroquebec.com,false,""
2025-09-12T05:00:00.000000,Canada,Québec,CA-QC,4.45,34.04,98.8,94.97,hydroquebec.com,false,""
2025-09-12T06:00:00.000000,Canada,Québec,CA-QC,4.41,34.13,98.81,94.87,hydroquebec.com,false,""
2025-09-12T07:00:00.000000,Canada,Québec,CA-QC,4.89,34.91,98.68,94.67,hydroquebec.com,false,""
2025-09-12T08:00:00.000000,Canada,Québec,CA-QC,5.44,35.64,98.53,94.57,hydroquebec.com,false,""
2025-09-12T09:00:00.000000,Canada,Québec,CA-QC,5.58,35.72,98.49,94.72,hydroquebec.com,false,""
2025-09-12T10:00:00.000000,Canada,Québec,CA-QC,6.22,36.32,98.32,94.98,hydroquebec.com,false,""
2025-09-12T11:00:00.000000,Canada,Québec,CA-QC,6.28,36.25,98.3,95.27,hydroquebec.com,false,""
2025-09-12T12:00:00.000000,Canada,Québec,CA-QC,9.42,40.05,97.61,94.34,hydroquebec.com,false,""
2025-09-12T13:00:00.000000,Canada,Québec,CA-QC,9.55,40.4,97.59,94.3,hydroquebec.com,false,""
2025-09-12T14:00:00.000000,Canada,Québec,CA-QC,8.97,39.82,97.75,94.45,hydroquebec.com,false,""
2025-09-12T15:00:00.000000,Canada,Québec,CA-QC,8.97,39.91,97.75,94.5,hydroquebec.com,false,""
2025-09-12T16:00:00.000000,Canada,Québec,CA-QC,9.22,40.29,97.68,94.43,hydroquebec.com,false,""
2025-09-12T17:00:00.000000,Canada,Québec,CA-QC,9.72,40.95,97.55,94.31,hydroquebec.com,false,""
2025-09-12T18:00:00.000000,Canada,Québec,CA-QC,9.84,41.14,97.51,94.28,hydroquebec.com,false,""
2025-09-12T19:00:00.000000,Canada,Québec,CA-QC,10.26,41.72,97.41,94.21,hydroquebec.com,false,""
2025-09-12T20:00:00.000000,Canada,Québec,CA-QC,9.63,40.91,97.58,94.71,hydroquebec.com,false,""
2025-09-12T21:00:00.000000,Canada,Québec,CA-QC,9.32,40.33,97.65,94.97,hydroquebec.com,false,""
2025-09-12T22:00:00.000000,Canada,Québec,CA-QC,9.02,39.82,97.71,95.14,hydroquebec.com,false,""
2025-09-12T23:00:00.000000,Canada,Québec,CA-QC,9.16,39.92,97.67,94.99,hydroquebec.com,false,""
2025-09-13T00:00:00.000000,Canada,Québec,CA-QC,6.24,36.49,98.32,95.71,hydroquebec.com,false,""
2025-09-13T01:00:00.000000,Canada,Québec,CA-QC,6.18,36.62,98.33,95.58,hydroquebec.com,false,""
2025-09-13T02:00:00.000000,Canada,Québec,CA-QC,5.58,36.03,98.51,95.38,hydroquebec.com,false,""
2025-09-13T03:00:00.000000,Canada,Québec,CA-QC,5.02,35.48,98.64,95.04,hydroquebec.com,false,""
2025-09-13T04:00:00.000000,Canada,Québec,CA-QC,4.52,34.9,98.78,94.85,hydroquebec.com,false,""
2025-09-13T05:00:00.000000,Canada,Québec,CA-QC,3.88,34.03,98.95,94.72,hydroquebec.com,false,""
2025-09-13T06:00:00.000000,Canada,Québec,CA-QC,3.54,33.59,99.04,94.6,hydroquebec.com,false,""
2025-09-13T07:00:00.000000,Canada,Québec,CA-QC,3.69,33.89,99.0,94.55,hydroquebec.com,false,""
2025-09-13T08:00:00.000000,Canada,Québec,CA-QC,3.8,34.05,98.97,94.55,hydroquebec.com,false,""
2025-09-13T09:00:00.000000,Canada,Québec,CA-QC,3.9,34.09,98.95,94.54,hydroquebec.com,false,""
2025-09-13T10:00:00.000000,Canada,Québec,CA-QC,3.76,33.71,98.98,94.67,hydroquebec.com,false,""
2025-09-13T11:00:00.000000,Canada,Québec,CA-QC,3.85,33.63,98.96,94.89,hydroquebec.com,false,""
2025-09-13T12:00:00.000000,Canada,Québec,CA-QC,7.14,37.5,98.21,94.08,hydroquebec.com,false,""
2025-09-13T13:00:00.000000,Canada,Québec,CA-QC,8.2,38.82,97.94,94.11,hydroquebec.com,false,""
2025-09-13T14:00:00.000000,Canada,Québec,CA-QC,8.78,39.54,97.78,94.1,hydroquebec.com,false,""
2025-09-13T15:00:00.000000,Canada,Québec,CA-QC,8.53,39.24,97.82,94.33,hydroquebec.com,false,""
2025-09-13T16:00:00.000000,Canada,Québec,CA-QC,8.46,39.14,97.84,94.4,hydroquebec.com,false,""
2025-09-13T17:00:00.000000,Canada,Québec,CA-QC,9.06,39.92,97.71,94.17,hydroquebec.com,false,""
2025-09-13T18:00:00.000000,Canada,Québec,CA-QC,8.64,39.43,97.82,94.25,hydroquebec.com,false,""
2025-09-13T19:00:00.000000,Canada,Québec,CA-QC,8.34,39.08,97.88,94.4,hydroquebec.com,false,""
2025-09-13T20:00:00.000000,Canada,Québec,CA-QC,8.62,39.46,97.8,94.43,hydroquebec.com,false,""
2025-09-13T21:00:00.000000,Canada,Québec,CA-QC,8.67,39.5,97.78,94.53,hydroquebec.com,false,""
2025-09-13T22:00:00.000000,Canada,Québec,CA-QC,8.86,39.73,97.72,94.55,hydroquebec.com,false,""
2025-09-13T23:00:00.000000,Canada,Québec,CA-QC,9.05,39.92,97.68,94.51,hydroquebec.com,false,""
2025-09-14T00:00:00.000000,Canada,Québec,CA-QC,5.97,36.17,98.39,95.32,hydroquebec.com,false,""
2025-09-14T01:00:00.000000,Canada,Québec,CA-QC,5.93,36.17,98.4,95.25,hydroquebec.com,false,""
2025-09-14T02:00:00.000000,Canada,Québec,CA-QC,5.33,35.47,98.56,95.17,hydroquebec.com,false,""
2025-09-14T03:00:00.000000,Canada,Québec,CA-QC,5.18,35.47,98.6,94.96,hydroquebec.com,false,""
2025-09-14T04:00:00.000000,Canada,Québec,CA-QC,6.87,37.84,98.17,93.98,hydroquebec.com,false,""
2025-09-14T05:00:00.000000,Canada,Québec,CA-QC,6.51,37.64,98.27,93.72,hydroquebec.com,false,""
2025-09-14T06:00:00.000000,Canada,Québec,CA-QC,6.34,37.68,98.32,93.55,hydroquebec.com,false,""
2025-09-14T07:00:00.000000,Canada,Québec,CA-QC,6.01,37.36,98.41,93.53,hydroquebec.com,false,""
2025-09-14T08:00:00.000000,Canada,Québec,CA-QC,5.65,36.94,98.5,93.55,hydroquebec.com,false,""
2025-09-14T09:00:00.000000,Canada,Québec,CA-QC,5.49,36.76,98.55,93.55,hydroquebec.com,false,""
2025-09-14T10:00:00.000000,Canada,Québec,CA-QC,5.29,36.44,98.6,93.82,hydroquebec.com,false,""
2025-09-14T11:00:00.000000,Canada,Québec,CA-QC,4.99,35.82,98.67,94.21,hydroquebec.com,false,""
2025-09-14T12:00:00.000000,Canada,Québec,CA-QC,7.91,39.0,98.02,93.5,hydroquebec.com,false,""
2025-09-14T13:00:00.000000,Canada,Québec,CA-QC,7.84,38.75,98.05,93.75,hydroquebec.com,false,""
2025-09-14T14:00:00.000000,Canada,Québec,CA-QC,7.93,38.73,98.02,94.0,hydroquebec.com,false,""
2025-09-14T15:00:00.000000,Canada,Québec,CA-QC,8.2,38.97,97.94,94.16,hydroquebec.com,false,""
2025-09-14T16:00:00.000000,Canada,Québec,CA-QC,8.69,39.53,97.8,94.28,hydroquebec.com,false,""
2025-09-14T17:00:00.000000,Canada,Québec,CA-QC,9.31,40.32,97.64,94.21,hydroquebec.com,false,""
2025-09-14T18:00:00.000000,Canada,Québec,CA-QC,10.14,41.43,97.42,94.02,hydroquebec.com,false,""
2025-09-14T19:00:00.000000,Canada,Québec,CA-QC,9.87,41.15,97.49,94.19,hydroquebec.com,false,""
2025-09-14T20:00:00.000000,Canada,Québec,CA-QC,9.62,40.8,97.53,94.39,hydroquebec.com,false,""
2025-09-14T21:00:00.000000,Canada,Québec,CA-QC,8.9,39.77,97.72,94.88,hydroquebec.com,false,""
2025-09-14T22:00:00.000000,Canada,Québec,CA-QC,7.43,37.95,98.12,95.91,hydroquebec.com,false,""
2025-09-14T23:00:00.000000,Canada,Québec,CA-QC,6.33,36.54,98.41,96.67,hydroquebec.com,false,""
2025-09-15T00:00:00.000000,Canada,Québec,CA-QC,6.17,36.23,98.33,95.7,hydroquebec.com,false,""
2025-09-15T01:00:00.000000,Canada,Québec,CA-QC,6.79,37.15,98.17,95.33,hydroquebec.com,false,""
2025-09-15T02:00:00.000000,Canada,Québec,CA-QC,6.62,37.1,98.23,94.96,hydroquebec.com,false,""
2025-09-15T03:00:00.000000,Canada,Québec,CA-QC,6.79,37.54,98.19,94.44,hydroquebec.com,false,""
2025-09-15T04:00:00.000000,Canada,Québec,CA-QC,6.18,37.17,98.36,94.55,hydroquebec.com,false,""
2025-09-15T05:00:00.000000,Canada,Québec,CA-QC,5.59,36.6,98.51,94.14,hydroquebec.com,false,""
2025-09-15T06:00:00.000000,Canada,Québec,CA-QC,6.1,37.44,98.38,93.85,hydroquebec.com,false,""
2025-09-15T07:00:00.000000,Canada,Québec,CA-QC,6.55,38.08,98.26,93.66,hydroquebec.com,false,""
2025-09-15T08:00:00.000000,Canada,Québec,CA-QC,6.6,38.13,98.25,93.75,hydroquebec.com,false,""
2025-09-15T09:00:00.000000,Canada,Québec,CA-QC,6.58,37.96,98.25,93.93,hydroquebec.com,false,""
2025-09-15T10:00:00.000000,Canada,Québec,CA-QC,6.12,37.06,98.37,94.64,hydroquebec.com,false,""
2025-09-15T11:00:00.000000,Canada,Québec,CA-QC,5.17,35.53,98.6,95.52,hydroquebec.com,false,""
2025-09-15T12:00:00.000000,Canada,Québec,CA-QC,9.04,40.02,97.72,94.26,hydroquebec.com,false,""
2025-09-15T13:00:00.000000,Canada,Québec,CA-QC,9.01,39.95,97.73,94.32,hydroquebec.com,false,""
2025-09-15T14:00:00.000000,Canada,Québec,CA-QC,8.95,39.83,97.74,94.53,hydroquebec.com,false,""
2025-09-15T15:00:00.000000,Canada,Québec,CA-QC,9.34,40.31,97.63,94.53,hydroquebec.com,false,""
2025-09-15T16:00:00.000000,Canada,Québec,CA-QC,9.32,40.22,97.64,94.64,hydroquebec.com,false,""
2025-09-15T17:00:00.000000,Canada,Québec,CA-QC,8.5,39.22,97.82,95.07,hydroquebec.com,false,""
2025-09-15T18:00:00.000000,Canada,Québec,CA-QC,8.41,39.16,97.86,95.23,hydroquebec.com,false,""
2025-09-15T19:00:00.000000,Canada,Québec,CA-QC,8.89,39.79,97.79,95.23,hydroquebec.com,false,""
2025-09-15T20:00:00.000000,Canada,Québec,CA-QC,8.14,38.81,97.98,95.86,hydroquebec.com,false,""
2025-09-15T21:00:00.000000,Canada,Québec,CA-QC,7.02,37.2,98.26,96.61,hydroquebec.com,false,""
2025-09-15T22:00:00.000000,Canada,Québec,CA-QC,5.99,35.79,98.53,97.33,hydroquebec.com,false,""
2025-09-15T23:00:00.000000,Canada,Québec,CA-QC,5.48,35.05,98.68,97.63,hydroquebec.com,false,""
2025-09-16T00:00:00.000000,Canada,Québec,CA-QC,3.78,32.94,98.99,97.33,hydroquebec.com,false,""
2025-09-16T01:00:00.000000,Canada,Québec,CA-QC,5.33,34.98,98.56,96.03,hydroquebec.com,false,""
2025-09-16T02:00:00.000000,Canada,Québec,CA-QC,5.27,35.29,98.58,95.71,hydroquebec.com,false,""
2025-09-16T03:00:00.000000,Canada,Québec,CA-QC,5.86,36.44,98.43,95.1,hydroquebec.com,false,""
2025-09-16T04:00:00.000000,Canada,Québec,CA-QC,6.05,36.94,98.39,94.5,hydroquebec.com,false,""
2025-09-16T05:00:00.000000,Canada,Québec,CA-QC,5.07,35.88,98.65,94.35,hydroquebec.com,false,""
2025-09-16T06:00:00.000000,Canada,Québec,CA-QC,5.0,35.98,98.67,94.21,hydroquebec.com,false,""
2025-09-16T07:00:00.000000,Canada,Québec,CA-QC,5.1,36.28,98.65,94.08,hydroquebec.com,false,""
2025-09-16T08:00:00.000000,Canada,Québec,CA-QC,5.29,36.62,98.59,94.05,hydroquebec.com,false,""
2025-09-16T09:00:00.000000,Canada,Québec,CA-QC,5.53,36.8,98.53,94.4,hydroquebec.com,false,""
2025-09-16T10:00:00.000000,Canada,Québec,CA-QC,5.89,36.89,98.43,94.82,hydroquebec.com,false,""
2025-09-16T11:00:00.000000,Canada,Québec,CA-QC,5.66,36.32,98.48,95.43,hydroquebec.com,false,""
2025-09-16T12:00:00.000000,Canada,Québec,CA-QC,9.24,40.54,97.7,94.46,hydroquebec.com,false,""
2025-09-16T13:00:00.000000,Canada,Québec,CA-QC,9.73,41.25,97.57,94.2,hydroquebec.com,false,""
2025-09-16T14:00:00.000000,Canada,Québec,CA-QC,9.84,41.41,97.54,94.16,hydroquebec.com,false,""
2025-09-16T15:00:00.000000,Canada,Québec,CA-QC,9.95,41.5,97.5,94.21,hydroquebec.com,false,""
2025-09-16T16:00:00.000000,Canada,Québec,CA-QC,10.14,41.65,97.45,94.22,hydroquebec.com,false,""
2025-09-16T17:00:00.000000,Canada,Québec,CA-QC,10.2,41.7,97.44,94.24,hydroquebec.com,false,""
2025-09-16T18:00:00.000000,Canada,Québec,CA-QC,10.18,41.69,97.45,94.3,hydroquebec.com,false,""
2025-09-16T19:00:00.000000,Canada,Québec,CA-QC,9.66,41.04,97.59,94.74,hydroquebec.com,false,""
2025-09-16T20:00:00.000000,Canada,Québec,CA-QC,8.04,38.95,98.01,95.93,hydroquebec.com,false,""
2025-09-16T21:00:00.000000,Canada,Québec,CA-QC,5.57,35.67,98.58,97.0,hydroquebec.com,false,""
2025-09-16T22:00:00.000000,Canada,Québec,CA-QC,5.08,34.85,98.71,97.33,hydroquebec.com,false,""
2025-09-16T23:00:00.000000,Canada,Québec,CA-QC,4.62,34.27,98.9,98.13,hydroquebec.com,false,""
2025-09-17T00:00:00.000000,Canada,Québec,CA-QC,5.42,35.15,98.55,96.28,hydroquebec.com,false,""
2025-09-17T01:00:00.000000,Canada,Québec,CA-QC,5.53,35.57,98.5,95.93,hydroquebec.com,false,""
2025-09-17T02:00:00.000000,Canada,Québec,CA-QC,5.6,35.9,98.49,95.62,hydroquebec.com,false,""
2025-09-17T03:00:00.000000,Canada,Québec,CA-QC,6.65,37.4,98.22,94.81,hydroquebec.com,false,""
2025-09-17T04:00:00.000000,Canada,Québec,CA-QC,7.02,38.06,98.13,94.2,hydroquebec.com,false,""
2025-09-17T05:00:00.000000,Canada,Québec,CA-QC,6.42,37.32,98.3,93.97,hydroquebec.com,false,""
2025-09-17T06:00:00.000000,Canada,Québec,CA-QC,6.45,37.3,98.29,93.8,hydroquebec.com,false,""
2025-09-17T07:00:00.000000,Canada,Québec,CA-QC,6.71,37.63,98.22,93.63,hydroquebec.com,false,""
2025-09-17T08:00:00.000000,Canada,Québec,CA-QC,7.24,38.37,98.07,93.6,hydroquebec.com,false,""
2025-09-17T09:00:00.000000,Canada,Québec,CA-QC,7.48,38.64,98.01,93.7,hydroquebec.com,false,""
2025-09-17T10:00:00.000000,Canada,Québec,CA-QC,6.92,37.73,98.14,94.53,hydroquebec.com,false,""
2025-09-17T11:00:00.000000,Canada,Québec,CA-QC,6.35,36.72,98.28,95.22,hydroquebec.com,false,""
2025-09-17T12:00:00.000000,Canada,Québec,CA-QC,6.17,36.41,98.33,95.4,hydroquebec.com,false,""
2025-09-17T13:00:00.000000,Canada,Québec,CA-QC,6.28,36.62,98.31,95.31,hydroquebec.com,false,""
2025-09-17T14:00:00.000000,Canada,Québec,CA-QC,7.12,37.75,98.1,94.93,hydroquebec.com,false,""
2025-09-17T15:00:00.000000,Canada,Québec,CA-QC,7.56,38.34,97.98,94.95,hydroquebec.com,false,""
2025-09-17T16:00:00.000000,Canada,Québec,CA-QC,7.65,38.45,97.96,95.03,hydroquebec.com,false,""
2025-09-17T17:00:00.000000,Canada,Québec,CA-QC,7.28,37.92,98.05,95.25,hydroquebec.com,false,""
2025-09-17T18:00:00.000000,Canada,Québec,CA-QC,7.56,38.16,97.97,95.24,hydroquebec.com,false,""
2025-09-17T19:00:00.000000,Canada,Québec,CA-QC,7.64,38.23,97.96,95.26,hydroquebec.com,false,""
2025-09-17T20:00:00.000000,Canada,Québec,CA-QC,7.58,38.1,97.98,95.38,hydroquebec.com,false,""
2025-09-17T21:00:00.000000,Canada,Québec,CA-QC,6.23,36.22,98.33,96.01,hydroquebec.com,false,""
2025-09-17T22:00:00.000000,Canada,Québec,CA-QC,5.39,35.03,98.61,96.97,hydroquebec.com,false,""
2025-09-17T23:00:00.000000,Canada,Québec,CA-QC,3.1,32.05,99.22,98.43,hydroquebec.com,false,""
2025-09-18T00:00:00.000000,Canada,Québec,CA-QC,5.96,35.24,98.4,96.09,hydroquebec.com,false,""
2025-09-18T01:00:00.000000,Canada,Québec,CA-QC,6.43,35.98,98.26,95.69,hydroquebec.com,false,""
2025-09-18T02:00:00.000000,Canada,Québec,CA-QC,6.57,36.24,98.22,95.42,hydroquebec.com,false,""
2025-09-18T03:00:00.000000,Canada,Québec,CA-QC,8.5,38.81,97.73,94.33,hydroquebec.com,false,""
2025-09-18T04:00:00.000000,Canada,Québec,CA-QC,6.88,37.0,98.15,94.47,hydroquebec.com,false,""
2025-09-18T05:00:00.000000,Canada,Québec,CA-QC,6.14,36.25,98.35,94.28,hydroquebec.com,false,""
2025-09-18T06:00:00.000000,Canada,Québec,CA-QC,6.5,36.9,98.25,94.08,hydroquebec.com,false,""
2025-09-18T07:00:00.000000,Canada,Québec,CA-QC,6.55,37.0,98.24,94.03,hydroquebec.com,false,""
2025-09-18T08:00:00.000000,Canada,Québec,CA-QC,6.72,37.14,98.2,94.05,hydroquebec.com,false,""
2025-09-18T09:00:00.000000,Canada,Québec,CA-QC,6.92,37.27,98.14,94.22,hydroquebec.com,false,""
2025-09-18T10:00:00.000000,Canada,Québec,CA-QC,7.43,37.78,98.0,94.58,hydroquebec.com,false,""
2025-09-18T11:00:00.000000,Canada,Québec,CA-QC,7.83,38.18,97.89,94.91,hydroquebec.com,false,""
2025-09-18T12:00:00.000000,Canada,Québec,CA-QC,10.42,41.18,97.35,94.15,hydroquebec.com,false,""
2025-09-18T13:00:00.000000,Canada,Québec,CA-QC,10.31,41.1,97.39,94.21,hydroquebec.com,false,""
2025-09-18T14:00:00.000000,Canada,Québec,CA-QC,10.68,41.6,97.3,94.25,hydroquebec.com,false,""
2025-09-18T15:00:00.000000,Canada,Québec,CA-QC,8.87,39.48,97.66,94.78,hydroquebec.com,false,""
2025-09-18T16:00:00.000000,Canada,Québec,CA-QC,10.77,41.6,97.27,94.43,hydroquebec.com,false,""
2025-09-18T17:00:00.000000,Canada,Québec,CA-QC,11.1,41.79,97.2,94.52,hydroquebec.com,false,""
2025-09-18T18:00:00.000000,Canada,Québec,CA-QC,10.87,41.36,97.25,94.62,hydroquebec.com,false,""
2025-09-18T19:00:00.000000,Canada,Québec,CA-QC,10.56,40.88,97.37,94.89,hydroquebec.com,false,""
2025-09-18T20:00:00.000000,Canada,Québec,CA-QC,9.83,39.93,97.53,95.26,hydroquebec.com,false,""
2025-09-18T21:00:00.000000,Canada,Québec,CA-QC,5.31,34.39,98.73,97.93,hydroquebec.com,false,""
2025-09-18T22:00:00.000000,Canada,Québec,CA-QC,12.18,42.37,97.24,96.39,hydroquebec.com,false,""
2025-09-18T23:00:00.000000,Canada,Québec,CA-QC,12.14,42.28,97.21,96.07,hydroquebec.com,false,""
2025-09-19T00:00:00.000000,Canada,Québec,CA-QC,15.73,46.78,96.3,94.17,hydroquebec.com,false,""
2025-09-19T01:00:00.000000,Canada,Québec,CA-QC,17.43,49.09,95.86,93.17,hydroquebec.com,false,""
2025-09-19T02:00:00.000000,Canada,Québec,CA-QC,20.7,53.19,95.05,91.2,hydroquebec.com,false,""
2025-09-19T03:00:00.000000,Canada,Québec,CA-QC,22.35,55.49,94.69,90.18,hydroquebec.com,false,""
2025-09-19T04:00:00.000000,Canada,Québec,CA-QC,21.74,54.94,94.88,89.85,hydroquebec.com,false,""
2025-09-19T05:00:00.000000,Canada,Québec,CA-QC,22.52,56.0,94.68,88.75,hydroquebec.com,false,""
2025-09-19T06:00:00.000000,Canada,Québec,CA-QC,22.6,56.27,94.62,88.26,hydroquebec.com,false,""
2025-09-19T07:00:00.000000,Canada,Québec,CA-QC,22.81,56.64,94.57,87.97,hydroquebec.com,false,""
2025-09-19T08:00:00.000000,Canada,Québec,CA-QC,24.85,59.19,94.06,87.23,hydroquebec.com,false,""
2025-09-19T09:00:00.000000,Canada,Québec,CA-QC,24.19,58.27,94.22,87.86,hydroquebec.com,false,""
2025-09-19T10:00:00.000000,Canada,Québec,CA-QC,23.42,57.14,94.36,88.72,hydroquebec.com,false,""
2025-09-19T11:00:00.000000,Canada,Québec,CA-QC,22.17,55.36,94.66,89.73,hydroquebec.com,false,""
2025-09-19T12:00:00.000000,Canada,Québec,CA-QC,20.77,53.48,95.0,90.38,hydroquebec.com,false,""
2025-09-19T13:00:00.000000,Canada,Québec,CA-QC,22.21,55.1,94.65,89.92,hydroquebec.com,false,""
2025-09-19T14:00:00.000000,Canada,Québec,CA-QC,21.22,53.87,94.87,90.3,hydroquebec.com,false,""
2025-09-19T15:00:00.000000,Canada,Québec,CA-QC,21.44,54.12,94.8,90.21,hydroquebec.com,false,""
2025-09-19T16:00:00.000000,Canada,Québec,CA-QC,22.14,54.84,94.65,90.12,hydroquebec.com,false,""
2025-09-19T17:00:00.000000,Canada,Québec,CA-QC,22.14,54.62,94.66,90.18,hydroquebec.com,false,""
2025-09-19T18:00:00.000000,Canada,Québec,CA-QC,22.62,55.13,94.54,90.18,hydroquebec.com,false,""
2025-09-19T19:00:00.000000,Canada,Québec,CA-QC,22.64,55.11,94.5,90.19,hydroquebec.com,false,""
2025-09-19T20:00:00.000000,Canada,Québec,CA-QC,21.69,53.83,94.76,90.9,hydroquebec.com,false,""
2025-09-19T21:00:00.000000,Canada,Québec,CA-QC,19.73,51.44,95.27,92.23,hydroquebec.com,false,""
2025-09-19T22:00:00.000000,Canada,Québec,CA-QC,16.69,47.85,96.01,93.46,hydroquebec.com,false,""
2025-09-19T23:00:00.000000,Canada,Québec,CA-QC,18.09,49.58,95.65,92.64,hydroquebec.com,false,""
2025-09-20T00:00:00.000000,Canada,Québec,CA-QC,19.56,51.3,95.25,91.34,hydroquebec.com,false,""
2025-09-20T01:00:00.000000,Canada,Québec,CA-QC,21.2,53.39,94.9,90.79,hydroquebec.com,false,""
2025-09-20T02:00:00.000000,Canada,Québec,CA-QC,21.81,54.06,94.77,89.94,hydroquebec.com,false,""
2025-09-20T03:00:00.000000,Canada,Québec,CA-QC,20.97,52.9,95.09,89.66,hydroquebec.com,false,""
2025-09-20T04:00:00.000000,Canada,Québec,CA-QC,19.09,50.88,95.51,89.9,hydroquebec.com,false,""
2025-09-20T05:00:00.000000,Canada,Québec,CA-QC,18.47,50.29,95.64,89.82,hydroquebec.com,false,""
2025-09-20T06:00:00.000000,Canada,Québec,CA-QC,20.07,52.36,95.21,89.04,hydroquebec.com,false,""
2025-09-20T07:00:00.000000,Canada,Québec,CA-QC,17.79,49.35,95.79,89.77,hydroquebec.com,false,""
2025-09-20T08:00:00.000000,Canada,Québec,CA-QC,18.33,49.87,95.67,89.57,hydroquebec.com,false,""
2025-09-20T09:00:00.000000,Canada,Québec,CA-QC,18.41,49.87,95.65,89.6,hydroquebec.com,false,""
2025-09-20T10:00:00.000000,Canada,Québec,CA-QC,17.9,49.1,95.76,90.12,hydroquebec.com,false,""
2025-09-20T11:00:00.000000,Canada,Québec,CA-QC,17.73,48.82,95.76,90.48,hydroquebec.com,false,""
2025-09-20T12:00:00.000000,Canada,Québec,CA-QC,17.6,48.55,95.84,90.75,hydroquebec.com,false,""
2025-09-20T13:00:00.000000,Canada,Québec,CA-QC,16.52,47.28,96.09,91.22,hydroquebec.com,false,""
2025-09-20T14:00:00.000000,Canada,Québec,CA-QC,15.92,46.62,96.24,91.36,hydroquebec.com,false,""
2025-09-20T15:00:00.000000,Canada,Québec,CA-QC,17.26,48.34,95.91,90.99,hydroquebec.com,false,""
2025-09-20T16:00:00.000000,Canada,Québec,CA-QC,17.9,49.3,95.71,90.75,hydroquebec.com,false,""
2025-09-20T17:00:00.000000,Canada,Québec,CA-QC,18.27,49.85,95.62,90.61,hydroquebec.com,false,""
2025-09-20T18:00:00.000000,Canada,Québec,CA-QC,19.11,51.01,95.42,90.26,hydroquebec.com,false,""
2025-09-20T19:00:00.000000,Canada,Québec,CA-QC,19.86,52.06,95.21,90.09,hydroquebec.com,false,""
2025-09-20T20:00:00.000000,Canada,Québec,CA-QC,21.46,54.07,94.79,89.89,hydroquebec.com,false,""
2025-09-20T21:00:00.000000,Canada,Québec,CA-QC,20.76,53.3,94.92,90.39,hydroquebec.com,false,""
2025-09-20T22:00:00.000000,Canada,Québec,CA-QC,19.34,51.61,95.28,91.0,hydroquebec.com,false,""
2025-09-20T23:00:00.000000,Canada,Québec,CA-QC,18.95,51.07,95.41,91.19,hydroquebec.com,false,""
2025-09-21T00:00:00.000000,Canada,Québec,CA-QC,18.9,50.89,95.49,91.17,hydroquebec.com,false,""
2025-09-21T01:00:00.000000,Canada,Québec,CA-QC,18.81,50.86,95.55,90.92,hydroquebec.com,false,""
2025-09-21T02:00:00.000000,Canada,Québec,CA-QC,18.23,50.35,95.7,90.7,hydroquebec.com,false,""
2025-09-21T03:00:00.000000,Canada,Québec,CA-QC,18.13,50.45,95.77,90.32,hydroquebec.com,false,""
2025-09-21T04:00:00.000000,Canada,Québec,CA-QC,17.77,50.36,95.84,90.05,hydroquebec.com,false,""
2025-09-21T05:00:00.000000,Canada,Québec,CA-QC,16.07,48.52,96.23,90.21,hydroquebec.com,false,""
2025-09-21T06:00:00.000000,Canada,Québec,CA-QC,16.7,49.24,96.12,89.9,hydroquebec.com,false,""
2025-09-21T07:00:00.000000,Canada,Québec,CA-QC,16.4,48.81,96.2,89.86,hydroquebec.com,false,""
2025-09-21T08:00:00.000000,Canada,Québec,CA-QC,16.2,48.5,96.24,89.93,hydroquebec.com,false,""
2025-09-21T09:00:00.000000,Canada,Québec,CA-QC,15.51,47.36,96.4,90.24,hydroquebec.com,false,""
2025-09-21T10:00:00.000000,Canada,Québec,CA-QC,15.84,47.59,96.3,90.4,hydroquebec.com,false,""
2025-09-21T11:00:00.000000,Canada,Québec,CA-QC,15.84,47.45,96.3,90.68,hydroquebec.com,false,""
2025-09-21T12:00:00.000000,Canada,Québec,CA-QC,15.96,47.54,96.29,90.94,hydroquebec.com,false,""
2025-09-21T13:00:00.000000,Canada,Québec,CA-QC,16.77,48.77,96.05,90.92,hydroquebec.com,false,""
2025-09-21T14:00:00.000000,Canada,Québec,CA-QC,17.26,49.42,95.96,90.91,hydroquebec.com,false,""
2025-09-21T15:00:00.000000,Canada,Québec,CA-QC,17.78,50.09,95.81,90.81,hydroquebec.com,false,""
2025-09-21T16:00:00.000000,Canada,Québec,CA-QC,18.43,50.94,95.63,90.77,hydroquebec.com,false,""
2025-09-21T17:00:00.000000,Canada,Québec,CA-QC,19.65,52.48,95.33,90.54,hydroquebec.com,false,""
2025-09-21T18:00:00.000000,Canada,Québec,CA-QC,20.37,53.44,95.15,90.32,hydroquebec.com,false,""
2025-09-21T19:00:00.000000,Canada,Québec,CA-QC,20.35,53.53,95.15,90.62,hydroquebec.com,false,""
2025-09-21T20:00:00.000000,Canada,Québec,CA-QC,20.16,53.22,95.24,91.27,hydroquebec.com,false,""
2025-09-21T21:00:00.000000,Canada,Québec,CA-QC,20.83,53.92,95.05,91.11,hydroquebec.com,false,""
2025-09-21T22:00:00.000000,Canada,Québec,CA-QC,18.15,50.66,95.71,92.64,hydroquebec.com,false,""
2025-09-21T23:00:00.000000,Canada,Québec,CA-QC,16.86,48.71,96.05,93.34,hydroquebec.com,false,""
2025-09-22T00:00:00.000000,Canada,Québec,CA-QC,19.6,51.66,95.3,91.56,hydroquebec.com,false,""
2025-09-22T01:00:00.000000,Canada,Québec,CA-QC,20.68,52.97,95.03,90.92,hydroquebec.com,false,""
2025-09-22T02:00:00.000000,Canada,Québec,CA-QC,20.34,52.57,95.1,90.39,hydroquebec.com,false,""
2025-09-22T03:00:00.000000,Canada,Québec,CA-QC,20.97,53.48,94.95,89.62,hydroquebec.com,false,""
2025-09-22T04:00:00.000000,Canada,Québec,CA-QC,20.2,52.71,95.17,89.26,hydroquebec.com,false,""
2025-09-22T05:00:00.000000,Canada,Québec,CA-QC,20.61,53.28,95.08,88.19,hydroquebec.com,false,""
2025-09-22T06:00:00.000000,Canada,Québec,CA-QC,19.98,52.82,95.21,88.21,hydroquebec.com,false,""
2025-09-22T07:00:00.000000,Canada,Québec,CA-QC,20.38,53.38,95.14,87.94,hydroquebec.com,false,""
2025-09-22T08:00:00.000000,Canada,Québec,CA-QC,22.04,55.63,94.69,87.76,hydroquebec.com,false,""
2025-09-22T09:00:00.000000,Canada,Québec,CA-QC,20.46,53.81,95.09,89.32,hydroquebec.com,false,""
2025-09-22T10:00:00.000000,Canada,Québec,CA-QC,10.08,41.45,97.42,93.91,hydroquebec.com,false,""
2025-09-22T11:00:00.000000,Canada,Québec,CA-QC,6.69,37.11,98.2,95.6,hydroquebec.com,false,""
2025-09-22T12:00:00.000000,Canada,Québec,CA-QC,6.35,36.64,98.3,95.83,hydroquebec.com,false,""
2025-09-22T13:00:00.000000,Canada,Québec,CA-QC,6.57,37.01,98.25,95.8,hydroquebec.com,false,""
2025-09-22T14:00:00.000000,Canada,Québec,CA-QC,7.13,37.84,98.12,95.64,hydroquebec.com,false,""
2025-09-22T15:00:00.000000,Canada,Québec,CA-QC,7.34,38.14,98.08,95.63,hydroquebec.com,false,""
2025-09-22T16:00:00.000000,Canada,Québec,CA-QC,5.52,35.92,98.58,96.85,hydroquebec.com,false,""
2025-09-22T17:00:00.000000,Canada,Québec,CA-QC,6.24,36.55,98.46,96.91,hydroquebec.com,false,""
2025-09-22T18:00:00.000000,Canada,Québec,CA-QC,5.27,35.29,98.7,97.42,hydroquebec.com,false,""
2025-09-22T19:00:00.000000,Canada,Québec,CA-QC,4.33,34.19,98.97,98.15,hydroquebec.com,false,""
2025-09-22T20:00:00.000000,Canada,Québec,CA-QC,5.7,35.69,98.6,97.31,hydroquebec.com,false,""
2025-09-22T21:00:00.000000,Canada,Québec,CA-QC,1.58,30.64,99.64,99.43,hydroquebec.com,false,""
2025-09-22T22:00:00.000000,Canada,Québec,CA-QC,3.38,32.55,99.2,98.68,hydroquebec.com,false,""
2025-09-22T23:00:00.000000,Canada,Québec,CA-QC,2.75,31.7,99.32,98.69,hydroquebec.com,false,""
2025-09-23T00:00:00.000000,Canada,Québec,CA-QC,15.01,46.23,96.44,93.81,hydroquebec.com,false,""
2025-09-23T01:00:00.000000,Canada,Québec,CA-QC,17.41,49.4,95.86,92.7,hydroquebec.com,false,""
2025-09-23T02:00:00.000000,Canada,Québec,CA-QC,18.26,50.68,95.6,91.91,hydroquebec.com,false,""
2025-09-23T03:00:00.000000,Canada,Québec,CA-QC,20.66,53.87,95.03,90.77,hydroquebec.com,false,""
2025-09-23T04:00:00.000000,Canada,Québec,CA-QC,21.16,54.59,94.97,90.21,hydroquebec.com,false,""
2025-09-23T05:00:00.000000,Canada,Québec,CA-QC,20.42,53.9,95.14,90.1,hydroquebec.com,false,""
2025-09-23T06:00:00.000000,Canada,Québec,CA-QC,20.88,54.56,95.06,89.62,hydroquebec.com,false,""
2025-09-23T07:00:00.000000,Canada,Québec,CA-QC,19.83,53.42,95.3,89.77,hydroquebec.com,false,""
2025-09-23T08:00:00.000000,Canada,Québec,CA-QC,21.02,54.86,95.03,89.42,hydroquebec.com,false,""
2025-09-23T09:00:00.000000,Canada,Québec,CA-QC,21.07,55.08,94.94,89.88,hydroquebec.com,false,""
2025-09-23T10:00:00.000000,Canada,Québec,CA-QC,19.18,52.68,95.44,91.96,hydroquebec.com,false,""
2025-09-23T11:00:00.000000,Canada,Québec,CA-QC,16.8,49.46,96.03,93.49,hydroquebec.com,false,""
2025-09-23T12:00:00.000000,Canada,Québec,CA-QC,15.22,47.29,96.32,93.32,hydroquebec.com,false,""
2025-09-23T13:00:00.000000,Canada,Québec,CA-QC,4.77,34.76,98.73,97.0,hydroquebec.com,false,""
2025-09-23T14:00:00.000000,Canada,Québec,CA-QC,4.09,33.83,98.92,97.43,hydroquebec.com,false,""
2025-09-23T15:00:00.000000,Canada,Québec,CA-QC,3.58,33.27,99.06,97.79,hydroquebec.com,false,""
2025-09-23T16:00:00.000000,Canada,Québec,CA-QC,3.74,33.42,99.05,97.79,hydroquebec.com,false,""
2025-09-23T17:00:00.000000,Canada,Québec,CA-QC,4.37,34.14,98.9,97.51,hydroquebec.com,false,""
2025-09-23T18:00:00.000000,Canada,Québec,CA-QC,3.36,32.98,99.16,98.09,hydroquebec.com,false,""
2025-09-23T19:00:00.000000,Canada,Québec,CA-QC,2.0,31.38,99.5,98.86,hydroquebec.com,false,""
2025-09-23T20:00:00.000000,Canada,Québec,CA-QC,0.0,28.98,100.0,100.0,hydroquebec.com,false,""
2025-09-23T21:00:00.000000,Canada,Québec,CA-QC,0.0,28.74,100.0,100.0,hydroquebec.com,false,""
2025-09-23T22:00:00.000000,Canada,Québec,CA-QC,0.0,28.51,100.0,100.0,hydroquebec.com,false,""
2025-09-23T23:00:00.000000,Canada,Québec,CA-QC,0.0,28.42,100.0,100.0,hydroquebec.com,false,""
2025-09-24T00:00:00.000000,Canada,Québec,CA-QC,9.22,39.58,97.91,97.2,hydroquebec.com,false,""
2025-09-24T01:00:00.000000,Canada,Québec,CA-QC,15.16,46.95,96.54,95.06,hydroquebec.com,false,""
2025-09-24T02:00:00.000000,Canada,Québec,CA-QC,17.42,49.87,95.91,93.41,hydroquebec.com,false,""
2025-09-24T03:00:00.000000,Canada,Québec,CA-QC,20.64,53.96,95.14,91.45,hydroquebec.com,false,""
2025-09-24T04:00:00.000000,Canada,Québec,CA-QC,22.51,56.59,94.6,90.0,hydroquebec.com,false,""
2025-09-24T05:00:00.000000,Canada,Québec,CA-QC,21.32,55.43,94.86,90.0,hydroquebec.com,false,""
2025-09-24T06:00:00.000000,Canada,Québec,CA-QC,21.54,55.89,94.8,89.75,hydroquebec.com,false,""
2025-09-24T07:00:00.000000,Canada,Québec,CA-QC,21.38,55.7,94.86,89.64,hydroquebec.com,false,""
2025-09-24T08:00:00.000000,Canada,Québec,CA-QC,21.33,55.63,94.86,89.73,hydroquebec.com,false,""
2025-09-24T09:00:00.000000,Canada,Québec,CA-QC,23.66,58.18,94.38,89.23,hydroquebec.com,false,""
2025-09-24T10:00:00.000000,Canada,Québec,CA-QC,21.35,55.27,94.84,90.61,hydroquebec.com,false,""
2025-09-24T11:00:00.000000,Canada,Québec,CA-QC,21.13,54.72,94.87,91.13,hydroquebec.com,false,""
2025-09-24T12:00:00.000000,Canada,Québec,CA-QC,20.68,54.02,95.0,91.42,hydroquebec.com,false,""
2025-09-24T13:00:00.000000,Canada,Québec,CA-QC,20.28,53.53,95.12,91.51,hydroquebec.com,false,""
2025-09-24T14:00:00.000000,Canada,Québec,CA-QC,20.89,54.26,95.01,91.43,hydroquebec.com,false,""
2025-09-24T15:00:00.000000,Canada,Québec,CA-QC,20.87,54.22,95.02,91.49,hydroquebec.com,false,""
2025-09-24T16:00:00.000000,Canada,Québec,CA-QC,20.07,53.3,95.23,92.11,hydroquebec.com,false,""
2025-09-24T17:00:00.000000,Canada,Québec,CA-QC,20.1,53.33,95.23,92.17,hydroquebec.com,false,""
2025-09-24T18:00:00.000000,Canada,Québec,CA-QC,20.97,54.4,95.07,92.12,hydroquebec.com,false,""
2025-09-24T19:00:00.000000,Canada,Québec,CA-QC,20.0,53.26,95.27,92.29,hydroquebec.com,false,""
2025-09-24T20:00:00.000000,Canada,Québec,CA-QC,15.79,48.25,96.32,94.67,hydroquebec.com,false,""
2025-09-24T21:00:00.000000,Canada,Québec,CA-QC,7.49,38.07,98.28,97.8,hydroquebec.com,false,""
2025-09-24T22:00:00.000000,Canada,Québec,CA-QC,11.81,43.02,97.28,96.52,hydroquebec.com,false,""
2025-09-24T23:00:00.000000,Canada,Québec,CA-QC,14.68,46.42,96.58,95.21,hydroquebec.com,false,""
2025-09-25T00:00:00.000000,Canada,Québec,CA-QC,15.39,47.38,96.37,94.51,hydroquebec.com,false,""
2025-09-25T01:00:00.000000,Canada,Québec,CA-QC,17.61,50.17,95.74,92.63,hydroquebec.com,false,""
2025-09-25T02:00:00.000000,Canada,Québec,CA-QC,19.17,52.38,95.35,91.83,hydroquebec.com,false,""
2025-09-25T03:00:00.000000,Canada,Québec,CA-QC,20.68,54.57,94.99,91.02,hydroquebec.com,false,""
2025-09-25T04:00:00.000000,Canada,Québec,CA-QC,20.83,54.89,94.97,90.61,hydroquebec.com,false,""
2025-09-25T05:00:00.000000,Canada,Québec,CA-QC,20.79,54.84,95.0,90.31,hydroquebec.com,false,""
2025-09-25T06:00:00.000000,Canada,Québec,CA-QC,20.93,55.03,94.98,90.08,hydroquebec.com,false,""
2025-09-25T07:00:00.000000,Canada,Québec,CA-QC,21.18,55.34,94.92,89.92,hydroquebec.com,false,""
2025-09-25T08:00:00.000000,Canada,Québec,CA-QC,21.08,55.19,94.91,89.98,hydroquebec.com,false,""
2025-09-25T09:00:00.000000,Canada,Québec,CA-QC,21.05,55.02,94.9,90.22,hydroquebec.com,false,""
2025-09-25T10:00:00.000000,Canada,Québec,CA-QC,21.37,55.04,94.86,90.72,hydroquebec.com,false,""
2025-09-25T11:00:00.000000,Canada,Québec,CA-QC,20.65,53.88,95.01,91.41,hydroquebec.com,false,""
2025-09-25T12:00:00.000000,Canada,Québec,CA-QC,22.02,55.38,94.66,90.73,hydroquebec.com,false,""
2025-09-25T13:00:00.000000,Canada,Québec,CA-QC,20.64,53.81,95.03,91.6,hydroquebec.com,false,""
2025-09-25T14:00:00.000000,Canada,Québec,CA-QC,19.54,52.47,95.31,92.16,hydroquebec.com,false,""
2025-09-25T15:00:00.000000,Canada,Québec,CA-QC,19.09,51.85,95.45,92.6,hydroquebec.com,false,""
2025-09-25T16:00:00.000000,Canada,Québec,CA-QC,20.19,53.1,95.16,92.11,hydroquebec.com,false,""
2025-09-25T17:00:00.000000,Canada,Québec,CA-QC,20.12,53.05,95.19,92.18,hydroquebec.com,false,""
2025-09-25T18:00:00.000000,Canada,Québec,CA-QC,17.59,50.02,95.88,93.83,hydroquebec.com,false,""
2025-09-25T19:00:00.000000,Canada,Québec,CA-QC,16.7,48.72,96.07,93.59,hydroquebec.com,false,""
2025-09-25T20:00:00.000000,Canada,Québec,CA-QC,13.99,45.49,96.71,94.83,hydroquebec.com,false,""
2025-09-25T21:00:00.000000,Canada,Québec,CA-QC,16.01,47.68,96.12,93.43,hydroquebec.com,false,""
2025-09-25T22:00:00.000000,Canada,Québec,CA-QC,16.8,48.48,95.94,93.25,hydroquebec.com,false,""
2025-09-25T23:00:00.000000,Canada,Québec,CA-QC,15.43,46.85,96.35,94.52,hydroquebec.com,false,""
2025-09-26T00:00:00.000000,Canada,Québec,CA-QC,14.13,45.3,96.68,95.13,hydroquebec.com,false,""
2025-09-26T01:00:00.000000,Canada,Québec,CA-QC,15.42,46.88,96.37,94.43,hydroquebec.com,false,""
2025-09-26T02:00:00.000000,Canada,Québec,CA-QC,18.85,51.07,95.49,92.23,hydroquebec.com,false,""
2025-09-26T03:00:00.000000,Canada,Québec,CA-QC,19.75,52.52,95.22,91.28,hydroquebec.com,false,""
2025-09-26T04:00:00.000000,Canada,Québec,CA-QC,21.72,55.15,94.71,89.78,hydroquebec.com,false,""
2025-09-26T05:00:00.000000,Canada,Québec,CA-QC,21.76,55.35,94.7,89.38,hydroquebec.com,false,""
2025-09-26T06:00:00.000000,Canada,Québec,CA-QC,21.94,55.61,94.66,89.09,hydroquebec.com,false,""
2025-09-26T07:00:00.000000,Canada,Québec,CA-QC,22.26,56.04,94.58,88.85,hydroquebec.com,false,""
2025-09-26T08:00:00.000000,Canada,Québec,CA-QC,22.15,55.86,94.62,88.82,hydroquebec.com,false,""
2025-09-26T09:00:00.000000,Canada,Québec,CA-QC,21.66,55.21,94.74,89.15,hydroquebec.com,false,""
2025-09-26T10:00:00.000000,Canada,Québec,CA-QC,20.24,53.36,95.09,90.68,hydroquebec.com,false,""
2025-09-26T11:00:00.000000,Canada,Québec,CA-QC,19.95,52.57,95.15,91.33,hydroquebec.com,false,""
2025-09-26T12:00:00.000000,Canada,Québec,CA-QC,20.52,52.94,95.04,91.39,hydroquebec.com,false,""
2025-09-26T13:00:00.000000,Canada,Québec,CA-QC,20.57,52.85,95.04,91.19,hydroquebec.com,false,""
2025-09-26T14:00:00.000000,Canada,Québec,CA-QC,21.72,54.19,94.75,90.6,hydroquebec.com,false,""
2025-09-26T15:00:00.000000,Canada,Québec,CA-QC,22.09,54.58,94.66,90.58,hydroquebec.com,false,""
2025-09-26T16:00:00.000000,Canada,Québec,CA-QC,21.83,54.14,94.74,90.92,hydroquebec.com,false,""
2025-09-26T17:00:00.000000,Canada,Québec,CA-QC,22.0,54.27,94.69,90.93,hydroquebec.com,false,""
2025-09-26T18:00:00.000000,Canada,Québec,CA-QC,21.92,54.21,94.7,91.01,hydroquebec.com,false,""
2025-09-26T19:00:00.000000,Canada,Québec,CA-QC,23.7,56.33,94.34,90.56,hydroquebec.com,false,""
2025-09-26T20:00:00.000000,Canada,Québec,CA-QC,20.78,53.01,95.02,91.81,hydroquebec.com,false,""
2025-09-26T21:00:00.000000,Canada,Québec,CA-QC,16.74,48.27,96.06,94.31,hydroquebec.com,false,""
2025-09-26T22:00:00.000000,Canada,Québec,CA-QC,14.4,45.31,96.65,95.51,hydroquebec.com,false,""
2025-09-26T23:00:00.000000,Canada,Québec,CA-QC,13.32,43.86,96.94,96.07,hydroquebec.com,false,""
2025-09-27T00:00:00.000000,Canada,Québec,CA-QC,12.73,43.12,97.08,96.2,hydroquebec.com,false,""
2025-09-27T01:00:00.000000,Canada,Québec,CA-QC,17.49,48.84,95.91,93.66,hydroquebec.com,false,""
2025-09-27T02:00:00.000000,Canada,Québec,CA-QC,19.08,50.83,95.47,92.23,hydroquebec.com,false,""
2025-09-27T03:00:00.000000,Canada,Québec,CA-QC,22.44,54.86,94.61,90.01,hydroquebec.com,false,""
2025-09-27T04:00:00.000000,Canada,Québec,CA-QC,20.49,52.71,95.02,89.65,hydroquebec.com,false,""
2025-09-27T05:00:00.000000,Canada,Québec,CA-QC,13.78,44.58,96.57,91.36,hydroquebec.com,false,""
2025-09-27T06:00:00.000000,Canada,Québec,CA-QC,12.68,43.13,96.84,92.11,hydroquebec.com,false,""
2025-09-27T07:00:00.000000,Canada,Québec,CA-QC,11.58,41.73,97.15,92.58,hydroquebec.com,false,""
2025-09-27T08:00:00.000000,Canada,Québec,CA-QC,12.87,43.21,96.8,91.4,hydroquebec.com,false,""
2025-09-27T09:00:00.000000,Canada,Québec,CA-QC,14.46,45.41,96.38,91.06,hydroquebec.com,false,""
2025-09-27T10:00:00.000000,Canada,Québec,CA-QC,14.41,45.4,96.39,91.3,hydroquebec.com,false,""
2025-09-27T11:00:00.000000,Canada,Québec,CA-QC,20.98,53.1,94.95,89.39,hydroquebec.com,false,""
2025-09-27T12:00:00.000000,Canada,Québec,CA-QC,21.23,53.39,94.93,89.77,hydroquebec.com,false,""
2025-09-27T13:00:00.000000,Canada,Québec,CA-QC,20.4,52.35,95.18,90.4,hydroquebec.com,false,""
2025-09-27T14:00:00.000000,Canada,Québec,CA-QC,20.62,52.79,95.14,90.48,hydroquebec.com,false,""
2025-09-27T15:00:00.000000,Canada,Québec,CA-QC,20.31,52.52,95.22,90.74,hydroquebec.com,false,""
2025-09-27T16:00:00.000000,Canada,Québec,CA-QC,20.49,52.76,95.19,90.92,hydroquebec.com,false,""
2025-09-27T17:00:00.000000,Canada,Québec,CA-QC,20.81,53.09,95.12,90.76,hydroquebec.com,false,""
2025-09-27T18:00:00.000000,Canada,Québec,CA-QC,22.39,55.21,94.75,90.23,hydroquebec.com,false,""
2025-09-27T19:00:00.000000,Canada,Québec,CA-QC,21.71,54.78,94.87,90.66,hydroquebec.com,false,""
2025-09-27T20:00:00.000000,Canada,Québec,CA-QC,21.51,54.77,94.93,91.32,hydroquebec.com,false,""
2025-09-27T21:00:00.000000,Canada,Québec,CA-QC,19.86,53.01,95.32,92.5,hydroquebec.com,false,""
2025-09-27T22:00:00.000000,Canada,Québec,CA-QC,14.36,46.43,96.71,95.64,hydroquebec.com,false,""
2025-09-27T23:00:00.000000,Canada,Québec,CA-QC,13.78,45.41,96.86,95.84,hydroquebec.com,false,""
2025-09-28T00:00:00.000000,Canada,Québec,CA-QC,13.79,45.32,96.83,95.32,hydroquebec.com,false,""
2025-09-28T01:00:00.000000,Canada,Québec,CA-QC,18.8,51.31,95.53,91.93,hydroquebec.com,false,""
2025-09-28T02:00:00.000000,Canada,Québec,CA-QC,18.79,51.43,95.44,90.85,hydroquebec.com,false,""
2025-09-28T03:00:00.000000,Canada,Québec,CA-QC,21.52,54.78,94.83,89.63,hydroquebec.com,false,""
2025-09-28T04:00:00.000000,Canada,Québec,CA-QC,21.97,55.28,94.79,88.98,hydroquebec.com,false,""
2025-09-28T05:00:00.000000,Canada,Québec,CA-QC,21.61,54.98,94.88,88.67,hydroquebec.com,false,""
2025-09-28T06:00:00.000000,Canada,Québec,CA-QC,21.14,54.46,95.02,88.5,hydroquebec.com,false,""
2025-09-28T07:00:00.000000,Canada,Québec,CA-QC,21.26,54.62,94.96,88.27,hydroquebec.com,false,""
2025-09-28T08:00:00.000000,Canada,Québec,CA-QC,20.31,53.17,95.21,88.44,hydroquebec.com,false,""
2025-09-28T09:00:00.000000,Canada,Québec,CA-QC,16.58,48.74,96.17,91.79,hydroquebec.com,false,""
2025-09-28T10:00:00.000000,Canada,Québec,CA-QC,16.38,48.19,96.2,92.18,hydroquebec.com,false,""
2025-09-28T11:00:00.000000,Canada,Québec,CA-QC,20.44,52.63,95.32,91.05,hydroquebec.com,false,""
2025-09-28T12:00:00.000000,Canada,Québec,CA-QC,18.46,50.1,95.76,91.91,hydroquebec.com,false,""
2025-09-28T13:00:00.000000,Canada,Québec,CA-QC,18.49,50.17,95.73,92.19,hydroquebec.com,false,""
2025-09-28T14:00:00.000000,Canada,Québec,CA-QC,16.84,48.23,96.11,92.95,hydroquebec.com,false,""
2025-09-28T15:00:00.000000,Canada,Québec,CA-QC,16.43,47.65,96.21,93.29,hydroquebec.com,false,""
2025-09-28T16:00:00.000000,Canada,Québec,CA-QC,15.77,46.77,96.33,93.39,hydroquebec.com,false,""
2025-09-28T17:00:00.000000,Canada,Québec,CA-QC,17.57,48.91,95.95,93.15,hydroquebec.com,false,""
2025-09-28T18:00:00.000000,Canada,Québec,CA-QC,18.09,49.55,95.83,93.16,hydroquebec.com,false,""
2025-09-28T19:00:00.000000,Canada,Québec,CA-QC,16.9,48.04,96.12,93.89,hydroquebec.com,false,""
2025-09-28T20:00:00.000000,Canada,Québec,CA-QC,18.38,49.66,95.75,93.56,hydroquebec.com,false,""
2025-09-28T21:00:00.000000,Canada,Québec,CA-QC,16.37,47.19,96.24,94.56,hydroquebec.com,false,""
2025-09-28T22:00:00.000000,Canada,Québec,CA-QC,12.91,42.95,97.07,96.17,hydroquebec.com,false,""
2025-09-28T23:00:00.000000,Canada,Québec,CA-QC,12.69,42.54,97.12,96.23,hydroquebec.com,false,""
2025-09-29T00:00:00.000000,Canada,Québec,CA-QC,14.26,44.47,96.72,95.25,hydroquebec.com,false,""
2025-09-29T01:00:00.000000,Canada,Québec,CA-QC,17.07,47.85,96.03,93.4,hydroquebec.com,false,""
2025-09-29T02:00:00.000000,Canada,Québec,CA-QC,16.96,47.83,96.06,93.05,hydroquebec.com,false,""
2025-09-29T03:00:00.000000,Canada,Québec,CA-QC,17.08,48.27,95.97,92.57,hydroquebec.com,false,""
2025-09-29T04:00:00.000000,Canada,Québec,CA-QC,17.02,48.31,95.98,92.29,hydroquebec.com,false,""
2025-09-29T05:00:00.000000,Canada,Québec,CA-QC,14.77,45.48,96.58,92.95,hydroquebec.com,false,""
2025-09-29T06:00:00.000000,Canada,Québec,CA-QC,12.38,42.72,97.2,94.75,hydroquebec.com,false,""
2025-09-29T07:00:00.000000,Canada,Québec,CA-QC,12.1,42.31,97.24,94.24,hydroquebec.com,false,""
2025-09-29T08:00:00.000000,Canada,Québec,CA-QC,15.56,46.69,96.32,92.3,hydroquebec.com,false,""
2025-09-29T09:00:00.000000,Canada,Québec,CA-QC,15.97,47.23,96.2,92.47,hydroquebec.com,false,""
2025-09-29T10:00:00.000000,Canada,Québec,CA-QC,15.14,46.08,96.37,93.26,hydroquebec.com,false,""
2025-09-29T11:00:00.000000,Canada,Québec,CA-QC,5.6,34.37,98.57,96.66,hydroquebec.com,false,""
2025-09-29T12:00:00.000000,Canada,Québec,CA-QC,5.25,33.87,98.68,96.91,hydroquebec.com,false,""
2025-09-29T13:00:00.000000,Canada,Québec,CA-QC,7.4,36.66,98.16,96.12,hydroquebec.com,false,""
2025-09-29T14:00:00.000000,Canada,Québec,CA-QC,8.06,37.53,97.98,95.93,hydroquebec.com,false,""
2025-09-29T15:00:00.000000,Canada,Québec,CA-QC,8.13,37.53,97.97,95.96,hydroquebec.com,false,""
2025-09-29T16:00:00.000000,Canada,Québec,CA-QC,8.06,37.34,97.98,96.03,hydroquebec.com,false,""
2025-09-29T17:00:00.000000,Canada,Québec,CA-QC,8.37,37.67,97.9,95.89,hydroquebec.com,false,""
2025-09-29T18:00:00.000000,Canada,Québec,CA-QC,6.82,35.86,98.26,96.47,hydroquebec.com,false,""
2025-09-29T19:00:00.000000,Canada,Québec,CA-QC,5.45,34.2,98.63,97.08,hydroquebec.com,false,""
2025-09-29T20:00:00.000000,Canada,Québec,CA-QC,4.9,33.64,98.82,98.0,hydroquebec.com,false,""
2025-09-29T21:00:00.000000,Canada,Québec,CA-QC,2.84,31.09,99.35,99.16,hydroquebec.com,false,""
2025-09-29T22:00:00.000000,Canada,Québec,CA-QC,2.63,30.75,99.4,99.22,hydroquebec.com,false,""
2025-09-29T23:00:00.000000,Canada,Québec,CA-QC,6.47,35.31,98.54,98.09,hydroquebec.com,false,""
2025-09-30T00:00:00.000000,Canada,Québec,CA-QC,11.38,41.24,97.45,96.63,hydroquebec.com,false,""
2025-09-30T01:00:00.000000,Canada,Québec,CA-QC,13.35,43.87,96.97,95.62,hydroquebec.com,false,""
2025-09-30T02:00:00.000000,Canada,Québec,CA-QC,15.92,47.28,96.31,93.7,hydroquebec.com,false,""
2025-09-30T03:00:00.000000,Canada,Québec,CA-QC,19.21,51.55,95.55,92.27,hydroquebec.com,false,""
2025-09-30T04:00:00.000000,Canada,Québec,CA-QC,19.77,52.4,95.46,91.76,hydroquebec.com,false,""
2025-09-30T05:00:00.000000,Canada,Québec,CA-QC,19.84,52.69,95.44,91.44,hydroquebec.com,false,""
2025-09-30T06:00:00.000000,Canada,Québec,CA-QC,19.62,52.47,95.5,91.35,hydroquebec.com,false,""
2025-09-30T07:00:00.000000,Canada,Québec,CA-QC,19.29,52.07,95.57,91.35,hydroquebec.com,false,""
2025-09-30T08:00:00.000000,Canada,Québec,CA-QC,19.26,52.1,95.57,91.34,hydroquebec.com,false,""
2025-09-30T09:00:00.000000,Canada,Québec,CA-QC,21.6,54.68,95.08,90.83,hydroquebec.com,false,""
2025-09-30T10:00:00.000000,Canada,Québec,CA-QC,18.45,50.8,95.67,92.43,hydroquebec.com,false,""
2025-09-30T11:00:00.000000,Canada,Québec,CA-QC,16.9,48.48,96.03,93.2,hydroquebec.com,false,""
2025-09-30T12:00:00.000000,Canada,Québec,CA-QC,17.03,48.37,96.07,93.23,hydroquebec.com,false,""
2025-09-30T13:00:00.000000,Canada,Québec,CA-QC,17.72,49.22,95.93,92.87,hydroquebec.com,false,""
2025-09-30T14:00:00.000000,Canada,Québec,CA-QC,18.48,50.37,95.69,92.58,hydroquebec.com,false,""
2025-09-30T15:00:00.000000,Canada,Québec,CA-QC,17.41,49.03,95.97,93.0,hydroquebec.com,false,""
2025-09-30T16:00:00.000000,Canada,Québec,CA-QC,17.56,49.21,95.94,92.98,hydroquebec.com,false,""
2025-09-30T17:00:00.000000,Canada,Québec,CA-QC,18.21,50.03,95.81,93.0,hydroquebec.com,false,""
2025-09-30T18:00:00.000000,Canada,Québec,CA-QC,20.06,52.03,95.49,92.64,hydroquebec.com,false,""
2025-09-30T19:00:00.000000,Canada,Québec,CA-QC,17.68,49.31,95.98,93.5,hydroquebec.com,false,""
2025-09-30T20:00:00.000000,Canada,Québec,CA-QC,15.79,47.02,96.41,94.2,hydroquebec.com,false,""
2025-09-30T21:00:00.000000,Canada,Québec,CA-QC,15.22,46.41,96.51,94.73,hydroquebec.com,false,""
2025-09-30T22:00:00.000000,Canada,Québec,CA-QC,12.93,43.61,97.07,96.12,hydroquebec.com,false,""
2025-09-30T23:00:00.000000,Canada,Québec,CA-QC,12.65,43.05,97.13,96.2,hydroquebec.com,false,""
2025-10-01T00:00:00.000000,Canada,Québec,CA-QC,13.95,44.57,96.74,94.8,hydroquebec.com,false,""
2025-10-01T01:00:00.000000,Canada,Québec,CA-QC,15.58,46.76,96.41,94.1,hydroquebec.com,false,""
2025-10-01T02:00:00.000000,Canada,Québec,CA-QC,17.05,48.77,96.07,92.98,hydroquebec.com,false,""
2025-10-01T03:00:00.000000,Canada,Québec,CA-QC,17.15,49.12,96.08,92.54,hydroquebec.com,false,""
2025-10-01T04:00:00.000000,Canada,Québec,CA-QC,16.2,48.29,96.27,92.35,hydroquebec.com,false,""
2025-10-01T05:00:00.000000,Canada,Québec,CA-QC,15.81,48.09,96.35,92.13,hydroquebec.com,false,""
2025-10-01T06:00:00.000000,Canada,Québec,CA-QC,15.88,48.31,96.33,91.99,hydroquebec.com,false,""
2025-10-01T07:00:00.000000,Canada,Québec,CA-QC,15.64,47.99,96.38,91.99,hydroquebec.com,false,""
2025-10-01T08:00:00.000000,Canada,Québec,CA-QC,16.72,49.22,96.11,91.69,hydroquebec.com,false,""
2025-10-01T09:00:00.000000,Canada,Québec,CA-QC,16.9,49.28,96.04,91.81,hydroquebec.com,false,""
2025-10-01T10:00:00.000000,Canada,Québec,CA-QC,16.56,48.63,96.07,92.55,hydroquebec.com,false,""
2025-10-01T11:00:00.000000,Canada,Québec,CA-QC,15.09,46.45,96.45,93.49,hydroquebec.com,false,""
2025-10-01T12:00:00.000000,Canada,Québec,CA-QC,15.55,46.88,96.39,93.46,hydroquebec.com,false,""
2025-10-01T13:00:00.000000,Canada,Québec,CA-QC,17.87,49.81,95.88,92.43,hydroquebec.com,false,""
2025-10-01T14:00:00.000000,Canada,Québec,CA-QC,17.02,48.93,96.07,92.53,hydroquebec.com,false,""
2025-10-01T15:00:00.000000,Canada,Québec,CA-QC,16.86,48.73,96.1,92.53,hydroquebec.com,false,""
2025-10-01T16:00:00.000000,Canada,Québec,CA-QC,16.86,48.72,96.09,92.6,hydroquebec.com,false,""
2025-10-01T17:00:00.000000,Canada,Québec,CA-QC,17.4,49.37,95.97,92.39,hydroquebec.com,false,""
2025-10-01T18:00:00.000000,Canada,Québec,CA-QC,17.77,49.89,95.88,92.32,hydroquebec.com,false,""
2025-10-01T19:00:00.000000,Canada,Québec,CA-QC,18.08,50.23,95.8,92.32,hydroquebec.com,false,""
2025-10-01T20:00:00.000000,Canada,Québec,CA-QC,17.96,50.01,95.81,92.64,hydroquebec.com,false,""
2025-10-01T21:00:00.000000,Canada,Québec,CA-QC,17.66,49.65,95.85,93.02,hydroquebec.com,false,""
2025-10-01T22:00:00.000000,Canada,Québec,CA-QC,13.99,45.19,96.78,95.13,hydroquebec.com,false,""
2025-10-01T23:00:00.000000,Canada,Québec,CA-QC,14.14,45.16,96.74,94.91,hydroquebec.com,false,""
2025-10-02T00:00:00.000000,Canada,Québec,CA-QC,14.62,45.57,96.61,94.06,hydroquebec.com,false,""
2025-10-02T01:00:00.000000,Canada,Québec,CA-QC,15.29,46.48,96.46,93.65,hydroquebec.com,false,""
2025-10-02T02:00:00.000000,Canada,Québec,CA-QC,15.85,47.3,96.34,93.11,hydroquebec.com,false,""
2025-10-02T03:00:00.000000,Canada,Québec,CA-QC,16.69,48.6,96.15,92.44,hydroquebec.com,false,""
2025-10-02T04:00:00.000000,Canada,Québec,CA-QC,16.16,48.3,96.26,92.22,hydroquebec.com,false,""
2025-10-02T05:00:00.000000,Canada,Québec,CA-QC,15.83,48.01,96.31,92.08,hydroquebec.com,false,""
2025-10-02T06:00:00.000000,Canada,Québec,CA-QC,15.78,48.01,96.35,91.97,hydroquebec.com,false,""
2025-10-02T07:00:00.000000,Canada,Québec,CA-QC,16.14,48.62,96.25,91.85,hydroquebec.com,false,""
2025-10-02T08:00:00.000000,Canada,Québec,CA-QC,16.49,49.03,96.16,91.79,hydroquebec.com,false,""
2025-10-02T09:00:00.000000,Canada,Québec,CA-QC,15.94,48.17,96.28,92.24,hydroquebec.com,false,""
2025-10-02T10:00:00.000000,Canada,Québec,CA-QC,15.02,46.81,96.46,93.2,hydroquebec.com,false,""
2025-10-02T11:00:00.000000,Canada,Québec,CA-QC,14.69,46.12,96.56,93.66,hydroquebec.com,false,""
2025-10-02T12:00:00.000000,Canada,Québec,CA-QC,14.57,45.8,96.65,93.78,hydroquebec.com,false,""
2025-10-02T13:00:00.000000,Canada,Québec,CA-QC,16.28,48.0,96.25,93.05,hydroquebec.com,false,""
2025-10-02T14:00:00.000000,Canada,Québec,CA-QC,17.2,49.22,96.01,92.57,hydroquebec.com,false,""
2025-10-02T15:00:00.000000,Canada,Québec,CA-QC,17.22,49.21,96.0,92.45,hydroquebec.com,false,""
2025-10-02T16:00:00.000000,Canada,Québec,CA-QC,17.67,49.78,95.92,92.28,hydroquebec.com,false,""
2025-10-02T17:00:00.000000,Canada,Québec,CA-QC,18.27,50.55,95.73,92.14,hydroquebec.com,false,""
2025-10-02T18:00:00.000000,Canada,Québec,CA-QC,18.58,50.89,95.65,92.07,hydroquebec.com,false,""
2025-10-02T19:00:00.000000,Canada,Québec,CA-QC,18.77,51.14,95.63,92.14,hydroquebec.com,false,""
2025-10-02T20:00:00.000000,Canada,Québec,CA-QC,18.54,50.79,95.7,92.56,hydroquebec.com,false,""
2025-10-02T21:00:00.000000,Canada,Québec,CA-QC,17.94,49.85,95.81,92.85,hydroquebec.com,false,""
2025-10-02T22:00:00.000000,Canada,Québec,CA-QC,15.5,46.6,96.41,94.12,hydroquebec.com,false,""
2025-10-02T23:00:00.000000,Canada,Québec,CA-QC,15.29,45.88,96.48,94.24,hydroquebec.com,false,""
2025-10-03T00:00:00.000000,Canada,Québec,CA-QC,13.33,43.2,96.88,94.5,hydroquebec.com,false,""
2025-10-03T01:00:00.000000,Canada,Québec,CA-QC,15.75,45.92,96.34,93.51,hydroquebec.com,false,""
2025-10-03T02:00:00.000000,Canada,Québec,CA-QC,16.01,46.19,96.29,93.14,hydroquebec.com,false,""
2025-10-03T03:00:00.000000,Canada,Québec,CA-QC,16.31,46.58,96.23,92.68,hydroquebec.com,false,""
2025-10-03T04:00:00.000000,Canada,Québec,CA-QC,16.06,46.26,96.33,92.36,hydroquebec.com,false,""
2025-10-03T05:00:00.000000,Canada,Québec,CA-QC,15.85,46.01,96.38,92.14,hydroquebec.com,false,""
2025-10-03T06:00:00.000000,Canada,Québec,CA-QC,16.27,46.55,96.25,91.83,hydroquebec.com,false,""
2025-10-03T07:00:00.000000,Canada,Québec,CA-QC,16.2,46.44,96.27,91.76,hydroquebec.com,false,""
2025-10-03T08:00:00.000000,Canada,Québec,CA-QC,16.91,47.19,96.12,91.58,hydroquebec.com,false,""
2025-10-03T09:00:00.000000,Canada,Québec,CA-QC,16.65,46.88,96.14,91.91,hydroquebec.com,false,""
2025-10-03T10:00:00.000000,Canada,Québec,CA-QC,16.18,46.3,96.19,92.74,hydroquebec.com,false,""
2025-10-03T11:00:00.000000,Canada,Québec,CA-QC,15.02,44.76,96.48,93.59,hydroquebec.com,false,""
2025-10-03T12:00:00.000000,Canada,Québec,CA-QC,15.82,45.78,96.35,93.41,hydroquebec.com,false,""
2025-10-03T13:00:00.000000,Canada,Québec,CA-QC,16.21,46.55,96.3,93.06,hydroquebec.com,false,""
2025-10-03T14:00:00.000000,Canada,Québec,CA-QC,16.27,46.98,96.25,92.96,hydroquebec.com,false,""
2025-10-03T15:00:00.000000,Canada,Québec,CA-QC,18.8,50.23,95.62,92.01,hydroquebec.com,false,""
2025-10-03T16:00:00.000000,Canada,Québec,CA-QC,17.9,49.2,95.83,92.32,hydroquebec.com,false,""
2025-10-03T17:00:00.000000,Canada,Québec,CA-QC,17.84,49.14,95.88,92.58,hydroquebec.com,false,""
2025-10-03T18:00:00.000000,Canada,Québec,CA-QC,17.48,48.72,96.02,93.1,hydroquebec.com,false,""
2025-10-03T19:00:00.000000,Canada,Québec,CA-QC,17.15,48.37,96.07,93.21,hydroquebec.com,false,""
2025-10-03T20:00:00.000000,Canada,Québec,CA-QC,17.11,48.29,96.06,93.37,hydroquebec.com,false,""
2025-10-03T21:00:00.000000,Canada,Québec,CA-QC,15.49,46.13,96.45,94.38,hydroquebec.com,false,""
2025-10-03T22:00:00.000000,Canada,Québec,CA-QC,14.45,44.67,96.71,94.9,hydroquebec.com,false,""
2025-10-03T23:00:00.000000,Canada,Québec,CA-QC,13.19,43.12,97.01,95.61,hydroquebec.com,false,""
2025-10-04T00:00:00.000000,Canada,Québec,CA-QC,12.6,42.45,97.07,95.03,hydroquebec.com,false,""
2025-10-04T01:00:00.000000,Canada,Québec,CA-QC,15.0,45.54,96.51,93.86,hydroquebec.com,false,""
2025-10-04T02:00:00.000000,Canada,Québec,CA-QC,18.52,49.96,95.7,92.28,hydroquebec.com,false,""
2025-10-04T03:00:00.000000,Canada,Québec,CA-QC,19.57,51.46,95.46,91.69,hydroquebec.com,false,""
2025-10-04T04:00:00.000000,Canada,Québec,CA-QC,19.72,51.82,95.46,91.24,hydroquebec.com,false,""
2025-10-04T05:00:00.000000,Canada,Québec,CA-QC,18.64,50.74,95.72,91.21,hydroquebec.com,false,""
2025-10-04T06:00:00.000000,Canada,Québec,CA-QC,18.77,51.14,95.69,90.85,hydroquebec.com,false,""
2025-10-04T07:00:00.000000,Canada,Québec,CA-QC,18.98,51.54,95.63,90.66,hydroquebec.com,false,""
2025-10-04T08:00:00.000000,Canada,Québec,CA-QC,19.37,52.1,95.53,90.51,hydroquebec.com,false,""
2025-10-04T09:00:00.000000,Canada,Québec,CA-QC,19.61,52.62,95.43,90.62,hydroquebec.com,false,""
2025-10-04T10:00:00.000000,Canada,Québec,CA-QC,19.14,52.07,95.55,91.08,hydroquebec.com,false,""
2025-10-04T11:00:00.000000,Canada,Québec,CA-QC,17.04,49.33,96.06,92.25,hydroquebec.com,false,""
2025-10-04T12:00:00.000000,Canada,Québec,CA-QC,17.53,49.65,95.98,92.32,hydroquebec.com,false,""
2025-10-04T13:00:00.000000,Canada,Québec,CA-QC,16.93,48.79,96.14,92.59,hydroquebec.com,false,""
2025-10-04T14:00:00.000000,Canada,Québec,CA-QC,16.83,48.69,96.18,92.69,hydroquebec.com,false,""
2025-10-04T15:00:00.000000,Canada,Québec,CA-QC,16.59,48.4,96.22,92.78,hydroquebec.com,false,""
2025-10-04T16:00:00.000000,Canada,Québec,CA-QC,16.57,48.34,96.22,92.9,hydroquebec.com,false,""
2025-10-04T17:00:00.000000,Canada,Québec,CA-QC,16.06,47.74,96.39,93.5,hydroquebec.com,false,""
2025-10-04T18:00:00.000000,Canada,Québec,CA-QC,16.28,47.96,96.34,93.56,hydroquebec.com,false,""
2025-10-04T19:00:00.000000,Canada,Québec,CA-QC,16.87,48.78,96.17,93.52,hydroquebec.com,false,""
2025-10-04T20:00:00.000000,Canada,Québec,CA-QC,16.32,48.28,96.26,94.07,hydroquebec.com,false,""
2025-10-04T21:00:00.000000,Canada,Québec,CA-QC,15.43,47.19,96.45,94.34,hydroquebec.com,false,""
2025-10-04T22:00:00.000000,Canada,Québec,CA-QC,15.78,47.6,96.38,94.44,hydroquebec.com,false,""
2025-10-04T23:00:00.000000,Canada,Québec,CA-QC,15.47,47.24,96.49,94.65,hydroquebec.com,false,""
2025-10-05T00:00:00.000000,Canada,Québec,CA-QC,16.1,48.0,96.3,93.68,hydroquebec.com,false,""
2025-10-05T01:00:00.000000,Canada,Québec,CA-QC,16.88,49.09,96.13,93.15,hydroquebec.com,false,""
2025-10-05T02:00:00.000000,Canada,Québec,CA-QC,18.89,51.72,95.62,92.21,hydroquebec.com,false,""
2025-10-05T03:00:00.000000,Canada,Québec,CA-QC,19.71,52.87,95.43,91.52,hydroquebec.com,false,""
2025-10-05T04:00:00.000000,Canada,Québec,CA-QC,19.4,52.44,95.56,91.29,hydroquebec.com,false,""
2025-10-05T05:00:00.000000,Canada,Québec,CA-QC,18.99,51.82,95.68,91.21,hydroquebec.com,false,""
2025-10-05T06:00:00.000000,Canada,Québec,CA-QC,19.39,52.18,95.57,90.93,hydroquebec.com,false,""
2025-10-05T07:00:00.000000,Canada,Québec,CA-QC,19.26,51.89,95.59,90.9,hydroquebec.com,false,""
2025-10-05T08:00:00.000000,Canada,Québec,CA-QC,19.3,51.61,95.58,90.85,hydroquebec.com,false,""
2025-10-05T09:00:00.000000,Canada,Québec,CA-QC,19.17,51.04,95.62,90.89,hydroquebec.com,false,""
2025-10-05T10:00:00.000000,Canada,Québec,CA-QC,16.91,47.87,96.2,92.07,hydroquebec.com,false,""
2025-10-05T11:00:00.000000,Canada,Québec,CA-QC,16.87,47.64,96.19,92.2,hydroquebec.com,false,""
2025-10-05T12:00:00.000000,Canada,Québec,CA-QC,17.27,48.02,96.14,92.22,hydroquebec.com,false,""
2025-10-05T13:00:00.000000,Canada,Québec,CA-QC,16.53,47.15,96.31,92.59,hydroquebec.com,false,""
2025-10-05T14:00:00.000000,Canada,Québec,CA-QC,16.52,47.21,96.27,92.69,hydroquebec.com,false,""
2025-10-05T15:00:00.000000,Canada,Québec,CA-QC,16.34,47.04,96.3,92.87,hydroquebec.com,false,""
2025-10-05T16:00:00.000000,Canada,Québec,CA-QC,16.3,47.13,96.3,93.12,hydroquebec.com,false,""
2025-10-05T17:00:00.000000,Canada,Québec,CA-QC,17.09,48.26,96.1,92.94,hydroquebec.com,false,""
2025-10-05T18:00:00.000000,Canada,Québec,CA-QC,16.76,48.04,96.17,93.4,hydroquebec.com,false,""
2025-10-05T19:00:00.000000,Canada,Québec,CA-QC,16.67,47.93,96.19,93.72,hydroquebec.com,false,""
2025-10-05T20:00:00.000000,Canada,Québec,CA-QC,14.25,44.96,96.77,94.89,hydroquebec.com,false,""
2025-10-05T21:00:00.000000,Canada,Québec,CA-QC,2.83,31.29,99.37,99.13,hydroquebec.com,false,""
2025-10-05T22:00:00.000000,Canada,Québec,CA-QC,0.03,27.66,99.99,99.99,hydroquebec.com,false,""
2025-10-05T23:00:00.000000,Canada,Québec,CA-QC,5.19,33.63,98.81,98.17,hydroquebec.com,false,""
2025-10-06T00:00:00.000000,Canada,Québec,CA-QC,11.39,40.93,97.23,94.59,hydroquebec.com,false,""
2025-10-06T01:00:00.000000,Canada,Québec,CA-QC,13.07,43.06,96.88,93.95,hydroquebec.com,false,""
2025-10-06T02:00:00.000000,Canada,Québec,CA-QC,13.45,43.47,96.84,93.51,hydroquebec.com,false,""
2025-10-06T03:00:00.000000,Canada,Québec,CA-QC,18.56,49.72,95.66,91.44,hydroquebec.com,false,""
2025-10-06T04:00:00.000000,Canada,Québec,CA-QC,16.9,47.86,96.02,91.53,hydroquebec.com,false,""
2025-10-06T05:00:00.000000,Canada,Québec,CA-QC,16.67,47.61,96.12,91.49,hydroquebec.com,false,""
2025-10-06T06:00:00.000000,Canada,Québec,CA-QC,16.74,47.76,96.13,91.25,hydroquebec.com,false,""
2025-10-06T07:00:00.000000,Canada,Québec,CA-QC,17.0,48.17,96.06,91.03,hydroquebec.com,false,""
2025-10-06T08:00:00.000000,Canada,Québec,CA-QC,17.75,49.25,95.85,90.85,hydroquebec.com,false,""
2025-10-06T09:00:00.000000,Canada,Québec,CA-QC,15.44,46.62,96.32,91.76,hydroquebec.com,false,""
2025-10-06T10:00:00.000000,Canada,Québec,CA-QC,5.96,35.17,98.41,95.29,hydroquebec.com,false,""
2025-10-06T11:00:00.000000,Canada,Québec,CA-QC,7.81,37.15,97.89,94.66,hydroquebec.com,false,""
2025-10-06T12:00:00.000000,Canada,Québec,CA-QC,7.68,37.01,97.93,94.77,hydroquebec.com,false,""
2025-10-06T13:00:00.000000,Canada,Québec,CA-QC,9.69,39.55,97.52,94.24,hydroquebec.com,false,""
2025-10-06T14:00:00.000000,Canada,Québec,CA-QC,10.06,40.22,97.42,94.28,hydroquebec.com,false,""
2025-10-06T15:00:00.000000,Canada,Québec,CA-QC,8.88,38.83,97.69,94.64,hydroquebec.com,false,""
2025-10-06T16:00:00.000000,Canada,Québec,CA-QC,9.1,38.86,97.69,94.83,hydroquebec.com,false,""
2025-10-06T17:00:00.000000,Canada,Québec,CA-QC,8.04,37.34,97.91,95.3,hydroquebec.com,false,""
2025-10-06T18:00:00.000000,Canada,Québec,CA-QC,6.51,35.33,98.35,96.51,hydroquebec.com,false,""
2025-10-06T19:00:00.000000,Canada,Québec,CA-QC,4.19,32.38,99.01,98.25,hydroquebec.com,false,""
2025-10-06T20:00:00.000000,Canada,Québec,CA-QC,2.95,30.73,99.33,99.04,hydroquebec.com,false,""
2025-10-06T21:00:00.000000,Canada,Québec,CA-QC,0.0,27.1,100.0,100.0,hydroquebec.com,false,""
2025-10-06T22:00:00.000000,Canada,Québec,CA-QC,0.0,26.98,100.0,100.0,hydroquebec.com,false,""
2025-10-06T23:00:00.000000,Canada,Québec,CA-QC,0.08,26.88,99.98,99.95,hydroquebec.com,false,""
2025-10-07T00:00:00.000000,Canada,Québec,CA-QC,7.49,35.67,98.17,96.68,hydroquebec.com,false,""
2025-10-07T01:00:00.000000,Canada,Québec,CA-QC,16.2,46.1,96.15,92.97,hydroquebec.com,false,""
2025-10-07T02:00:00.000000,Canada,Québec,CA-QC,19.89,50.68,95.27,91.29,hydroquebec.com,false,""
2025-10-07T03:00:00.000000,Canada,Québec,CA-QC,22.38,53.86,94.69,89.98,hydroquebec.com,false,""
2025-10-07T04:00:00.000000,Canada,Québec,CA-QC,22.06,53.7,94.72,89.38,hydroquebec.com,false,""
2025-10-07T05:00:00.000000,Canada,Québec,CA-QC,22.38,54.13,94.71,88.89,hydroquebec.com,false,""
2025-10-07T06:00:00.000000,Canada,Québec,CA-QC,21.95,53.68,94.81,88.62,hydroquebec.com,false,""
2025-10-07T07:00:00.000000,Canada,Québec,CA-QC,20.56,52.06,95.17,88.84,hydroquebec.com,false,""
2025-10-07T08:00:00.000000,Canada,Québec,CA-QC,21.27,53.23,94.95,88.78,hydroquebec.com,false,""
2025-10-07T09:00:00.000000,Canada,Québec,CA-QC,21.83,53.99,94.83,89.08,hydroquebec.com,false,""
2025-10-07T10:00:00.000000,Canada,Québec,CA-QC,16.65,47.85,95.93,91.48,hydroquebec.com,false,""
2025-10-07T11:00:00.000000,Canada,Québec,CA-QC,15.83,46.67,96.12,92.31,hydroquebec.com,false,""
2025-10-07T12:00:00.000000,Canada,Québec,CA-QC,18.26,49.57,95.59,91.63,hydroquebec.com,false,""
2025-10-07T13:00:00.000000,Canada,Québec,CA-QC,17.12,48.46,95.9,92.22,hydroquebec.com,false,""
2025-10-07T14:00:00.000000,Canada,Québec,CA-QC,18.32,50.03,95.66,91.91,hydroquebec.com,false,""
2025-10-07T15:00:00.000000,Canada,Québec,CA-QC,8.06,37.9,97.93,95.43,hydroquebec.com,false,""
2025-10-07T16:00:00.000000,Canada,Québec,CA-QC,7.2,36.5,98.19,96.1,hydroquebec.com,false,""
2025-10-07T17:00:00.000000,Canada,Québec,CA-QC,8.72,38.03,97.81,95.44,hydroquebec.com,false,""
2025-10-07T18:00:00.000000,Canada,Québec,CA-QC,17.79,48.67,95.79,92.53,hydroquebec.com,false,""
2025-10-07T19:00:00.000000,Canada,Québec,CA-QC,17.18,47.8,95.9,92.3,hydroquebec.com,false,""
2025-10-07T20:00:00.000000,Canada,Québec,CA-QC,12.92,42.59,96.86,93.75,hydroquebec.com,false,""
2025-10-07T21:00:00.000000,Canada,Québec,CA-QC,6.12,34.37,98.35,95.88,hydroquebec.com,false,""
2025-10-07T22:00:00.000000,Canada,Québec,CA-QC,4.17,31.97,98.87,97.19,hydroquebec.com,false,""
2025-10-07T23:00:00.000000,Canada,Québec,CA-QC,5.8,33.78,98.48,96.59,hydroquebec.com,false,""
2025-10-08T00:00:00.000000,Canada,Québec,CA-QC,14.52,44.19,96.47,93.4,hydroquebec.com,false,""
2025-10-08T01:00:00.000000,Canada,Québec,CA-QC,17.3,47.68,95.85,91.95,hydroquebec.com,false,""
2025-10-08T02:00:00.000000,Canada,Québec,CA-QC,18.49,49.36,95.61,91.21,hydroquebec.com,false,""
2025-10-08T03:00:00.000000,Canada,Québec,CA-QC,21.24,52.88,95.02,89.81,hydroquebec.com,false,""
2025-10-08T04:00:00.000000,Canada,Québec,CA-QC,23.16,55.5,94.56,88.75,hydroquebec.com,false,""
2025-10-08T05:00:00.000000,Canada,Québec,CA-QC,22.68,55.18,94.7,88.48,hydroquebec.com,false,""
2025-10-08T06:00:00.000000,Canada,Québec,CA-QC,23.11,55.85,94.57,88.15,hydroquebec.com,false,""
2025-10-08T07:00:00.000000,Canada,Québec,CA-QC,22.33,54.93,94.78,88.09,hydroquebec.com,false,""
2025-10-08T08:00:00.000000,Canada,Québec,CA-QC,22.51,55.46,94.7,88.11,hydroquebec.com,false,""
2025-10-08T09:00:00.000000,Canada,Québec,CA-QC,21.05,53.76,95.04,88.84,hydroquebec.com,false,""
2025-10-08T10:00:00.000000,Canada,Québec,CA-QC,21.49,54.1,94.93,89.76,hydroquebec.com,false,""
2025-10-08T11:00:00.000000,Canada,Québec,CA-QC,20.78,52.94,95.05,90.72,hydroquebec.com,false,""
2025-10-08T12:00:00.000000,Canada,Québec,CA-QC,19.61,51.17,95.41,91.51,hydroquebec.com,false,""
2025-10-08T13:00:00.000000,Canada,Québec,CA-QC,22.09,53.92,94.82,90.23,hydroquebec.com,false,""
2025-10-08T14:00:00.000000,Canada,Québec,CA-QC,19.92,51.2,95.33,90.73,hydroquebec.com,false,""
2025-10-08T15:00:00.000000,Canada,Québec,CA-QC,19.37,50.47,95.42,90.86,hydroquebec.com,false,""
2025-10-08T16:00:00.000000,Canada,Québec,CA-QC,18.85,49.88,95.54,91.23,hydroquebec.com,false,""
2025-10-08T17:00:00.000000,Canada,Québec,CA-QC,17.81,48.63,95.77,91.49,hydroquebec.com,false,""
2025-10-08T18:00:00.000000,Canada,Québec,CA-QC,16.4,46.85,96.08,91.59,hydroquebec.com,false,""
2025-10-08T19:00:00.000000,Canada,Québec,CA-QC,15.75,46.05,96.25,91.72,hydroquebec.com,false,""
2025-10-08T20:00:00.000000,Canada,Québec,CA-QC,15.45,45.63,96.33,91.93,hydroquebec.com,false,""
2025-10-08T21:00:00.000000,Canada,Québec,CA-QC,15.31,45.46,96.43,93.28,hydroquebec.com,false,""
2025-10-08T22:00:00.000000,Canada,Québec,CA-QC,14.61,44.5,96.59,93.94,hydroquebec.com,false,""
2025-10-08T23:00:00.000000,Canada,Québec,CA-QC,16.65,46.85,96.02,92.55,hydroquebec.com,false,""
2025-10-09T00:00:00.000000,Canada,Québec,CA-QC,16.59,46.88,95.98,92.31,hydroquebec.com,false,""
2025-10-09T01:00:00.000000,Canada,Québec,CA-QC,19.18,49.94,95.39,91.06,hydroquebec.com,false,""
2025-10-09T02:00:00.000000,Canada,Québec,CA-QC,19.61,50.45,95.31,90.4,hydroquebec.com,false,""
2025-10-09T03:00:00.000000,Canada,Québec,CA-QC,19.65,50.6,95.34,89.9,hydroquebec.com,false,""
2025-10-09T04:00:00.000000,Canada,Québec,CA-QC,18.44,49.29,95.6,89.83,hydroquebec.com,false,""
2025-10-09T05:00:00.000000,Canada,Québec,CA-QC,17.38,48.07,95.89,89.82,hydroquebec.com,false,""
2025-10-09T06:00:00.000000,Canada,Québec,CA-QC,16.82,47.53,96.02,89.87,hydroquebec.com,false,""
2025-10-09T07:00:00.000000,Canada,Québec,CA-QC,18.16,49.2,95.68,89.51,hydroquebec.com,false,""
2025-10-09T08:00:00.000000,Canada,Québec,CA-QC,18.99,50.19,95.47,89.45,hydroquebec.com,false,""
2025-10-09T09:00:00.000000,Canada,Québec,CA-QC,18.94,49.99,95.49,89.68,hydroquebec.com,false,""
2025-10-09T10:00:00.000000,Canada,Québec,CA-QC,18.32,49.07,95.65,90.9,hydroquebec.com,false,""
2025-10-09T11:00:00.000000,Canada,Québec,CA-QC,17.99,48.55,95.67,91.56,hydroquebec.com,false,""
2025-10-09T12:00:00.000000,Canada,Québec,CA-QC,17.8,48.24,95.76,91.65,hydroquebec.com,false,""
2025-10-09T13:00:00.000000,Canada,Québec,CA-QC,17.4,47.81,95.88,91.47,hydroquebec.com,false,""
2025-10-09T14:00:00.000000,Canada,Québec,CA-QC,17.26,47.71,95.9,91.23,hydroquebec.com,false,""
2025-10-09T15:00:00.000000,Canada,Québec,CA-QC,17.24,47.81,95.89,91.01,hydroquebec.com,false,""
2025-10-09T16:00:00.000000,Canada,Québec,CA-QC,17.55,48.3,95.8,90.78,hydroquebec.com,false,""
2025-10-09T17:00:00.000000,Canada,Québec,CA-QC,17.66,48.35,95.81,90.65,hydroquebec.com,false,""
2025-10-09T18:00:00.000000,Canada,Québec,CA-QC,18.33,49.13,95.65,90.45,hydroquebec.com,false,""
2025-10-09T19:00:00.000000,Canada,Québec,CA-QC,18.29,48.97,95.68,90.53,hydroquebec.com,false,""
2025-10-09T20:00:00.000000,Canada,Québec,CA-QC,18.02,48.74,95.71,90.93,hydroquebec.com,false,""
2025-10-09T21:00:00.000000,Canada,Québec,CA-QC,18.69,49.68,95.52,91.09,hydroquebec.com,false,""
2025-10-09T22:00:00.000000,Canada,Québec,CA-QC,18.12,49.04,95.62,91.53,hydroquebec.com,false,""
2025-10-09T23:00:00.000000,Canada,Québec,CA-QC,17.69,48.4,95.76,91.96,hydroquebec.com,false,""
2025-10-10T00:00:00.000000,Canada,Québec,CA-QC,17.53,48.2,95.8,92.0,hydroquebec.com,false,""
2025-10-10T01:00:00.000000,Canada,Québec,CA-QC,18.52,49.42,95.59,91.36,hydroquebec.com,false,""
2025-10-10T02:00:00.000000,Canada,Québec,CA-QC,18.96,50.03,95.53,90.82,hydroquebec.com,false,""
2025-10-10T03:00:00.000000,Canada,Québec,CA-QC,19.33,50.63,95.47,90.28,hydroquebec.com,false,""
2025-10-10T04:00:00.000000,Canada,Québec,CA-QC,18.78,50.15,95.59,90.0,hydroquebec.com,false,""
2025-10-10T05:00:00.000000,Canada,Québec,CA-QC,18.21,49.46,95.76,89.94,hydroquebec.com,false,""
2025-10-10T06:00:00.000000,Canada,Québec,CA-QC,17.53,48.6,95.91,90.0,hydroquebec.com,false,""
2025-10-10T07:00:00.000000,Canada,Québec,CA-QC,17.29,48.21,95.94,90.05,hydroquebec.com,false,""
2025-10-10T08:00:00.000000,Canada,Québec,CA-QC,17.17,47.86,95.96,90.25,hydroquebec.com,false,""
2025-10-10T09:00:00.000000,Canada,Québec,CA-QC,16.87,47.41,96.01,90.93,hydroquebec.com,false,""
2025-10-10T10:00:00.000000,Canada,Québec,CA-QC,16.0,46.23,96.19,92.04,hydroquebec.com,false,""
2025-10-10T11:00:00.000000,Canada,Québec,CA-QC,15.24,45.06,96.34,92.62,hydroquebec.com,false,""
2025-10-10T12:00:00.000000,Canada,Québec,CA-QC,15.53,45.3,96.32,92.44,hydroquebec.com,false,""
2025-10-10T13:00:00.000000,Canada,Québec,CA-QC,16.48,46.61,96.14,91.94,hydroquebec.com,false,""
2025-10-10T14:00:00.000000,Canada,Québec,CA-QC,16.6,46.95,96.1,91.64,hydroquebec.com,false,""
2025-10-10T15:00:00.000000,Canada,Québec,CA-QC,15.89,46.18,96.26,91.66,hydroquebec.com,false,""
2025-10-10T16:00:00.000000,Canada,Québec,CA-QC,15.25,45.42,96.45,91.64,hydroquebec.com,false,""
2025-10-10T17:00:00.000000,Canada,Québec,CA-QC,15.35,45.61,96.45,91.56,hydroquebec.com,false,""
2025-10-10T18:00:00.000000,Canada,Québec,CA-QC,15.7,46.1,96.38,91.41,hydroquebec.com,false,""
2025-10-10T19:00:00.000000,Canada,Québec,CA-QC,15.03,45.3,96.58,92.1,hydroquebec.com,false,""
2025-10-10T20:00:00.000000,Canada,Québec,CA-QC,14.56,44.7,96.67,92.75,hydroquebec.com,false,""
2025-10-10T21:00:00.000000,Canada,Québec,CA-QC,16.17,46.79,96.2,92.52,hydroquebec.com,false,""
2025-10-10T22:00:00.000000,Canada,Québec,CA-QC,14.99,45.17,96.45,93.1,hydroquebec.com,false,""
2025-10-10T23:00:00.000000,Canada,Québec,CA-QC,14.44,44.18,96.6,93.33,hydroquebec.com,false,""
2025-10-11T00:00:00.000000,Canada,Québec,CA-QC,14.19,43.67,96.69,93.3,hydroquebec.com,false,""
2025-10-11T01:00:00.000000,Canada,Québec,CA-QC,14.45,43.85,96.65,92.94,hydroquebec.com,false,""
2025-10-11T02:00:00.000000,Canada,Québec,CA-QC,14.3,43.55,96.74,92.72,hydroquebec.com,false,""
2025-10-11T03:00:00.000000,Canada,Québec,CA-QC,14.96,44.42,96.58,92.22,hydroquebec.com,false,""
2025-10-11T04:00:00.000000,Canada,Québec,CA-QC,16.72,46.7,96.16,91.23,hydroquebec.com,false,""
2025-10-11T05:00:00.000000,Canada,Québec,CA-QC,16.2,46.1,96.27,91.0,hydroquebec.com,false,""
2025-10-11T06:00:00.000000,Canada,Québec,CA-QC,15.45,45.07,96.52,90.99,hydroquebec.com,false,""
2025-10-11T07:00:00.000000,Canada,Québec,CA-QC,15.58,45.33,96.47,90.85,hydroquebec.com,false,""
2025-10-11T08:00:00.000000,Canada,Québec,CA-QC,15.89,45.74,96.39,90.7,hydroquebec.com,false,""
2025-10-11T09:00:00.000000,Canada,Québec,CA-QC,15.18,44.78,96.59,91.18,hydroquebec.com,false,""
2025-10-11T10:00:00.000000,Canada,Québec,CA-QC,15.43,45.17,96.47,91.54,hydroquebec.com,false,""
2025-10-11T11:00:00.000000,Canada,Québec,CA-QC,16.08,46.07,96.24,91.89,hydroquebec.com,false,""
2025-10-11T12:00:00.000000,Canada,Québec,CA-QC,15.54,45.47,96.39,92.3,hydroquebec.com,false,""
2025-10-11T13:00:00.000000,Canada,Québec,CA-QC,16.89,47.28,96.06,91.79,hydroquebec.com,false,""
2025-10-11T14:00:00.000000,Canada,Québec,CA-QC,17.41,47.99,95.92,91.52,hydroquebec.com,false,""
2025-10-11T15:00:00.000000,Canada,Québec,CA-QC,17.65,48.31,95.86,91.31,hydroquebec.com,false,""
2025-10-11T16:00:00.000000,Canada,Québec,CA-QC,17.15,47.81,95.98,91.48,hydroquebec.com,false,""
2025-10-11T17:00:00.000000,Canada,Québec,CA-QC,18.03,48.93,95.8,91.15,hydroquebec.com,false,""
2025-10-11T18:00:00.000000,Canada,Québec,CA-QC,17.81,48.84,95.83,91.18,hydroquebec.com,false,""
2025-10-11T19:00:00.000000,Canada,Québec,CA-QC,18.09,49.4,95.74,91.16,hydroquebec.com,false,""
2025-10-11T20:00:00.000000,Canada,Québec,CA-QC,16.74,47.87,96.06,91.82,hydroquebec.com,false,""
2025-10-11T21:00:00.000000,Canada,Québec,CA-QC,14.9,45.74,96.5,92.63,hydroquebec.com,false,""
2025-10-11T22:00:00.000000,Canada,Québec,CA-QC,16.06,47.2,96.23,92.49,hydroquebec.com,false,""
2025-10-11T23:00:00.000000,Canada,Québec,CA-QC,16.53,47.82,96.12,92.26,hydroquebec.com,false,""
2025-10-12T00:00:00.000000,Canada,Québec,CA-QC,17.51,49.18,95.91,91.83,hydroquebec.com,false,""
2025-10-12T01:00:00.000000,Canada,Québec,CA-QC,17.97,49.83,95.8,91.45,hydroquebec.com,false,""
2025-10-12T02:00:00.000000,Canada,Québec,CA-QC,17.85,49.78,95.83,91.21,hydroquebec.com,false,""
2025-10-12T03:00:00.000000,Canada,Québec,CA-QC,16.58,48.25,96.21,91.33,hydroquebec.com,false,""
2025-10-12T04:00:00.000000,Canada,Québec,CA-QC,18.39,50.59,95.76,90.37,hydroquebec.com,false,""
2025-10-12T05:00:00.000000,Canada,Québec,CA-QC,16.92,48.87,96.11,90.62,hydroquebec.com,false,""
2025-10-12T06:00:00.000000,Canada,Québec,CA-QC,18.15,50.35,95.84,90.03,hydroquebec.com,false,""
2025-10-12T07:00:00.000000,Canada,Québec,CA-QC,18.17,50.36,95.83,90.01,hydroquebec.com,false,""
2025-10-12T08:00:00.000000,Canada,Québec,CA-QC,18.46,50.64,95.75,89.95,hydroquebec.com,false,""
2025-10-12T09:00:00.000000,Canada,Québec,CA-QC,18.14,50.11,95.81,90.18,hydroquebec.com,false,""
2025-10-12T10:00:00.000000,Canada,Québec,CA-QC,17.98,49.81,95.83,90.52,hydroquebec.com,false,""
2025-10-12T11:00:00.000000,Canada,Québec,CA-QC,17.27,48.86,95.98,91.19,hydroquebec.com,false,""
2025-10-12T12:00:00.000000,Canada,Québec,CA-QC,16.97,48.49,96.05,91.52,hydroquebec.com,false,""
2025-10-12T13:00:00.000000,Canada,Québec,CA-QC,17.35,48.94,95.99,91.5,hydroquebec.com,false,""
2025-10-12T14:00:00.000000,Canada,Québec,CA-QC,17.69,49.38,95.92,91.31,hydroquebec.com,false,""
2025-10-12T15:00:00.000000,Canada,Québec,CA-QC,17.82,49.63,95.86,91.18,hydroquebec.com,false,""
2025-10-12T16:00:00.000000,Canada,Québec,CA-QC,18.22,50.2,95.77,91.07,hydroquebec.com,false,""
2025-10-12T17:00:00.000000,Canada,Québec,CA-QC,18.27,50.31,95.76,91.06,hydroquebec.com,false,""
2025-10-12T18:00:00.000000,Canada,Québec,CA-QC,18.76,50.99,95.64,90.89,hydroquebec.com,false,""
2025-10-12T19:00:00.000000,Canada,Québec,CA-QC,18.94,51.31,95.59,90.93,hydroquebec.com,false,""
2025-10-12T20:00:00.000000,Canada,Québec,CA-QC,17.92,50.09,95.79,91.44,hydroquebec.com,false,""
2025-10-12T21:00:00.000000,Canada,Québec,CA-QC,15.71,47.26,96.32,92.37,hydroquebec.com,false,""
2025-10-12T22:00:00.000000,Canada,Québec,CA-QC,15.35,46.61,96.39,92.63,hydroquebec.com,false,""
2025-10-12T23:00:00.000000,Canada,Québec,CA-QC,15.57,46.76,96.32,92.55,hydroquebec.com,false,""
2025-10-13T00:00:00.000000,Canada,Québec,CA-QC,16.64,48.07,96.06,92.07,hydroquebec.com,false,""
2025-10-13T01:00:00.000000,Canada,Québec,CA-QC,16.33,47.63,96.16,91.88,hydroquebec.com,false,""
2025-10-13T02:00:00.000000,Canada,Québec,CA-QC,16.97,48.34,96.05,91.33,hydroquebec.com,false,""
2025-10-13T03:00:00.000000,Canada,Québec,CA-QC,16.91,48.2,96.13,91.04,hydroquebec.com,false,""
2025-10-13T04:00:00.000000,Canada,Québec,CA-QC,15.23,46.3,96.54,91.38,hydroquebec.com,false,""
2025-10-13T05:00:00.000000,Canada,Québec,CA-QC,3.41,32.52,99.08,95.53,hydroquebec.com,false,""
2025-10-13T06:00:00.000000,Canada,Québec,CA-QC,3.32,32.39,99.11,95.64,hydroquebec.com,false,""
2025-10-13T07:00:00.000000,Canada,Québec,CA-QC,3.42,32.68,99.08,95.56,hydroquebec.com,false,""
2025-10-13T08:00:00.000000,Canada,Québec,CA-QC,5.08,34.78,98.65,94.98,hydroquebec.com,false,""
2025-10-13T09:00:00.000000,Canada,Québec,CA-QC,5.19,34.83,98.62,95.1,hydroquebec.com,false,""
2025-10-13T10:00:00.000000,Canada,Québec,CA-QC,3.82,32.94,98.97,95.93,hydroquebec.com,false,""
2025-10-13T11:00:00.000000,Canada,Québec,CA-QC,4.2,33.22,98.86,96.07,hydroquebec.com,false,""
2025-10-13T12:00:00.000000,Canada,Québec,CA-QC,3.97,32.82,98.93,96.25,hydroquebec.com,false,""
2025-10-13T13:00:00.000000,Canada,Québec,CA-QC,4.18,33.08,98.87,96.3,hydroquebec.com,false,""
2025-10-13T14:00:00.000000,Canada,Québec,CA-QC,4.18,33.13,98.87,96.33,hydroquebec.com,false,""
2025-10-13T15:00:00.000000,Canada,Québec,CA-QC,4.14,33.16,98.88,96.33,hydroquebec.com,false,""
2025-10-13T16:00:00.000000,Canada,Québec,CA-QC,4.15,33.25,98.88,96.3,hydroquebec.com,false,""
2025-10-13T17:00:00.000000,Canada,Québec,CA-QC,12.71,43.56,96.97,93.54,hydroquebec.com,false,""
2025-10-13T18:00:00.000000,Canada,Québec,CA-QC,13.96,45.28,96.68,93.13,hydroquebec.com,false,""
2025-10-13T19:00:00.000000,Canada,Québec,CA-QC,14.11,45.5,96.63,93.11,hydroquebec.com,false,""
2025-10-13T20:00:00.000000,Canada,Québec,CA-QC,13.56,44.76,96.76,93.34,hydroquebec.com,false,""
2025-10-13T21:00:00.000000,Canada,Québec,CA-QC,12.84,43.8,96.91,93.74,hydroquebec.com,false,""
2025-10-13T22:00:00.000000,Canada,Québec,CA-QC,12.09,42.74,97.09,94.22,hydroquebec.com,false,""
2025-10-13T23:00:00.000000,Canada,Québec,CA-QC,12.5,43.18,97.0,94.19,hydroquebec.com,false,""
2025-10-14T00:00:00.000000,Canada,Québec,CA-QC,13.11,43.85,96.88,93.9,hydroquebec.com,false,""
2025-10-14T01:00:00.000000,Canada,Québec,CA-QC,13.07,43.76,96.9,93.76,hydroquebec.com,false,""
2025-10-14T02:00:00.000000,Canada,Québec,CA-QC,13.79,44.78,96.74,93.21,hydroquebec.com,false,""
2025-10-14T03:00:00.000000,Canada,Québec,CA-QC,14.13,45.35,96.67,92.69,hydroquebec.com,false,""
2025-10-14T04:00:00.000000,Canada,Québec,CA-QC,19.41,51.96,95.44,90.56,hydroquebec.com,false,""
2025-10-14T05:00:00.000000,Canada,Québec,CA-QC,22.14,55.56,94.78,89.09,hydroquebec.com,false,""
2025-10-14T06:00:00.000000,Canada,Québec,CA-QC,22.33,55.78,94.76,88.86,hydroquebec.com,false,""
2025-10-14T07:00:00.000000,Canada,Québec,CA-QC,22.26,55.69,94.76,88.88,hydroquebec.com,false,""
2025-10-14T08:00:00.000000,Canada,Québec,CA-QC,22.16,55.57,94.78,89.05,hydroquebec.com,false,""
2025-10-14T09:00:00.000000,Canada,Québec,CA-QC,19.4,52.17,95.44,90.47,hydroquebec.com,false,""
2025-10-14T10:00:00.000000,Canada,Québec,CA-QC,16.92,48.81,95.98,92.27,hydroquebec.com,false,""
2025-10-14T11:00:00.000000,Canada,Québec,CA-QC,15.1,46.36,96.39,93.38,hydroquebec.com,false,""
2025-10-14T12:00:00.000000,Canada,Québec,CA-QC,15.48,46.71,96.31,93.11,hydroquebec.com,false,""
2025-10-14T13:00:00.000000,Canada,Québec,CA-QC,16.02,47.33,96.19,92.9,hydroquebec.com,false,""
2025-10-14T14:00:00.000000,Canada,Québec,CA-QC,16.37,47.79,96.11,92.68,hydroquebec.com,false,""
2025-10-14T15:00:00.000000,Canada,Québec,CA-QC,15.25,46.5,96.36,93.11,hydroquebec.com,false,""
2025-10-14T16:00:00.000000,Canada,Québec,CA-QC,15.7,47.03,96.27,92.97,hydroquebec.com,false,""
2025-10-14T17:00:00.000000,Canada,Québec,CA-QC,15.55,46.94,96.29,92.98,hydroquebec.com,false,""
2025-10-14T18:00:00.000000,Canada,Québec,CA-QC,13.61,44.65,96.74,93.61,hydroquebec.com,false,""
2025-10-14T19:00:00.000000,Canada,Québec,CA-QC,12.85,43.72,96.98,94.33,hydroquebec.com,false,""
2025-10-14T20:00:00.000000,Canada,Québec,CA-QC,13.76,44.72,96.76,94.12,hydroquebec.com,false,""
2025-10-14T21:00:00.000000,Canada,Québec,CA-QC,13.71,44.55,96.73,94.21,hydroquebec.com,false,""
2025-10-14T22:00:00.000000,Canada,Québec,CA-QC,13.1,43.69,96.83,94.47,hydroquebec.com,false,""
2025-10-14T23:00:00.000000,Canada,Québec,CA-QC,13.15,43.68,96.82,94.48,hydroquebec.com,false,""
2025-10-15T00:00:00.000000,Canada,Québec,CA-QC,13.33,43.91,96.81,94.34,hydroquebec.com,false,""
2025-10-15T01:00:00.000000,Canada,Québec,CA-QC,14.13,44.82,96.64,94.03,hydroquebec.com,false,""
2025-10-15T02:00:00.000000,Canada,Québec,CA-QC,14.58,45.31,96.55,93.55,hydroquebec.com,false,""
2025-10-15T03:00:00.000000,Canada,Québec,CA-QC,15.36,46.17,96.41,93.01,hydroquebec.com,false,""
2025-10-15T04:00:00.000000,Canada,Québec,CA-QC,14.22,44.55,96.73,93.1,hydroquebec.com,false,""
2025-10-15T05:00:00.000000,Canada,Québec,CA-QC,13.46,43.53,96.92,93.2,hydroquebec.com,false,""
2025-10-15T06:00:00.000000,Canada,Québec,CA-QC,13.75,43.89,96.84,93.06,hydroquebec.com,false,""
2025-10-15T07:00:00.000000,Canada,Québec,CA-QC,14.67,45.0,96.61,92.7,hydroquebec.com,false,""
2025-10-15T08:00:00.000000,Canada,Québec,CA-QC,15.54,46.02,96.4,92.45,hydroquebec.com,false,""
2025-10-15T09:00:00.000000,Canada,Québec,CA-QC,12.32,42.16,97.09,93.81,hydroquebec.com,false,""
2025-10-15T10:00:00.000000,Canada,Québec,CA-QC,3.46,31.42,99.08,97.3,hydroquebec.com,false,""
2025-10-15T11:00:00.000000,Canada,Québec,CA-QC,3.0,30.66,99.19,97.69,hydroquebec.com,false,""
2025-10-15T12:00:00.000000,Canada,Québec,CA-QC,2.93,30.66,99.21,97.77,hydroquebec.com,false,""
2025-10-15T13:00:00.000000,Canada,Québec,CA-QC,2.97,30.87,99.2,97.69,hydroquebec.com,false,""
2025-10-15T14:00:00.000000,Canada,Québec,CA-QC,3.63,31.72,99.02,97.15,hydroquebec.com,false,""
2025-10-15T15:00:00.000000,Canada,Québec,CA-QC,3.46,31.55,99.06,97.23,hydroquebec.com,false,""
2025-10-15T16:00:00.000000,Canada,Québec,CA-QC,2.66,30.61,99.28,97.88,hydroquebec.com,false,""
2025-10-15T17:00:00.000000,Canada,Québec,CA-QC,9.47,38.71,97.68,94.92,hydroquebec.com,false,""
2025-10-15T18:00:00.000000,Canada,Québec,CA-QC,9.26,38.5,97.77,95.04,hydroquebec.com,false,""
2025-10-15T19:00:00.000000,Canada,Québec,CA-QC,11.4,40.93,97.3,94.07,hydroquebec.com,false,""
2025-10-15T20:00:00.000000,Canada,Québec,CA-QC,10.97,40.36,97.39,94.42,hydroquebec.com,false,""
2025-10-15T21:00:00.000000,Canada,Québec,CA-QC,10.99,40.38,97.35,94.66,hydroquebec.com,false,""
2025-10-15T22:00:00.000000,Canada,Québec,CA-QC,10.13,39.35,97.55,95.34,hydroquebec.com,false,""
2025-10-15T23:00:00.000000,Canada,Québec,CA-QC,10.31,39.53,97.49,95.2,hydroquebec.com,false,""
2025-10-16T00:00:00.000000,Canada,Québec,CA-QC,11.17,40.55,97.32,94.98,hydroquebec.com,false,""
2025-10-16T01:00:00.000000,Canada,Québec,CA-QC,10.66,39.98,97.41,94.64,hydroquebec.com,false,""
2025-10-16T02:00:00.000000,Canada,Québec,CA-QC,10.78,40.23,97.39,94.37,hydroquebec.com,false,""
2025-10-16T03:00:00.000000,Canada,Québec,CA-QC,10.89,40.5,97.37,94.03,hydroquebec.com,false,""
2025-10-16T04:00:00.000000,Canada,Québec,CA-QC,14.84,45.42,96.5,92.28,hydroquebec.com,false,""
2025-10-16T05:00:00.000000,Canada,Québec,CA-QC,15.51,46.44,96.36,91.59,hydroquebec.com,false,""
2025-10-16T06:00:00.000000,Canada,Québec,CA-QC,15.32,46.15,96.42,91.56,hydroquebec.com,false,""
2025-10-16T07:00:00.000000,Canada,Québec,CA-QC,13.31,43.7,96.85,92.37,hydroquebec.com,false,""
2025-10-16T08:00:00.000000,Canada,Québec,CA-QC,11.4,41.34,97.27,93.27,hydroquebec.com,false,""
2025-10-16T09:00:00.000000,Canada,Québec,CA-QC,11.89,41.86,97.16,93.57,hydroquebec.com,false,""
2025-10-16T10:00:00.000000,Canada,Québec,CA-QC,11.5,41.26,97.21,94.14,hydroquebec.com,false,""
2025-10-16T11:00:00.000000,Canada,Québec,CA-QC,11.78,41.46,97.16,94.58,hydroquebec.com,false,""
2025-10-16T12:00:00.000000,Canada,Québec,CA-QC,14.63,44.86,96.51,93.42,hydroquebec.com,false,""
2025-10-16T13:00:00.000000,Canada,Québec,CA-QC,15.32,45.88,96.4,93.01,hydroquebec.com,false,""
2025-10-16T14:00:00.000000,Canada,Québec,CA-QC,15.19,45.89,96.43,92.72,hydroquebec.com,false,""
2025-10-16T15:00:00.000000,Canada,Québec,CA-QC,14.43,45.08,96.62,93.04,hydroquebec.com,false,""
2025-10-16T16:00:00.000000,Canada,Québec,CA-QC,14.95,45.78,96.49,92.7,hydroquebec.com,false,""
2025-10-16T17:00:00.000000,Canada,Québec,CA-QC,15.22,46.07,96.42,92.52,hydroquebec.com,false,""
2025-10-16T18:00:00.000000,Canada,Québec,CA-QC,15.37,46.17,96.41,92.42,hydroquebec.com,false,""
2025-10-16T19:00:00.000000,Canada,Québec,CA-QC,14.63,45.27,96.57,92.65,hydroquebec.com,false,""
2025-10-16T20:00:00.000000,Canada,Québec,CA-QC,16.03,46.93,96.27,92.8,hydroquebec.com,false,""
2025-10-16T21:00:00.000000,Canada,Québec,CA-QC,13.69,43.91,96.73,93.69,hydroquebec.com,false,""
2025-10-16T22:00:00.000000,Canada,Québec,CA-QC,12.14,41.88,97.07,94.63,hydroquebec.com,false,""
2025-10-16T23:00:00.000000,Canada,Québec,CA-QC,11.24,40.81,97.3,94.93,hydroquebec.com,false,""
2025-10-17T00:00:00.000000,Canada,Québec,CA-QC,9.99,39.33,97.6,95.28,hydroquebec.com,false,""
2025-10-17T01:00:00.000000,Canada,Québec,CA-QC,14.15,44.49,96.65,93.75,hydroquebec.com,false,""
2025-10-17T02:00:00.000000,Canada,Québec,CA-QC,16.1,47.09,96.2,92.52,hydroquebec.com,false,""
2025-10-17T03:00:00.000000,Canada,Québec,CA-QC,18.01,49.51,95.73,91.11,hydroquebec.com,false,""
2025-10-17T04:00:00.000000,Canada,Québec,CA-QC,17.66,49.4,95.77,90.87,hydroquebec.com,false,""
2025-10-17T05:00:00.000000,Canada,Québec,CA-QC,18.28,50.25,95.67,90.42,hydroquebec.com,false,""
2025-10-17T06:00:00.000000,Canada,Québec,CA-QC,18.52,50.65,95.61,90.25,hydroquebec.com,false,""
2025-10-17T07:00:00.000000,Canada,Québec,CA-QC,18.56,50.74,95.59,90.19,hydroquebec.com,false,""
2025-10-17T08:00:00.000000,Canada,Québec,CA-QC,18.48,50.61,95.59,90.29,hydroquebec.com,false,""
2025-10-17T09:00:00.000000,Canada,Québec,CA-QC,17.6,49.28,95.83,90.77,hydroquebec.com,false,""
2025-10-17T10:00:00.000000,Canada,Québec,CA-QC,15.12,46.08,96.35,92.08,hydroquebec.com,false,""
2025-10-17T11:00:00.000000,Canada,Québec,CA-QC,13.78,44.28,96.65,93.06,hydroquebec.com,false,""
2025-10-17T12:00:00.000000,Canada,Québec,CA-QC,14.78,45.49,96.5,93.27,hydroquebec.com,false,""
2025-10-17T13:00:00.000000,Canada,Québec,CA-QC,16.14,47.24,96.22,92.75,hydroquebec.com,false,""
2025-10-17T14:00:00.000000,Canada,Québec,CA-QC,17.51,49.08,95.85,91.78,hydroquebec.com,false,""
2025-10-17T15:00:00.000000,Canada,Québec,CA-QC,16.47,48.1,96.11,92.54,hydroquebec.com,false,""
2025-10-17T16:00:00.000000,Canada,Québec,CA-QC,18.2,50.16,95.67,91.39,hydroquebec.com,false,""
2025-10-17T17:00:00.000000,Canada,Québec,CA-QC,18.66,50.68,95.55,91.11,hydroquebec.com,false,""
2025-10-17T18:00:00.000000,Canada,Québec,CA-QC,18.96,50.96,95.49,90.89,hydroquebec.com,false,""
2025-10-17T19:00:00.000000,Canada,Québec,CA-QC,19.35,51.44,95.4,90.78,hydroquebec.com,false,""
2025-10-17T20:00:00.000000,Canada,Québec,CA-QC,20.86,53.21,95.12,90.84,hydroquebec.com,false,""
2025-10-17T21:00:00.000000,Canada,Québec,CA-QC,17.53,49.16,95.8,91.83,hydroquebec.com,false,""
2025-10-17T22:00:00.000000,Canada,Québec,CA-QC,15.6,46.82,96.27,93.15,hydroquebec.com,false,""
2025-10-17T23:00:00.000000,Canada,Québec,CA-QC,15.53,46.65,96.32,93.23,hydroquebec.com,false,""
2025-10-18T00:00:00.000000,Canada,Québec,CA-QC,16.45,47.69,96.1,92.27,hydroquebec.com,false,""
2025-10-18T01:00:00.000000,Canada,Québec,CA-QC,16.75,48.2,96.01,91.91,hydroquebec.com,false,""
2025-10-18T02:00:00.000000,Canada,Québec,CA-QC,17.29,48.95,95.85,91.62,hydroquebec.com,false,""
2025-10-18T03:00:00.000000,Canada,Québec,CA-QC,16.96,48.5,95.98,91.5,hydroquebec.com,false,""
2025-10-18T04:00:00.000000,Canada,Québec,CA-QC,17.61,49.24,95.86,90.94,hydroquebec.com,false,""
2025-10-18T05:00:00.000000,Canada,Québec,CA-QC,15.21,46.42,96.43,91.35,hydroquebec.com,false,""
2025-10-18T06:00:00.000000,Canada,Québec,CA-QC,14.97,46.08,96.5,91.29,hydroquebec.com,false,""
2025-10-18T07:00:00.000000,Canada,Québec,CA-QC,14.66,45.65,96.57,91.41,hydroquebec.com,false,""
2025-10-18T08:00:00.000000,Canada,Québec,CA-QC,14.71,45.73,96.54,91.5,hydroquebec.com,false,""
2025-10-18T09:00:00.000000,Canada,Québec,CA-QC,14.01,44.9,96.67,91.85,hydroquebec.com,false,""
2025-10-18T10:00:00.000000,Canada,Québec,CA-QC,13.92,44.8,96.62,92.18,hydroquebec.com,false,""
2025-10-18T11:00:00.000000,Canada,Québec,CA-QC,13.67,44.39,96.68,92.58,hydroquebec.com,false,""
2025-10-18T12:00:00.000000,Canada,Québec,CA-QC,14.02,44.65,96.64,92.59,hydroquebec.com,false,""
2025-10-18T13:00:00.000000,Canada,Québec,CA-QC,13.95,44.53,96.71,92.64,hydroquebec.com,false,""
2025-10-18T14:00:00.000000,Canada,Québec,CA-QC,14.21,44.82,96.66,92.48,hydroquebec.com,false,""
2025-10-18T15:00:00.000000,Canada,Québec,CA-QC,13.86,44.36,96.76,92.48,hydroquebec.com,false,""
2025-10-18T16:00:00.000000,Canada,Québec,CA-QC,14.75,45.51,96.52,92.15,hydroquebec.com,false,""
2025-10-18T17:00:00.000000,Canada,Québec,CA-QC,15.78,46.78,96.24,91.77,hydroquebec.com,false,""
2025-10-18T18:00:00.000000,Canada,Québec,CA-QC,16.91,48.19,95.98,91.28,hydroquebec.com,false,""
2025-10-18T19:00:00.000000,Canada,Québec,CA-QC,17.63,49.11,95.83,91.16,hydroquebec.com,false,""
2025-10-18T20:00:00.000000,Canada,Québec,CA-QC,17.36,48.78,95.91,91.56,hydroquebec.com,false,""
2025-10-18T21:00:00.000000,Canada,Québec,CA-QC,16.96,48.24,96.0,91.99,hydroquebec.com,false,""
2025-10-18T22:00:00.000000,Canada,Québec,CA-QC,15.99,46.96,96.21,92.41,hydroquebec.com,false,""
2025-10-18T23:00:00.000000,Canada,Québec,CA-QC,15.48,46.2,96.36,92.55,hydroquebec.com,false,""
2025-10-19T00:00:00.000000,Canada,Québec,CA-QC,14.7,45.19,96.56,92.6,hydroquebec.com,false,""
2025-10-19T01:00:00.000000,Canada,Québec,CA-QC,14.9,45.48,96.47,92.33,hydroquebec.com,false,""
2025-10-19T02:00:00.000000,Canada,Québec,CA-QC,14.53,45.03,96.56,92.27,hydroquebec.com,false,""
2025-10-19T03:00:00.000000,Canada,Québec,CA-QC,16.28,47.14,96.16,91.32,hydroquebec.com,false,""
2025-10-19T04:00:00.000000,Canada,Québec,CA-QC,17.59,48.8,95.85,90.77,hydroquebec.com,false,""
2025-10-19T05:00:00.000000,Canada,Québec,CA-QC,15.45,45.99,96.4,90.82,hydroquebec.com,false,""
2025-10-19T06:00:00.000000,Canada,Québec,CA-QC,14.42,44.7,96.7,90.86,hydroquebec.com,false,""
2025-10-19T07:00:00.000000,Canada,Québec,CA-QC,13.96,44.17,96.81,90.86,hydroquebec.com,false,""
2025-10-19T08:00:00.000000,Canada,Québec,CA-QC,13.58,43.73,96.89,91.05,hydroquebec.com,false,""
2025-10-19T09:00:00.000000,Canada,Québec,CA-QC,13.13,43.11,96.99,91.27,hydroquebec.com,false,""
2025-10-19T10:00:00.000000,Canada,Québec,CA-QC,12.88,42.74,97.05,91.62,hydroquebec.com,false,""
2025-10-19T11:00:00.000000,Canada,Québec,CA-QC,12.33,41.98,97.14,92.18,hydroquebec.com,false,""
2025-10-19T12:00:00.000000,Canada,Québec,CA-QC,12.89,42.48,97.03,92.22,hydroquebec.com,false,""
2025-10-19T13:00:00.000000,Canada,Québec,CA-QC,12.94,42.47,97.03,92.33,hydroquebec.com,false,""
2025-10-19T14:00:00.000000,Canada,Québec,CA-QC,13.63,43.46,96.83,92.3,hydroquebec.com,false,""
2025-10-19T15:00:00.000000,Canada,Québec,CA-QC,13.87,43.89,96.74,92.3,hydroquebec.com,false,""
2025-10-19T16:00:00.000000,Canada,Québec,CA-QC,13.7,43.62,96.76,92.32,hydroquebec.com,false,""
2025-10-19T17:00:00.000000,Canada,Québec,CA-QC,14.29,44.23,96.61,92.09,hydroquebec.com,false,""
2025-10-19T18:00:00.000000,Canada,Québec,CA-QC,15.12,45.25,96.39,91.82,hydroquebec.com,false,""
2025-10-19T19:00:00.000000,Canada,Québec,CA-QC,16.02,46.3,96.2,91.62,hydroquebec.com,false,""
2025-10-19T20:00:00.000000,Canada,Québec,CA-QC,15.62,45.81,96.29,92.18,hydroquebec.com,false,""
2025-10-19T21:00:00.000000,Canada,Québec,CA-QC,15.42,45.33,96.35,92.78,hydroquebec.com,false,""
2025-10-19T22:00:00.000000,Canada,Québec,CA-QC,13.99,43.25,96.64,93.25,hydroquebec.com,false,""
2025-10-19T23:00:00.000000,Canada,Québec,CA-QC,13.58,42.47,96.78,93.51,hydroquebec.com,false,""
2025-10-20T00:00:00.000000,Canada,Québec,CA-QC,14.26,43.2,96.65,93.19,hydroquebec.com,false,""
2025-10-20T01:00:00.000000,Canada,Québec,CA-QC,14.51,43.56,96.56,92.84,hydroquebec.com,false,""
2025-10-20T02:00:00.000000,Canada,Québec,CA-QC,14.46,43.47,96.56,92.32,hydroquebec.com,false,""
2025-10-20T03:00:00.000000,Canada,Québec,CA-QC,16.31,45.64,96.15,90.8,hydroquebec.com,false,""
2025-10-20T04:00:00.000000,Canada,Québec,CA-QC,14.92,44.05,96.5,90.9,hydroquebec.com,false,""
2025-10-20T05:00:00.000000,Canada,Québec,CA-QC,15.02,44.12,96.47,90.54,hydroquebec.com,false,""
2025-10-20T06:00:00.000000,Canada,Québec,CA-QC,15.44,44.72,96.37,90.34,hydroquebec.com,false,""
2025-10-20T07:00:00.000000,Canada,Québec,CA-QC,14.22,43.39,96.64,90.82,hydroquebec.com,false,""
2025-10-20T08:00:00.000000,Canada,Québec,CA-QC,16.94,46.63,96.0,90.12,hydroquebec.com,false,""
2025-10-20T09:00:00.000000,Canada,Québec,CA-QC,15.37,44.75,96.33,90.91,hydroquebec.com,false,""
2025-10-20T10:00:00.000000,Canada,Québec,CA-QC,16.99,46.87,95.89,91.28,hydroquebec.com,false,""
2025-10-20T11:00:00.000000,Canada,Québec,CA-QC,16.22,45.95,96.05,92.11,hydroquebec.com,false,""
2025-10-20T12:00:00.000000,Canada,Québec,CA-QC,15.86,45.47,96.15,92.39,hydroquebec.com,false,""
2025-10-20T13:00:00.000000,Canada,Québec,CA-QC,17.25,47.22,95.86,91.97,hydroquebec.com,false,""
2025-10-20T14:00:00.000000,Canada,Québec,CA-QC,17.4,47.57,95.82,91.9,hydroquebec.com,false,""
2025-10-20T15:00:00.000000,Canada,Québec,CA-QC,17.26,47.44,95.86,91.91,hydroquebec.com,false,""
2025-10-20T16:00:00.000000,Canada,Québec,CA-QC,15.66,45.48,96.26,92.36,hydroquebec.com,false,""
2025-10-20T17:00:00.000000,Canada,Québec,CA-QC,16.63,46.66,96.02,92.04,hydroquebec.com,false,""
2025-10-20T18:00:00.000000,Canada,Québec,CA-QC,16.44,46.42,96.07,92.01,hydroquebec.com,false,""
2025-10-20T19:00:00.000000,Canada,Québec,CA-QC,13.15,42.6,96.77,93.19,hydroquebec.com,false,""
2025-10-20T20:00:00.000000,Canada,Québec,CA-QC,7.1,35.41,98.1,95.28,hydroquebec.com,false,""
2025-10-20T21:00:00.000000,Canada,Québec,CA-QC,6.51,34.5,98.27,95.75,hydroquebec.com,false,""
2025-10-20T22:00:00.000000,Canada,Québec,CA-QC,6.18,34.01,98.36,96.05,hydroquebec.com,false,""
2025-10-20T23:00:00.000000,Canada,Québec,CA-QC,6.06,33.93,98.4,96.2,hydroquebec.com,false,""
2025-10-21T00:00:00.000000,Canada,Québec,CA-QC,6.93,35.02,98.2,95.74,hydroquebec.com,false,""
2025-10-21T01:00:00.000000,Canada,Québec,CA-QC,7.84,36.15,97.97,95.09,hydroquebec.com,false,""
2025-10-21T02:00:00.000000,Canada,Québec,CA-QC,7.77,36.24,97.95,94.76,hydroquebec.com,false,""
2025-10-21T03:00:00.000000,Canada,Québec,CA-QC,6.97,35.43,98.12,94.65,hydroquebec.com,false,""
2025-10-21T04:00:00.000000,Canada,Québec,CA-QC,12.62,42.11,96.86,92.31,hydroquebec.com,false,""
2025-10-21T05:00:00.000000,Canada,Québec,CA-QC,17.65,48.11,95.75,90.12,hydroquebec.com,false,""
2025-10-21T06:00:00.000000,Canada,Québec,CA-QC,17.15,47.59,95.88,90.06,hydroquebec.com,false,""
2025-10-21T07:00:00.000000,Canada,Québec,CA-QC,16.77,47.13,95.97,90.17,hydroquebec.com,false,""
2025-10-21T08:00:00.000000,Canada,Québec,CA-QC,15.75,45.88,96.24,90.45,hydroquebec.com,false,""
2025-10-21T09:00:00.000000,Canada,Québec,CA-QC,16.58,46.98,96.01,90.67,hydroquebec.com,false,""
2025-10-21T10:00:00.000000,Canada,Québec,CA-QC,21.63,52.89,94.89,89.7,hydroquebec.com,false,""
2025-10-21T11:00:00.000000,Canada,Québec,CA-QC,16.99,47.5,95.86,91.76,hydroquebec.com,false,""
2025-10-21T12:00:00.000000,Canada,Québec,CA-QC,11.78,41.21,97.06,93.64,hydroquebec.com,false,""
2025-10-21T13:00:00.000000,Canada,Québec,CA-QC,10.87,40.0,97.31,93.86,hydroquebec.com,false,""
2025-10-21T14:00:00.000000,Canada,Québec,CA-QC,11.44,40.74,97.2,93.6,hydroquebec.com,false,""
2025-10-21T15:00:00.000000,Canada,Québec,CA-QC,10.8,40.12,97.31,93.84,hydroquebec.com,false,""
2025-10-21T16:00:00.000000,Canada,Québec,CA-QC,10.69,40.07,97.35,93.8,hydroquebec.com,false,""
2025-10-21T17:00:00.000000,Canada,Québec,CA-QC,5.67,34.16,98.48,95.48,hydroquebec.com,false,""
2025-10-21T18:00:00.000000,Canada,Québec,CA-QC,10.31,39.67,97.46,93.93,hydroquebec.com,false,""
2025-10-21T19:00:00.000000,Canada,Québec,CA-QC,11.73,41.53,97.12,93.47,hydroquebec.com,false,""
2025-10-21T20:00:00.000000,Canada,Québec,CA-QC,17.55,48.55,95.82,91.85,hydroquebec.com,false,""
2025-10-21T21:00:00.000000,Canada,Québec,CA-QC,16.85,47.72,95.94,92.32,hydroquebec.com,false,""
2025-10-21T22:00:00.000000,Canada,Québec,CA-QC,15.2,45.56,96.38,92.99,hydroquebec.com,false,""
2025-10-21T23:00:00.000000,Canada,Québec,CA-QC,16.54,47.27,96.06,92.64,hydroquebec.com,false,""
2025-10-22T00:00:00.000000,Canada,Québec,CA-QC,16.89,47.97,95.93,92.37,hydroquebec.com,false,""
2025-10-22T01:00:00.000000,Canada,Québec,CA-QC,17.36,48.66,95.79,91.9,hydroquebec.com,false,""
2025-10-22T02:00:00.000000,Canada,Québec,CA-QC,17.42,48.71,95.76,91.54,hydroquebec.com,false,""
2025-10-22T03:00:00.000000,Canada,Québec,CA-QC,16.85,47.97,95.96,91.21,hydroquebec.com,false,""
2025-10-22T04:00:00.000000,Canada,Québec,CA-QC,17.97,49.5,95.69,90.6,hydroquebec.com,false,""
2025-10-22T05:00:00.000000,Canada,Québec,CA-QC,18.17,49.87,95.63,90.33,hydroquebec.com,false,""
2025-10-22T06:00:00.000000,Canada,Québec,CA-QC,18.37,50.25,95.55,90.16,hydroquebec.com,false,""
2025-10-22T07:00:00.000000,Canada,Québec,CA-QC,17.74,49.6,95.7,90.26,hydroquebec.com,false,""
2025-10-22T08:00:00.000000,Canada,Québec,CA-QC,18.17,50.23,95.58,90.25,hydroquebec.com,false,""
2025-10-22T09:00:00.000000,Canada,Québec,CA-QC,17.63,49.4,95.73,90.57,hydroquebec.com,false,""
2025-10-22T10:00:00.000000,Canada,Québec,CA-QC,16.61,47.94,95.96,91.65,hydroquebec.com,false,""
2025-10-22T11:00:00.000000,Canada,Québec,CA-QC,15.83,46.69,96.13,92.46,hydroquebec.com,false,""
2025-10-22T12:00:00.000000,Canada,Québec,CA-QC,18.0,49.05,95.65,91.89,hydroquebec.com,false,""
2025-10-22T13:00:00.000000,Canada,Québec,CA-QC,18.38,49.45,95.61,91.75,hydroquebec.com,false,""
2025-10-22T14:00:00.000000,Canada,Québec,CA-QC,17.76,48.74,95.76,91.92,hydroquebec.com,false,""
2025-10-22T15:00:00.000000,Canada,Québec,CA-QC,11.76,41.6,97.08,93.8,hydroquebec.com,false,""
2025-10-22T16:00:00.000000,Canada,Québec,CA-QC,16.99,47.76,95.92,92.08,hydroquebec.com,false,""
2025-10-22T17:00:00.000000,Canada,Québec,CA-QC,17.63,48.51,95.76,91.86,hydroquebec.com,false,""
2025-10-22T18:00:00.000000,Canada,Québec,CA-QC,17.83,48.7,95.7,91.8,hydroquebec.com,false,""
2025-10-22T19:00:00.000000,Canada,Québec,CA-QC,17.9,48.77,95.68,91.75,hydroquebec.com,false,""
2025-10-22T20:00:00.000000,Canada,Québec,CA-QC,17.97,48.67,95.66,91.89,hydroquebec.com,false,""
2025-10-22T21:00:00.000000,Canada,Québec,CA-QC,17.42,47.79,95.77,92.25,hydroquebec.com,false,""
2025-10-22T22:00:00.000000,Canada,Québec,CA-QC,16.29,46.23,96.05,92.79,hydroquebec.com,false,""
2025-10-22T23:00:00.000000,Canada,Québec,CA-QC,15.95,45.84,96.11,92.89,hydroquebec.com,false,""
2025-10-23T00:00:00.000000,Canada,Québec,CA-QC,16.22,46.07,96.03,92.63,hydroquebec.com,false,""
2025-10-23T01:00:00.000000,Canada,Québec,CA-QC,17.79,47.83,95.68,91.91,hydroquebec.com,false,""
2025-10-23T02:00:00.000000,Canada,Québec,CA-QC,20.56,51.1,95.08,90.67,hydroquebec.com,false,""
2025-10-23T03:00:00.000000,Canada,Québec,CA-QC,18.26,48.44,95.59,90.99,hydroquebec.com,false,""
2025-10-23T04:00:00.000000,Canada,Québec,CA-QC,18.72,49.26,95.45,90.56,hydroquebec.com,false,""
2025-10-23T05:00:00.000000,Canada,Québec,CA-QC,19.05,49.83,95.38,90.17,hydroquebec.com,false,""
2025-10-23T06:00:00.000000,Canada,Québec,CA-QC,19.43,50.45,95.27,90.05,hydroquebec.com,false,""
2025-10-23T07:00:00.000000,Canada,Québec,CA-QC,19.55,50.74,95.24,89.99,hydroquebec.com,false,""
2025-10-23T08:00:00.000000,Canada,Québec,CA-QC,21.3,52.98,94.8,89.47,hydroquebec.com,false,""
2025-10-23T09:00:00.000000,Canada,Québec,CA-QC,20.46,51.86,95.0,89.9,hydroquebec.com,false,""
2025-10-23T10:00:00.000000,Canada,Québec,CA-QC,19.72,50.94,95.16,90.92,hydroquebec.com,false,""
2025-10-23T11:00:00.000000,Canada,Québec,CA-QC,22.69,54.18,94.53,90.47,hydroquebec.com,false,""
2025-10-23T12:00:00.000000,Canada,Québec,CA-QC,21.23,52.31,94.84,90.97,hydroquebec.com,false,""
2025-10-23T13:00:00.000000,Canada,Québec,CA-QC,21.16,52.18,94.89,90.93,hydroquebec.com,false,""
2025-10-23T14:00:00.000000,Canada,Québec,CA-QC,20.78,51.84,94.95,90.91,hydroquebec.com,false,""
2025-10-23T15:00:00.000000,Canada,Québec,CA-QC,20.6,51.69,94.98,90.82,hydroquebec.com,false,""
2025-10-23T16:00:00.000000,Canada,Québec,CA-QC,24.3,56.52,94.03,89.56,hydroquebec.com,false,""
2025-10-23T17:00:00.000000,Canada,Québec,CA-QC,24.96,57.54,93.89,89.31,hydroquebec.com,false,""
2025-10-23T18:00:00.000000,Canada,Québec,CA-QC,25.55,58.32,93.79,89.16,hydroquebec.com,false,""
2025-10-23T19:00:00.000000,Canada,Québec,CA-QC,26.2,59.23,93.63,89.0,hydroquebec.com,false,""
2025-10-23T20:00:00.000000,Canada,Québec,CA-QC,25.04,57.85,93.88,89.53,hydroquebec.com,false,""
2025-10-23T21:00:00.000000,Canada,Québec,CA-QC,23.65,55.98,94.2,90.2,hydroquebec.com,false,""
2025-10-23T22:00:00.000000,Canada,Québec,CA-QC,19.37,50.45,95.26,91.74,hydroquebec.com,false,""
2025-10-23T23:00:00.000000,Canada,Québec,CA-QC,23.61,55.72,94.18,90.45,hydroquebec.com,false,""
2025-10-24T00:00:00.000000,Canada,Québec,CA-QC,25.07,57.62,93.82,89.85,hydroquebec.com,false,""
2025-10-24T01:00:00.000000,Canada,Québec,CA-QC,27.49,60.55,93.34,88.96,hydroquebec.com,false,""
2025-10-24T02:00:00.000000,Canada,Québec,CA-QC,26.25,59.28,93.55,88.97,hydroquebec.com,false,""
2025-10-24T03:00:00.000000,Canada,Québec,CA-QC,27.15,60.47,93.35,88.31,hydroquebec.com,false,""
2025-10-24T04:00:00.000000,Canada,Québec,CA-QC,26.94,60.42,93.39,88.05,hydroquebec.com,false,""
2025-10-24T05:00:00.000000,Canada,Québec,CA-QC,27.29,61.0,93.29,87.82,hydroquebec.com,false,""
2025-10-24T06:00:00.000000,Canada,Québec,CA-QC,27.89,61.88,93.13,87.52,hydroquebec.com,false,""
2025-10-24T07:00:00.000000,Canada,Québec,CA-QC,28.04,62.2,93.1,87.45,hydroquebec.com,false,""
2025-10-24T08:00:00.000000,Canada,Québec,CA-QC,27.42,61.51,93.24,87.68,hydroquebec.com,false,""
2025-10-24T09:00:00.000000,Canada,Québec,CA-QC,27.66,61.74,93.17,87.8,hydroquebec.com,false,""
2025-10-24T10:00:00.000000,Canada,Québec,CA-QC,27.46,61.37,93.19,88.54,hydroquebec.com,false,""
2025-10-24T11:00:00.000000,Canada,Québec,CA-QC,26.52,59.96,93.43,89.3,hydroquebec.com,false,""
2025-10-24T12:00:00.000000,Canada,Québec,CA-QC,26.63,59.97,93.46,89.42,hydroquebec.com,false,""
2025-10-24T13:00:00.000000,Canada,Québec,CA-QC,26.6,59.94,93.49,89.29,hydroquebec.com,false,""
2025-10-24T14:00:00.000000,Canada,Québec,CA-QC,26.06,59.25,93.66,89.13,hydroquebec.com,false,""
2025-10-24T15:00:00.000000,Canada,Québec,CA-QC,25.77,58.93,93.72,89.09,hydroquebec.com,false,""
2025-10-24T16:00:00.000000,Canada,Québec,CA-QC,26.36,59.65,93.59,88.82,hydroquebec.com,false,""
2025-10-24T17:00:00.000000,Canada,Québec,CA-QC,26.55,59.91,93.53,88.68,hydroquebec.com,false,""
2025-10-24T18:00:00.000000,Canada,Québec,CA-QC,27.8,61.47,93.25,88.42,hydroquebec.com,false,""
2025-10-24T19:00:00.000000,Canada,Québec,CA-QC,28.71,62.58,93.06,88.25,hydroquebec.com,false,""
2025-10-24T20:00:00.000000,Canada,Québec,CA-QC,28.54,62.4,93.08,88.47,hydroquebec.com,false,""
2025-10-24T21:00:00.000000,Canada,Québec,CA-QC,27.54,61.14,93.27,88.97,hydroquebec.com,false,""
2025-10-24T22:00:00.000000,Canada,Québec,CA-QC,25.49,58.54,93.75,89.78,hydroquebec.com,false,""
2025-10-24T23:00:00.000000,Canada,Québec,CA-QC,25.7,58.8,93.66,89.65,hydroquebec.com,false,""
2025-10-25T00:00:00.000000,Canada,Québec,CA-QC,27.04,60.52,93.34,89.14,hydroquebec.com,false,""
2025-10-25T01:00:00.000000,Canada,Québec,CA-QC,28.4,62.2,93.05,88.64,hydroquebec.com,false,""
2025-10-25T02:00:00.000000,Canada,Québec,CA-QC,30.42,64.62,92.62,87.72,hydroquebec.com,false,""
2025-10-25T03:00:00.000000,Canada,Québec,CA-QC,31.06,65.55,92.43,87.14,hydroquebec.com,false,""
2025-10-25T04:00:00.000000,Canada,Québec,CA-QC,29.2,63.49,92.82,87.44,hydroquebec.com,false,""
2025-10-25T05:00:00.000000,Canada,Québec,CA-QC,29.41,63.7,92.76,87.27,hydroquebec.com,false,""
2025-10-25T06:00:00.000000,Canada,Québec,CA-QC,29.77,64.1,92.64,87.07,hydroquebec.com,false,""
2025-10-25T07:00:00.000000,Canada,Québec,CA-QC,29.76,64.14,92.63,87.03,hydroquebec.com,false,""
2025-10-25T08:00:00.000000,Canada,Québec,CA-QC,29.75,64.12,92.63,87.07,hydroquebec.com,false,""
2025-10-25T09:00:00.000000,Canada,Québec,CA-QC,29.54,63.8,92.68,87.15,hydroquebec.com,false,""
2025-10-25T10:00:00.000000,Canada,Québec,CA-QC,31.56,66.13,92.22,86.71,hydroquebec.com,false,""
2025-10-25T11:00:00.000000,Canada,Québec,CA-QC,30.98,65.28,92.36,87.25,hydroquebec.com,false,""
2025-10-25T12:00:00.000000,Canada,Québec,CA-QC,29.61,63.41,92.73,87.92,hydroquebec.com,false,""
2025-10-25T13:00:00.000000,Canada,Québec,CA-QC,28.25,61.62,93.12,88.33,hydroquebec.com,false,""
2025-10-25T14:00:00.000000,Canada,Québec,CA-QC,27.48,60.62,93.31,88.48,hydroquebec.com,false,""
2025-10-25T15:00:00.000000,Canada,Québec,CA-QC,26.93,59.98,93.42,88.52,hydroquebec.com,false,""
2025-10-25T16:00:00.000000,Canada,Québec,CA-QC,27.53,60.75,93.26,88.3,hydroquebec.com,false,""
2025-10-25T17:00:00.000000,Canada,Québec,CA-QC,28.47,61.86,93.01,88.01,hydroquebec.com,false,""
2025-10-25T18:00:00.000000,Canada,Québec,CA-QC,29.37,62.89,92.85,87.71,hydroquebec.com,false,""
2025-10-25T19:00:00.000000,Canada,Québec,CA-QC,30.17,63.86,92.68,87.57,hydroquebec.com,false,""
2025-10-25T20:00:00.000000,Canada,Québec,CA-QC,29.99,63.73,92.71,87.86,hydroquebec.com,false,""
2025-10-25T21:00:00.000000,Canada,Québec,CA-QC,28.64,62.02,93.06,88.52,hydroquebec.com,false,""
2025-10-25T22:00:00.000000,Canada,Québec,CA-QC,27.85,61.0,93.25,88.9,hydroquebec.com,false,""
2025-10-25T23:00:00.000000,Canada,Québec,CA-QC,28.15,61.42,93.14,88.76,hydroquebec.com,false,""
2025-10-26T00:00:00.000000,Canada,Québec,CA-QC,29.06,62.57,92.91,88.34,hydroquebec.com,false,""
2025-10-26T01:00:00.000000,Canada,Québec,CA-QC,30.04,63.87,92.65,87.86,hydroquebec.com,false,""
2025-10-26T02:00:00.000000,Canada,Québec,CA-QC,31.26,65.41,92.35,87.23,hydroquebec.com,false,""
2025-10-26T03:00:00.000000,Canada,Québec,CA-QC,31.57,65.86,92.3,86.84,hydroquebec.com,false,""
2025-10-26T04:00:00.000000,Canada,Québec,CA-QC,29.7,63.81,92.69,87.33,hydroquebec.com,false,""
2025-10-26T05:00:00.000000,Canada,Québec,CA-QC,29.25,63.3,92.8,87.25,hydroquebec.com,false,""
2025-10-26T06:00:00.000000,Canada,Québec,CA-QC,29.91,64.19,92.65,86.93,hydroquebec.com,false,""
2025-10-26T07:00:00.000000,Canada,Québec,CA-QC,29.99,64.36,92.62,86.85,hydroquebec.com,false,""
2025-10-26T08:00:00.000000,Canada,Québec,CA-QC,29.57,63.84,92.72,86.96,hydroquebec.com,false,""
2025-10-26T09:00:00.000000,Canada,Québec,CA-QC,25.61,59.12,93.76,89.54,hydroquebec.com,false,""
2025-10-26T10:00:00.000000,Canada,Québec,CA-QC,27.03,60.64,93.46,89.33,hydroquebec.com,false,""
2025-10-26T11:00:00.000000,Canada,Québec,CA-QC,25.98,59.24,93.69,89.84,hydroquebec.com,false,""
2025-10-26T12:00:00.000000,Canada,Québec,CA-QC,25.02,57.93,93.96,90.34,hydroquebec.com,false,""
2025-10-26T13:00:00.000000,Canada,Québec,CA-QC,23.82,56.35,94.31,90.67,hydroquebec.com,false,""
2025-10-26T14:00:00.000000,Canada,Québec,CA-QC,23.38,55.85,94.44,90.59,hydroquebec.com,false,""
2025-10-26T15:00:00.000000,Canada,Québec,CA-QC,22.64,55.05,94.6,90.65,hydroquebec.com,false,""
2025-10-26T16:00:00.000000,Canada,Québec,CA-QC,23.31,55.96,94.42,90.46,hydroquebec.com,false,""
2025-10-26T17:00:00.000000,Canada,Québec,CA-QC,23.38,56.06,94.43,90.45,hydroquebec.com,false,""
2025-10-26T18:00:00.000000,Canada,Québec,CA-QC,24.01,56.82,94.28,90.28,hydroquebec.com,false,""
2025-10-26T19:00:00.000000,Canada,Québec,CA-QC,24.89,57.9,94.04,90.08,hydroquebec.com,false,""
2025-10-26T20:00:00.000000,Canada,Québec,CA-QC,25.04,58.04,93.99,90.33,hydroquebec.com,false,""
2025-10-26T21:00:00.000000,Canada,Québec,CA-QC,24.38,57.14,94.12,90.83,hydroquebec.com,false,""
2025-10-26T22:00:00.000000,Canada,Québec,CA-QC,23.24,55.63,94.37,91.39,hydroquebec.com,false,""
2025-10-26T23:00:00.000000,Canada,Québec,CA-QC,23.34,55.73,94.35,91.38,hydroquebec.com,false,""
2025-10-27T00:00:00.000000,Canada,Québec,CA-QC,24.78,57.58,94.01,90.83,hydroquebec.com,false,""
2025-10-27T01:00:00.000000,Canada,Québec,CA-QC,25.96,59.08,93.75,90.37,hydroquebec.com,false,""
2025-10-27T02:00:00.000000,Canada,Québec,CA-QC,26.07,59.25,93.74,90.09,hydroquebec.com,false,""
2025-10-27T03:00:00.000000,Canada,Québec,CA-QC,25.86,59.16,93.79,89.87,hydroquebec.com,false,""
2025-10-27T04:00:00.000000,Canada,Québec,CA-QC,24.05,57.21,94.16,90.3,hydroquebec.com,false,""
2025-10-27T05:00:00.000000,Canada,Québec,CA-QC,23.79,56.93,94.22,90.3,hydroquebec.com,false,""
2025-10-27T06:00:00.000000,Canada,Québec,CA-QC,23.6,56.7,94.28,90.26,hydroquebec.com,false,""
2025-10-27T07:00:00.000000,Canada,Québec,CA-QC,23.99,57.19,94.17,90.18,hydroquebec.com,false,""
2025-10-27T08:00:00.000000,Canada,Québec,CA-QC,24.11,57.29,94.11,90.26,hydroquebec.com,false,""
2025-10-27T09:00:00.000000,Canada,Québec,CA-QC,22.04,54.48,94.63,91.08,hydroquebec.com,false,""
2025-10-27T10:00:00.000000,Canada,Québec,CA-QC,22.73,55.01,94.46,91.31,hydroquebec.com,false,""
2025-10-27T11:00:00.000000,Canada,Québec,CA-QC,15.33,45.86,96.2,93.97,hydroquebec.com,false,""
2025-10-27T12:00:00.000000,Canada,Québec,CA-QC,19.89,51.24,95.23,92.69,hydroquebec.com,false,""
2025-10-27T13:00:00.000000,Canada,Québec,CA-QC,21.06,52.79,94.95,92.13,hydroquebec.com,false,""
2025-10-27T14:00:00.000000,Canada,Québec,CA-QC,22.07,54.25,94.66,91.55,hydroquebec.com,false,""
2025-10-27T15:00:00.000000,Canada,Québec,CA-QC,21.78,53.93,94.75,91.48,hydroquebec.com,false,""
2025-10-27T16:00:00.000000,Canada,Québec,CA-QC,22.06,54.29,94.71,91.28,hydroquebec.com,false,""
2025-10-27T17:00:00.000000,Canada,Québec,CA-QC,23.0,55.98,94.45,90.99,hydroquebec.com,false,""
2025-10-27T18:00:00.000000,Canada,Québec,CA-QC,23.2,56.62,94.4,90.92,hydroquebec.com,false,""
2025-10-27T19:00:00.000000,Canada,Québec,CA-QC,23.24,56.58,94.43,90.97,hydroquebec.com,false,""
2025-10-27T20:00:00.000000,Canada,Québec,CA-QC,21.67,54.55,94.82,91.89,hydroquebec.com,false,""
2025-10-27T21:00:00.000000,Canada,Québec,CA-QC,20.4,52.81,95.06,92.29,hydroquebec.com,false,""
2025-10-27T22:00:00.000000,Canada,Québec,CA-QC,19.33,51.36,95.3,92.73,hydroquebec.com,false,""
2025-10-27T23:00:00.000000,Canada,Québec,CA-QC,19.1,51.05,95.34,92.81,hydroquebec.com,false,""
2025-10-28T00:00:00.000000,Canada,Québec,CA-QC,20.85,53.23,94.94,92.16,hydroquebec.com,false,""
2025-10-28T01:00:00.000000,Canada,Québec,CA-QC,22.97,55.94,94.43,91.28,hydroquebec.com,false,""
2025-10-28T02:00:00.000000,Canada,Québec,CA-QC,23.86,57.15,94.22,90.7,hydroquebec.com,false,""
2025-10-28T03:00:00.000000,Canada,Québec,CA-QC,23.76,57.14,94.26,90.37,hydroquebec.com,false,""
2025-10-28T04:00:00.000000,Canada,Québec,CA-QC,21.63,54.68,94.78,90.88,hydroquebec.com,false,""
2025-10-28T05:00:00.000000,Canada,Québec,CA-QC,21.47,54.53,94.84,90.76,hydroquebec.com,false,""
2025-10-28T06:00:00.000000,Canada,Québec,CA-QC,21.38,54.51,94.85,90.77,hydroquebec.com,false,""
2025-10-28T07:00:00.000000,Canada,Québec,CA-QC,21.41,54.54,94.85,90.78,hydroquebec.com,false,""
2025-10-28T08:00:00.000000,Canada,Québec,CA-QC,22.14,55.44,94.65,90.68,hydroquebec.com,false,""
2025-10-28T09:00:00.000000,Canada,Québec,CA-QC,20.33,53.08,95.08,91.39,hydroquebec.com,false,""
2025-10-28T10:00:00.000000,Canada,Québec,CA-QC,22.01,54.94,94.66,91.35,hydroquebec.com,false,""
2025-10-28T11:00:00.000000,Canada,Québec,CA-QC,13.67,44.55,96.61,94.36,hydroquebec.com,false,""
2025-10-28T12:00:00.000000,Canada,Québec,CA-QC,18.99,50.75,95.41,92.7,hydroquebec.com,false,""
2025-10-28T13:00:00.000000,Canada,Québec,CA-QC,19.91,52.02,95.2,92.24,hydroquebec.com,false,""
2025-10-28T14:00:00.000000,Canada,Québec,CA-QC,21.71,54.41,94.74,91.48,hydroquebec.com,false,""
2025-10-28T15:00:00.000000,Canada,Québec,CA-QC,21.42,54.15,94.81,91.39,hydroquebec.com,false,""
2025-10-28T16:00:00.000000,Canada,Québec,CA-QC,21.38,54.23,94.83,91.27,hydroquebec.com,false,""
2025-10-28T17:00:00.000000,Canada,Québec,CA-QC,21.86,54.83,94.73,91.03,hydroquebec.com,false,""
2025-10-28T18:00:00.000000,Canada,Québec,CA-QC,21.36,54.16,94.86,91.18,hydroquebec.com,false,""
2025-10-28T19:00:00.000000,Canada,Québec,CA-QC,22.25,55.25,94.64,91.02,hydroquebec.com,false,""
2025-10-28T20:00:00.000000,Canada,Québec,CA-QC,21.82,54.61,94.76,91.36,hydroquebec.com,false,""
2025-10-28T21:00:00.000000,Canada,Québec,CA-QC,21.61,54.23,94.78,91.7,hydroquebec.com,false,""
2025-10-28T22:00:00.000000,Canada,Québec,CA-QC,21.64,54.08,94.73,91.84,hydroquebec.com,false,""
2025-10-28T23:00:00.000000,Canada,Québec,CA-QC,21.26,53.51,94.85,92.02,hydroquebec.com,false,""
2025-10-29T00:00:00.000000,Canada,Québec,CA-QC,22.04,54.55,94.66,91.72,hydroquebec.com,false,""
2025-10-29T01:00:00.000000,Canada,Québec,CA-QC,22.42,55.05,94.57,91.39,hydroquebec.com,false,""
2025-10-29T02:00:00.000000,Canada,Québec,CA-QC,22.27,54.94,94.58,91.12,hydroquebec.com,false,""
2025-10-29T03:00:00.000000,Canada,Québec,CA-QC,23.18,56.06,94.38,90.47,hydroquebec.com,false,""
2025-10-29T04:00:00.000000,Canada,Québec,CA-QC,20.56,52.91,95.03,91.11,hydroquebec.com,false,""
2025-10-29T05:00:00.000000,Canada,Québec,CA-QC,20.44,52.74,95.09,91.0,hydroquebec.com,false,""
2025-10-29T06:00:00.000000,Canada,Québec,CA-QC,20.8,53.17,95.02,90.91,hydroquebec.com,false,""
2025-10-29T07:00:00.000000,Canada,Québec,CA-QC,21.17,53.65,94.89,90.83,hydroquebec.com,false,""
2025-10-29T08:00:00.000000,Canada,Québec,CA-QC,21.76,54.36,94.72,90.78,hydroquebec.com,false,""
2025-10-29T09:00:00.000000,Canada,Québec,CA-QC,20.81,53.12,94.94,91.39,hydroquebec.com,false,""
2025-10-29T10:00:00.000000,Canada,Québec,CA-QC,22.44,54.86,94.54,91.3,hydroquebec.com,false,""
2025-10-29T11:00:00.000000,Canada,Québec,CA-QC,20.55,52.34,95.0,92.23,hydroquebec.com,false,""
2025-10-29T12:00:00.000000,Canada,Québec,CA-QC,20.18,51.81,95.15,92.45,hydroquebec.com,false,""
2025-10-29T13:00:00.000000,Canada,Québec,CA-QC,20.84,52.87,94.98,92.15,hydroquebec.com,false,""
2025-10-29T14:00:00.000000,Canada,Québec,CA-QC,22.75,55.56,94.48,91.31,hydroquebec.com,false,""
2025-10-29T15:00:00.000000,Canada,Québec,CA-QC,23.31,56.51,94.33,91.03,hydroquebec.com,false,""
2025-10-29T16:00:00.000000,Canada,Québec,CA-QC,24.54,58.14,94.04,90.62,hydroquebec.com,false,""
2025-10-29T17:00:00.000000,Canada,Québec,CA-QC,24.62,58.3,94.02,90.5,hydroquebec.com,false,""
2025-10-29T18:00:00.000000,Canada,Québec,CA-QC,24.9,58.76,93.96,90.34,hydroquebec.com,false,""
2025-10-29T19:00:00.000000,Canada,Québec,CA-QC,25.66,59.71,93.79,90.12,hydroquebec.com,false,""
2025-10-29T20:00:00.000000,Canada,Québec,CA-QC,24.38,58.0,94.17,90.83,hydroquebec.com,false,""
2025-10-29T21:00:00.000000,Canada,Québec,CA-QC,22.03,54.9,94.71,91.74,hydroquebec.com,false,""
2025-10-29T22:00:00.000000,Canada,Québec,CA-QC,21.77,54.45,94.7,91.92,hydroquebec.com,false,""
2025-10-29T23:00:00.000000,Canada,Québec,CA-QC,21.57,54.07,94.74,91.99,hydroquebec.com,false,""
2025-10-30T00:00:00.000000,Canada,Québec,CA-QC,22.35,54.91,94.57,91.62,hydroquebec.com,false,""
2025-10-30T01:00:00.000000,Canada,Québec,CA-QC,22.78,55.39,94.49,91.34,hydroquebec.com,false,""
2025-10-30T02:00:00.000000,Canada,Québec,CA-QC,23.65,56.47,94.29,90.8,hydroquebec.com,false,""
2025-10-30T03:00:00.000000,Canada,Québec,CA-QC,25.23,58.52,93.9,89.98,hydroquebec.com,false,""
2025-10-30T04:00:00.000000,Canada,Québec,CA-QC,23.4,56.36,94.31,90.34,hydroquebec.com,false,""
2025-10-30T05:00:00.000000,Canada,Québec,CA-QC,23.43,56.32,94.31,90.2,hydroquebec.com,false,""
2025-10-30T06:00:00.000000,Canada,Québec,CA-QC,23.3,56.13,94.34,90.19,hydroquebec.com,false,""
2025-10-30T07:00:00.000000,Canada,Québec,CA-QC,23.13,55.94,94.39,90.22,hydroquebec.com,false,""
2025-10-30T08:00:00.000000,Canada,Québec,CA-QC,23.07,55.91,94.41,90.34,hydroquebec.com,false,""
2025-10-30T09:00:00.000000,Canada,Québec,CA-QC,22.7,55.4,94.5,90.7,hydroquebec.com,false,""
2025-10-30T10:00:00.000000,Canada,Québec,CA-QC,23.13,55.85,94.39,91.21,hydroquebec.com,false,""
2025-10-30T11:00:00.000000,Canada,Québec,CA-QC,21.75,53.99,94.72,91.78,hydroquebec.com,false,""
2025-10-30T12:00:00.000000,Canada,Québec,CA-QC,21.06,53.08,94.91,92.08,hydroquebec.com,false,""
2025-10-30T13:00:00.000000,Canada,Québec,CA-QC,21.64,53.81,94.77,91.91,hydroquebec.com,false,""
2025-10-30T14:00:00.000000,Canada,Québec,CA-QC,21.8,54.05,94.73,91.9,hydroquebec.com,false,""
2025-10-30T15:00:00.000000,Canada,Québec,CA-QC,21.79,54.03,94.73,91.88,hydroquebec.com,false,""
2025-10-30T16:00:00.000000,Canada,Québec,CA-QC,21.48,53.7,94.76,91.92,hydroquebec.com,false,""
2025-10-30T17:00:00.000000,Canada,Québec,CA-QC,21.61,53.79,94.77,91.9,hydroquebec.com,false,""
2025-10-30T18:00:00.000000,Canada,Québec,CA-QC,23.38,55.79,94.41,91.33,hydroquebec.com,false,""
2025-10-30T19:00:00.000000,Canada,Québec,CA-QC,21.81,53.9,94.75,91.8,hydroquebec.com,false,""
2025-10-30T20:00:00.000000,Canada,Québec,CA-QC,21.14,53.0,94.88,92.03,hydroquebec.com,false,""
2025-10-30T21:00:00.000000,Canada,Québec,CA-QC,19.09,50.29,95.4,92.81,hydroquebec.com,false,""
2025-10-30T22:00:00.000000,Canada,Québec,CA-QC,19.21,50.33,95.35,92.81,hydroquebec.com,false,""
2025-10-30T23:00:00.000000,Canada,Québec,CA-QC,19.59,50.8,95.25,92.65,hydroquebec.com,false,""
2025-10-31T00:00:00.000000,Canada,Québec,CA-QC,20.49,51.9,95.04,92.31,hydroquebec.com,false,""
2025-10-31T01:00:00.000000,Canada,Québec,CA-QC,21.19,52.7,94.86,91.89,hydroquebec.com,false,""
2025-10-31T02:00:00.000000,Canada,Québec,CA-QC,21.49,53.01,94.82,91.41,hydroquebec.com,false,""
2025-10-31T03:00:00.000000,Canada,Québec,CA-QC,22.31,54.08,94.64,90.91,hydroquebec.com,false,""
2025-10-31T04:00:00.000000,Canada,Québec,CA-QC,22.93,54.89,94.5,90.38,hydroquebec.com,false,""
2025-10-31T05:00:00.000000,Canada,Québec,CA-QC,23.43,55.59,94.38,90.1,hydroquebec.com,false,""
2025-10-31T06:00:00.000000,Canada,Québec,CA-QC,22.63,54.57,94.59,90.14,hydroquebec.com,false,""
2025-10-31T07:00:00.000000,Canada,Québec,CA-QC,22.56,54.39,94.61,90.03,hydroquebec.com,false,""
2025-10-31T08:00:00.000000,Canada,Québec,CA-QC,22.36,54.05,94.63,90.12,hydroquebec.com,false,""
2025-10-31T09:00:00.000000,Canada,Québec,CA-QC,22.89,54.57,94.48,90.21,hydroquebec.com,false,""
2025-10-31T10:00:00.000000,Canada,Québec,CA-QC,21.63,52.89,94.77,91.01,hydroquebec.com,false,""
2025-10-31T11:00:00.000000,Canada,Québec,CA-QC,20.18,50.94,95.1,91.93,hydroquebec.com,false,""
2025-10-31T12:00:00.000000,Canada,Québec,CA-QC,19.64,50.09,95.25,92.2,hydroquebec.com,false,""
2025-10-31T13:00:00.000000,Canada,Québec,CA-QC,19.13,49.38,95.4,92.34,hydroquebec.com,false,""
2025-10-31T14:00:00.000000,Canada,Québec,CA-QC,18.89,49.01,95.44,92.25,hydroquebec.com,false,""
2025-10-31T15:00:00.000000,Canada,Québec,CA-QC,18.35,48.25,95.57,92.32,hydroquebec.com,false,""
2025-10-31T16:00:00.000000,Canada,Québec,CA-QC,18.04,47.86,95.64,92.33,hydroquebec.com,false,""
2025-10-31T17:00:00.000000,Canada,Québec,CA-QC,18.67,48.78,95.48,92.1,hydroquebec.com,false,""
2025-10-31T18:00:00.000000,Canada,Québec,CA-QC,18.7,48.93,95.48,92.09,hydroquebec.com,false,""
2025-10-31T19:00:00.000000,Canada,Québec,CA-QC,18.54,48.72,95.54,92.24,hydroquebec.com,false,""
2025-10-31T20:00:00.000000,Canada,Québec,CA-QC,18.0,48.0,95.66,92.57,hydroquebec.com,false,""
2025-10-31T21:00:00.000000,Canada,Québec,CA-QC,18.47,48.62,95.53,92.55,hydroquebec.com,false,""
2025-10-31T22:00:00.000000,Canada,Québec,CA-QC,18.41,48.82,95.53,92.58,hydroquebec.com,false,""
2025-10-31T23:00:00.000000,Canada,Québec,CA-QC,18.61,49.31,95.49,92.44,hydroquebec.com,false,""
2025-11-01T00:00:00.000000,Canada,Québec,CA-QC,21.97,53.61,94.74,91.28,hydroquebec.com,false,""
2025-11-01T01:00:00.000000,Canada,Québec,CA-QC,20.98,52.78,94.94,91.42,hydroquebec.com,false,""
2025-11-01T02:00:00.000000,Canada,Québec,CA-QC,20.75,52.65,95.02,91.34,hydroquebec.com,false,""
2025-11-01T03:00:00.000000,Canada,Québec,CA-QC,20.91,52.86,95.01,91.11,hydroquebec.com,false,""
2025-11-01T04:00:00.000000,Canada,Québec,CA-QC,19.8,51.57,95.3,91.66,hydroquebec.com,false,""
2025-11-01T05:00:00.000000,Canada,Québec,CA-QC,19.88,51.6,95.29,91.48,hydroquebec.com,false,""
2025-11-01T06:00:00.000000,Canada,Québec,CA-QC,19.92,51.58,95.28,91.34,hydroquebec.com,false,""
2025-11-01T07:00:00.000000,Canada,Québec,CA-QC,20.06,51.61,95.23,91.19,hydroquebec.com,false,""
2025-11-01T08:00:00.000000,Canada,Québec,CA-QC,20.21,51.59,95.18,91.24,hydroquebec.com,false,""
2025-11-01T09:00:00.000000,Canada,Québec,CA-QC,20.0,51.08,95.26,91.49,hydroquebec.com,false,""
2025-11-01T10:00:00.000000,Canada,Québec,CA-QC,19.84,50.79,95.25,91.87,hydroquebec.com,false,""
2025-11-01T11:00:00.000000,Canada,Québec,CA-QC,18.97,49.59,95.44,92.51,hydroquebec.com,false,""
2025-11-01T12:00:00.000000,Canada,Québec,CA-QC,20.28,51.0,95.09,91.52,hydroquebec.com,false,""
2025-11-01T13:00:00.000000,Canada,Québec,CA-QC,19.75,50.33,95.23,91.55,hydroquebec.com,false,""
2025-11-01T14:00:00.000000,Canada,Québec,CA-QC,18.94,49.27,95.45,91.61,hydroquebec.com,false,""
2025-11-01T15:00:00.000000,Canada,Québec,CA-QC,18.38,48.54,95.6,91.65,hydroquebec.com,false,""
2025-11-01T16:00:00.000000,Canada,Québec,CA-QC,17.89,47.93,95.71,91.71,hydroquebec.com,false,""
2025-11-01T17:00:00.000000,Canada,Québec,CA-QC,17.63,47.72,95.79,91.84,hydroquebec.com,false,""
2025-11-01T18:00:00.000000,Canada,Québec,CA-QC,18.29,48.61,95.65,91.67,hydroquebec.com,false,""
2025-11-01T19:00:00.000000,Canada,Québec,CA-QC,19.48,50.17,95.36,91.53,hydroquebec.com,false,""
2025-11-01T20:00:00.000000,Canada,Québec,CA-QC,18.95,49.6,95.5,92.42,hydroquebec.com,false,""
2025-11-01T21:00:00.000000,Canada,Québec,CA-QC,19.32,50.02,95.35,92.22,hydroquebec.com,false,""
2025-11-01T22:00:00.000000,Canada,Québec,CA-QC,19.78,50.62,95.25,92.22,hydroquebec.com,false,""
2025-11-01T23:00:00.000000,Canada,Québec,CA-QC,19.94,50.86,95.22,92.12,hydroquebec.com,false,""
2025-11-02T00:00:00.000000,Canada,Québec,CA-QC,20.62,51.77,95.05,91.78,hydroquebec.com,false,""
2025-11-02T01:00:00.000000,Canada,Québec,CA-QC,20.57,51.89,95.07,91.68,hydroquebec.com,false,""
2025-11-02T02:00:00.000000,Canada,Québec,CA-QC,22.13,54.03,94.67,90.99,hydroquebec.com,false,""
2025-11-02T03:00:00.000000,Canada,Québec,CA-QC,24.78,57.47,94.04,89.91,hydroquebec.com,false,""
2025-11-02T04:00:00.000000,Canada,Québec,CA-QC,25.08,58.13,93.92,89.61,hydroquebec.com,false,""
2025-11-02T05:00:00.000000,Canada,Québec,CA-QC,36.32,71.08,91.71,85.86,Electricity Maps Estimation,true,ESTIMATED_TIME_SLICER_AVERAGE
2025-11-02T06:00:00.000000,Canada,Québec,CA-QC,29.93,63.78,93.0,87.8,Electricity Maps Estimation,true,ESTIMATED_TIME_SLICER_AVERAGE
2025-11-02T07:00:00.000000,Canada,Québec,CA-QC,23.88,56.82,94.24,89.65,Electricity Maps Estimation; hydroquebec.com,false,""
2025-11-02T08:00:00.000000,Canada,Québec,CA-QC,23.84,56.84,94.23,89.64,hydroquebec.com,false,""
2025-11-02T09:00:00.000000,Canada,Québec,CA-QC,23.96,56.97,94.22,89.6,hydroquebec.com,false,""
2025-11-02T10:00:00.000000,Canada,Québec,CA-QC,23.03,55.89,94.41,90.1,hydroquebec.com,false,""
2025-11-02T11:00:00.000000,Canada,Québec,CA-QC,23.72,56.69,94.25,90.12,hydroquebec.com,false,""
2025-11-02T12:00:00.000000,Canada,Québec,CA-QC,22.61,55.25,94.55,90.58,hydroquebec.com,false,""
2025-11-02T13:00:00.000000,Canada,Québec,CA-QC,20.53,52.53,95.08,91.11,hydroquebec.com,false,""
2025-11-02T14:00:00.000000,Canada,Québec,CA-QC,19.82,51.59,95.25,91.25,hydroquebec.com,false,""
2025-11-02T15:00:00.000000,Canada,Québec,CA-QC,19.37,51.1,95.35,91.2,hydroquebec.com,false,""
2025-11-02T16:00:00.000000,Canada,Québec,CA-QC,19.89,51.78,95.23,90.97,hydroquebec.com,false,""
2025-11-02T17:00:00.000000,Canada,Québec,CA-QC,20.09,52.06,95.18,90.87,hydroquebec.com,false,""
2025-11-02T18:00:00.000000,Canada,Québec,CA-QC,20.68,52.77,95.07,90.69,hydroquebec.com,false,""
2025-11-02T19:00:00.000000,Canada,Québec,CA-QC,22.34,54.8,94.67,90.28,hydroquebec.com,false,""
2025-11-02T20:00:00.000000,Canada,Québec,CA-QC,24.62,57.65,94.06,90.0,hydroquebec.com,false,""
2025-11-02T21:00:00.000000,Canada,Québec,CA-QC,27.07,60.66,93.35,88.99,hydroquebec.com,false,""
2025-11-02T22:00:00.000000,Canada,Québec,CA-QC,25.95,59.33,93.64,89.74,hydroquebec.com,false,""
2025-11-02T23:00:00.000000,Canada,Québec,CA-QC,25.05,58.19,93.83,89.97,hydroquebec.com,false,""
2025-11-03T00:00:00.000000,Canada,Québec,CA-QC,21.87,54.25,94.66,90.98,hydroquebec.com,false,""
2025-11-03T01:00:00.000000,Canada,Québec,CA-QC,21.8,54.29,94.69,91.0,hydroquebec.com,false,""
2025-11-03T02:00:00.000000,Canada,Québec,CA-QC,23.01,55.9,94.4,90.58,hydroquebec.com,false,""
2025-11-03T03:00:00.000000,Canada,Québec,CA-QC,23.96,57.08,94.13,89.68,hydroquebec.com,false,""
2025-11-03T04:00:00.000000,Canada,Québec,CA-QC,22.57,55.26,94.49,89.54,hydroquebec.com,false,""
2025-11-03T05:00:00.000000,Canada,Québec,CA-QC,24.21,57.28,94.09,88.54,hydroquebec.com,false,""
2025-11-03T06:00:00.000000,Canada,Québec,CA-QC,24.23,57.22,94.1,88.38,hydroquebec.com,false,""
2025-11-03T07:00:00.000000,Canada,Québec,CA-QC,23.36,56.03,94.33,88.56,hydroquebec.com,false,""
2025-11-03T08:00:00.000000,Canada,Québec,CA-QC,22.89,55.36,94.46,88.66,hydroquebec.com,false,""
2025-11-03T09:00:00.000000,Canada,Québec,CA-QC,22.69,55.12,94.45,88.86,hydroquebec.com,false,""
2025-11-03T10:00:00.000000,Canada,Québec,CA-QC,20.88,52.79,94.88,89.94,hydroquebec.com,false,""
2025-11-03T11:00:00.000000,Canada,Québec,CA-QC,19.99,51.48,95.08,90.81,hydroquebec.com,false,""
2025-11-03T12:00:00.000000,Canada,Québec,CA-QC,19.99,51.34,95.06,91.28,hydroquebec.com,false,""
2025-11-03T13:00:00.000000,Canada,Québec,CA-QC,19.58,50.79,95.19,91.51,hydroquebec.com,false,""
2025-11-03T14:00:00.000000,Canada,Québec,CA-QC,20.01,51.31,95.11,91.27,hydroquebec.com,false,""
2025-11-03T15:00:00.000000,Canada,Québec,CA-QC,22.0,53.67,94.67,90.55,hydroquebec.com,false,""
2025-11-03T16:00:00.000000,Canada,Québec,CA-QC,21.45,53.06,94.75,90.8,hydroquebec.com,false,""
2025-11-03T17:00:00.000000,Canada,Québec,CA-QC,23.12,54.99,94.38,90.28,hydroquebec.com,false,""
2025-11-03T18:00:00.000000,Canada,Québec,CA-QC,21.26,53.3,94.82,91.26,hydroquebec.com,false,""
2025-11-03T19:00:00.000000,Canada,Québec,CA-QC,20.46,52.64,95.02,91.54,hydroquebec.com,false,""
2025-11-03T20:00:00.000000,Canada,Québec,CA-QC,18.8,50.38,95.41,91.86,hydroquebec.com,false,""
2025-11-03T21:00:00.000000,Canada,Québec,CA-QC,19.67,51.2,95.18,91.57,hydroquebec.com,false,""
2025-11-03T22:00:00.000000,Canada,Québec,CA-QC,19.94,51.34,95.09,91.62,hydroquebec.com,false,""
2025-11-03T23:00:00.000000,Canada,Québec,CA-QC,19.03,50.21,95.32,92.03,hydroquebec.com,false,""
2025-11-04T00:00:00.000000,Canada,Québec,CA-QC,18.91,50.25,95.34,92.0,hydroquebec.com,false,""
2025-11-04T01:00:00.000000,Canada,Québec,CA-QC,20.77,52.68,94.94,91.25,hydroquebec.com,false,""
2025-11-04T02:00:00.000000,Canada,Québec,CA-QC,19.04,50.91,95.32,91.56,hydroquebec.com,false,""
2025-11-04T03:00:00.000000,Canada,Québec,CA-QC,19.59,51.76,95.2,90.88,hydroquebec.com,false,""
2025-11-04T04:00:00.000000,Canada,Québec,CA-QC,19.36,51.75,95.27,90.42,hydroquebec.com,false,""
2025-11-04T05:00:00.000000,Canada,Québec,CA-QC,19.75,52.51,95.2,89.89,hydroquebec.com,false,""
2025-11-04T06:00:00.000000,Canada,Québec,CA-QC,20.08,53.18,95.11,89.55,hydroquebec.com,false,""
2025-11-04T07:00:00.000000,Canada,Québec,CA-QC,20.72,54.04,94.94,89.25,hydroquebec.com,false,""
2025-11-04T08:00:00.000000,Canada,Québec,CA-QC,21.24,54.54,94.82,89.19,hydroquebec.com,false,""
2025-11-04T09:00:00.000000,Canada,Québec,CA-QC,21.12,54.18,94.85,89.27,hydroquebec.com,false,""
2025-11-04T10:00:00.000000,Canada,Québec,CA-QC,18.77,51.14,95.37,90.42,hydroquebec.com,false,""
2025-11-04T11:00:00.000000,Canada,Québec,CA-QC,20.48,52.91,94.93,90.58,hydroquebec.com,false,""
2025-11-04T12:00:00.000000,Canada,Québec,CA-QC,19.89,51.96,95.06,91.15,hydroquebec.com,false,""
2025-11-04T13:00:00.000000,Canada,Québec,CA-QC,18.66,50.13,95.43,91.36,hydroquebec.com,false,""
2025-11-04T14:00:00.000000,Canada,Québec,CA-QC,17.86,48.91,95.66,91.23,hydroquebec.com,false,""
2025-11-04T15:00:00.000000,Canada,Québec,CA-QC,17.41,48.16,95.83,91.21,hydroquebec.com,false,""
2025-11-04T16:00:00.000000,Canada,Québec,CA-QC,18.26,49.04,95.64,90.79,hydroquebec.com,false,""
2025-11-04T17:00:00.000000,Canada,Québec,CA-QC,18.65,49.45,95.53,90.7,hydroquebec.com,false,""
2025-11-04T18:00:00.000000,Canada,Québec,CA-QC,18.88,49.75,95.41,90.66,hydroquebec.com,false,""
2025-11-04T19:00:00.000000,Canada,Québec,CA-QC,19.4,50.43,95.3,90.79,hydroquebec.com,false,""
2025-11-04T20:00:00.000000,Canada,Québec,CA-QC,18.36,49.26,95.51,91.38,hydroquebec.com,false,""
2025-11-04T21:00:00.000000,Canada,Québec,CA-QC,19.11,50.11,95.35,91.74,hydroquebec.com,false,""
2025-11-04T22:00:00.000000,Canada,Québec,CA-QC,19.2,50.17,95.31,92.24,hydroquebec.com,false,""
2025-11-04T23:00:00.000000,Canada,Québec,CA-QC,19.73,50.78,95.18,92.09,hydroquebec.com,false,""
2025-11-05T00:00:00.000000,Canada,Québec,CA-QC,20.89,52.3,94.89,91.65,hydroquebec.com,false,""
2025-11-05T01:00:00.000000,Canada,Québec,CA-QC,20.07,51.34,95.13,91.96,hydroquebec.com,false,""
2025-11-05T02:00:00.000000,Canada,Québec,CA-QC,19.48,50.63,95.32,92.32,hydroquebec.com,false,""
2025-11-05T03:00:00.000000,Canada,Québec,CA-QC,22.68,54.52,94.54,90.35,hydroquebec.com,false,""
2025-11-05T04:00:00.000000,Canada,Québec,CA-QC,23.08,55.25,94.38,89.57,hydroquebec.com,false,""
2025-11-05T05:00:00.000000,Canada,Québec,CA-QC,22.45,54.52,94.56,89.52,hydroquebec.com,false,""
2025-11-05T06:00:00.000000,Canada,Québec,CA-QC,22.26,54.37,94.61,89.44,hydroquebec.com,false,""
2025-11-05T07:00:00.000000,Canada,Québec,CA-QC,22.23,54.45,94.6,89.34,hydroquebec.com,false,""
2025-11-05T08:00:00.000000,Canada,Québec,CA-QC,21.48,53.52,94.77,89.51,hydroquebec.com,false,""
2025-11-05T09:00:00.000000,Canada,Québec,CA-QC,21.01,52.91,94.88,89.77,hydroquebec.com,false,""
2025-11-05T10:00:00.000000,Canada,Québec,CA-QC,18.86,50.4,95.32,90.86,hydroquebec.com,false,""
2025-11-05T11:00:00.000000,Canada,Québec,CA-QC,20.88,52.66,94.85,90.79,hydroquebec.com,false,""
2025-11-05T12:00:00.000000,Canada,Québec,CA-QC,20.74,52.28,94.91,91.14,hydroquebec.com,false,""
2025-11-05T13:00:00.000000,Canada,Québec,CA-QC,21.18,52.83,94.85,90.93,hydroquebec.com,false,""
2025-11-05T14:00:00.000000,Canada,Québec,CA-QC,20.85,52.62,94.94,90.92,hydroquebec.com,false,""
2025-11-05T15:00:00.000000,Canada,Québec,CA-QC,21.08,53.15,94.9,90.94,hydroquebec.com,false,""
2025-11-05T16:00:00.000000,Canada,Québec,CA-QC,21.04,53.14,94.92,90.89,hydroquebec.com,false,""
2025-11-05T17:00:00.000000,Canada,Québec,CA-QC,20.21,52.12,95.14,91.26,hydroquebec.com,false,""
2025-11-05T18:00:00.000000,Canada,Québec,CA-QC,18.16,49.85,95.55,92.21,hydroquebec.com,false,""
2025-11-05T19:00:00.000000,Canada,Québec,CA-QC,16.58,48.0,95.91,92.78,hydroquebec.com,false,""
2025-11-05T20:00:00.000000,Canada,Québec,CA-QC,19.58,51.58,95.27,91.78,hydroquebec.com,false,""
2025-11-05T21:00:00.000000,Canada,Québec,CA-QC,19.01,51.07,95.42,92.4,hydroquebec.com,false,""
2025-11-05T22:00:00.000000,Canada,Québec,CA-QC,18.82,50.74,95.41,92.16,hydroquebec.com,false,""
2025-11-05T23:00:00.000000,Canada,Québec,CA-QC,16.94,48.53,95.84,92.74,hydroquebec.com,false,""
2025-11-06T00:00:00.000000,Canada,Québec,CA-QC,19.42,51.53,95.26,91.73,hydroquebec.com,false,""
2025-11-06T01:00:00.000000,Canada,Québec,CA-QC,18.73,50.95,95.4,91.82,hydroquebec.com,false,""
2025-11-06T02:00:00.000000,Canada,Québec,CA-QC,24.15,57.76,94.08,89.73,hydroquebec.com,false,""
2025-11-06T03:00:00.000000,Canada,Québec,CA-QC,24.06,57.85,94.1,89.4,hydroquebec.com,false,""
2025-11-06T04:00:00.000000,Canada,Québec,CA-QC,23.87,57.82,94.16,88.99,hydroquebec.com,false,""
2025-11-06T05:00:00.000000,Canada,Québec,CA-QC,22.76,56.71,94.43,89.36,hydroquebec.com,false,""
2025-11-06T06:00:00.000000,Canada,Québec,CA-QC,22.54,56.41,94.46,88.98,hydroquebec.com,false,""
2025-11-06T07:00:00.000000,Canada,Québec,CA-QC,23.07,57.09,94.37,88.74,hydroquebec.com,false,""
2025-11-06T08:00:00.000000,Canada,Québec,CA-QC,22.99,56.95,94.38,88.61,hydroquebec.com,false,""
2025-11-06T09:00:00.000000,Canada,Québec,CA-QC,23.29,57.13,94.34,88.7,hydroquebec.com,false,""
2025-11-06T10:00:00.000000,Canada,Québec,CA-QC,25.35,59.48,93.79,88.43,hydroquebec.com,false,""
2025-11-06T11:00:00.000000,Canada,Québec,CA-QC,25.99,60.13,93.56,89.04,hydroquebec.com,false,""
2025-11-06T12:00:00.000000,Canada,Québec,CA-QC,24.34,57.69,93.98,89.98,hydroquebec.com,false,""
2025-11-06T13:00:00.000000,Canada,Québec,CA-QC,22.69,55.51,94.45,90.52,hydroquebec.com,false,""
2025-11-06T14:00:00.000000,Canada,Québec,CA-QC,22.93,55.7,94.41,90.09,hydroquebec.com,false,""
2025-11-06T15:00:00.000000,Canada,Québec,CA-QC,23.01,55.76,94.39,89.97,hydroquebec.com,false,""
2025-11-06T16:00:00.000000,Canada,Québec,CA-QC,20.3,52.53,94.98,90.67,hydroquebec.com,false,""
2025-11-06T17:00:00.000000,Canada,Québec,CA-QC,24.27,57.27,94.06,89.3,hydroquebec.com,false,""
2025-11-06T18:00:00.000000,Canada,Québec,CA-QC,25.46,58.79,93.79,89.02,hydroquebec.com,false,""
2025-11-06T19:00:00.000000,Canada,Québec,CA-QC,26.74,60.52,93.51,89.18,hydroquebec.com,false,""
2025-11-06T20:00:00.000000,Canada,Québec,CA-QC,26.46,59.98,93.58,89.32,hydroquebec.com,false,""
2025-11-06T21:00:00.000000,Canada,Québec,CA-QC,22.24,54.81,94.49,91.01,hydroquebec.com,false,""
2025-11-06T22:00:00.000000,Canada,Québec,CA-QC,23.34,55.8,94.3,91.05,hydroquebec.com,false,""
2025-11-06T23:00:00.000000,Canada,Québec,CA-QC,23.4,55.78,94.29,91.23,hydroquebec.com,false,""
2025-11-07T00:00:00.000000,Canada,Québec,CA-QC,24.23,56.78,94.1,90.94,hydroquebec.com,false,""
2025-11-07T01:00:00.000000,Canada,Québec,CA-QC,23.79,56.26,94.2,90.72,hydroquebec.com,false,""
2025-11-07T02:00:00.000000,Canada,Québec,CA-QC,25.85,58.82,93.67,89.6,hydroquebec.com,false,""
2025-11-07T03:00:00.000000,Canada,Québec,CA-QC,25.47,58.41,93.75,89.3,hydroquebec.com,false,""
2025-11-07T04:00:00.000000,Canada,Québec,CA-QC,25.41,58.38,93.8,89.04,hydroquebec.com,false,""
2025-11-07T05:00:00.000000,Canada,Québec,CA-QC,25.86,59.06,93.66,88.76,hydroquebec.com,false,""
2025-11-07T06:00:00.000000,Canada,Québec,CA-QC,26.14,59.36,93.58,88.4,hydroquebec.com,false,""
2025-11-07T07:00:00.000000,Canada,Québec,CA-QC,25.11,58.08,93.84,88.56,hydroquebec.com,false,""
2025-11-07T08:00:00.000000,Canada,Québec,CA-QC,24.31,57.19,94.02,88.84,hydroquebec.com,false,""
2025-11-07T09:00:00.000000,Canada,Québec,CA-QC,24.33,57.19,94.03,89.01,hydroquebec.com,false,""
2025-11-07T10:00:00.000000,Canada,Québec,CA-QC,22.48,54.97,94.47,89.85,hydroquebec.com,false,""
2025-11-07T11:00:00.000000,Canada,Québec,CA-QC,21.86,54.24,94.59,90.56,hydroquebec.com,false,""
2025-11-07T12:00:00.000000,Canada,Québec,CA-QC,21.67,53.96,94.64,90.94,hydroquebec.com,false,""
2025-11-07T13:00:00.000000,Canada,Québec,CA-QC,21.01,53.09,94.84,91.16,hydroquebec.com,false,""
2025-11-07T14:00:00.000000,Canada,Québec,CA-QC,20.98,53.15,94.88,91.19,hydroquebec.com,false,""
2025-11-07T15:00:00.000000,Canada,Québec,CA-QC,20.2,52.37,95.07,91.49,hydroquebec.com,false,""
2025-11-07T16:00:00.000000,Canada,Québec,CA-QC,20.68,52.98,94.97,91.24,hydroquebec.com,false,""
2025-11-07T17:00:00.000000,Canada,Québec,CA-QC,20.15,52.38,95.14,91.55,hydroquebec.com,false,""
2025-11-07T18:00:00.000000,Canada,Québec,CA-QC,21.23,53.79,94.92,91.22,hydroquebec.com,false,""
2025-11-07T19:00:00.000000,Canada,Québec,CA-QC,23.29,56.32,94.43,90.62,hydroquebec.com,false,""
2025-11-07T20:00:00.000000,Canada,Québec,CA-QC,22.22,55.16,94.58,91.04,hydroquebec.com,false,""
2025-11-07T21:00:00.000000,Canada,Québec,CA-QC,20.53,53.06,94.94,91.61,hydroquebec.com,false,""
2025-11-07T22:00:00.000000,Canada,Québec,CA-QC,19.93,52.22,95.09,92.02,hydroquebec.com,false,""
2025-11-07T23:00:00.000000,Canada,Québec,CA-QC,19.42,51.63,95.24,92.42,hydroquebec.com,false,""
2025-11-08T00:00:00.000000,Canada,Québec,CA-QC,18.72,50.73,95.39,92.05,hydroquebec.com,false,""
2025-11-08T01:00:00.000000,Canada,Québec,CA-QC,20.45,52.85,95.06,91.42,hydroquebec.com,false,""
2025-11-08T02:00:00.000000,Canada,Québec,CA-QC,22.06,54.89,94.79,90.79,hydroquebec.com,false,""
2025-11-08T03:00:00.000000,Canada,Québec,CA-QC,22.13,55.09,94.7,90.24,hydroquebec.com,false,""
2025-11-08T04:00:00.000000,Canada,Québec,CA-QC,22.27,55.35,94.56,89.65,hydroquebec.com,false,""
2025-11-08T05:00:00.000000,Canada,Québec,CA-QC,22.46,55.46,94.56,89.2,hydroquebec.com,false,""
2025-11-08T06:00:00.000000,Canada,Québec,CA-QC,23.48,56.67,94.31,88.51,hydroquebec.com,false,""
2025-11-08T07:00:00.000000,Canada,Québec,CA-QC,23.89,57.16,94.22,88.19,hydroquebec.com,false,""
2025-11-08T08:00:00.000000,Canada,Québec,CA-QC,24.56,57.96,94.05,87.87,hydroquebec.com,false,""
2025-11-08T09:00:00.000000,Canada,Québec,CA-QC,24.69,57.98,94.05,87.91,hydroquebec.com,false,""
2025-11-08T10:00:00.000000,Canada,Québec,CA-QC,25.07,58.33,93.95,88.07,hydroquebec.com,false,""
2025-11-08T11:00:00.000000,Canada,Québec,CA-QC,25.08,58.37,93.94,88.59,hydroquebec.com,false,""
2025-11-08T12:00:00.000000,Canada,Québec,CA-QC,24.43,57.57,94.09,89.15,hydroquebec.com,false,""
2025-11-08T13:00:00.000000,Canada,Québec,CA-QC,24.81,58.01,94.0,89.14,hydroquebec.com,false,""
2025-11-08T14:00:00.000000,Canada,Québec,CA-QC,25.19,58.57,93.89,88.89,hydroquebec.com,false,""
2025-11-08T15:00:00.000000,Canada,Québec,CA-QC,25.45,59.01,93.82,88.72,hydroquebec.com,false,""
2025-11-08T16:00:00.000000,Canada,Québec,CA-QC,24.96,58.45,93.95,88.74,hydroquebec.com,false,""
2025-11-08T17:00:00.000000,Canada,Québec,CA-QC,24.43,57.8,94.11,88.84,hydroquebec.com,false,""
2025-11-08T18:00:00.000000,Canada,Québec,CA-QC,23.88,57.21,94.27,89.5,hydroquebec.com,false,""
2025-11-08T19:00:00.000000,Canada,Québec,CA-QC,25.13,58.75,93.98,89.5,hydroquebec.com,false,""
2025-11-08T20:00:00.000000,Canada,Québec,CA-QC,26.65,60.48,93.61,89.3,hydroquebec.com,false,""
2025-11-08T21:00:00.000000,Canada,Québec,CA-QC,25.74,59.25,93.79,89.91,hydroquebec.com,false,""
2025-11-08T22:00:00.000000,Canada,Québec,CA-QC,23.55,56.39,94.3,90.71,hydroquebec.com,false,""
2025-11-08T23:00:00.000000,Canada,Québec,CA-QC,23.46,56.27,94.34,90.7,hydroquebec.com,false,""
2025-11-09T00:00:00.000000,Canada,Québec,CA-QC,25.06,58.36,93.98,90.22,hydroquebec.com,false,""
2025-11-09T01:00:00.000000,Canada,Québec,CA-QC,26.0,59.67,93.73,89.74,hydroquebec.com,false,""
2025-11-09T02:00:00.000000,Canada,Québec,CA-QC,24.93,58.53,94.0,89.69,hydroquebec.com,false,""
2025-11-09T03:00:00.000000,Canada,Québec,CA-QC,26.08,60.12,93.72,88.87,hydroquebec.com,false,""
2025-11-09T04:00:00.000000,Canada,Québec,CA-QC,27.36,61.79,93.41,88.0,hydroquebec.com,false,""
2025-11-09T05:00:00.000000,Canada,Québec,CA-QC,27.81,62.5,93.27,87.45,hydroquebec.com,false,""
2025-11-09T06:00:00.000000,Canada,Québec,CA-QC,27.41,62.07,93.36,87.34,hydroquebec.com,false,""
2025-11-09T07:00:00.000000,Canada,Québec,CA-QC,26.53,60.97,93.59,87.64,hydroquebec.com,false,""
2025-11-09T08:00:00.000000,Canada,Québec,CA-QC,26.02,60.38,93.72,87.76,hydroquebec.com,false,""
2025-11-09T09:00:00.000000,Canada,Québec,CA-QC,23.6,57.4,94.34,88.69,hydroquebec.com,false,""
2025-11-09T10:00:00.000000,Canada,Québec,CA-QC,23.0,56.65,94.49,88.93,hydroquebec.com,false,""
2025-11-09T11:00:00.000000,Canada,Québec,CA-QC,24.13,58.06,94.18,88.77,hydroquebec.com,false,""
2025-11-09T12:00:00.000000,Canada,Québec,CA-QC,23.36,57.08,94.37,89.53,hydroquebec.com,false,""
2025-11-09T13:00:00.000000,Canada,Québec,CA-QC,22.0,55.36,94.68,90.23,hydroquebec.com,false,""
2025-11-09T14:00:00.000000,Canada,Québec,CA-QC,20.93,54.08,94.95,90.89,hydroquebec.com,false,""
2025-11-09T15:00:00.000000,Canada,Québec,CA-QC,20.17,53.09,95.19,91.28,hydroquebec.com,false,""
2025-11-09T16:00:00.000000,Canada,Québec,CA-QC,20.21,53.16,95.15,91.35,hydroquebec.com,false,""
2025-11-09T17:00:00.000000,Canada,Québec,CA-QC,20.21,53.2,95.12,91.52,hydroquebec.com,false,""
2025-11-09T18:00:00.000000,Canada,Québec,CA-QC,20.36,53.35,95.11,91.53,hydroquebec.com,false,""
2025-11-09T19:00:00.000000,Canada,Québec,CA-QC,19.86,52.72,95.21,91.73,hydroquebec.com,false,""
2025-11-09T20:00:00.000000,Canada,Québec,CA-QC,20.71,53.58,95.01,91.44,hydroquebec.com,false,""
2025-11-09T21:00:00.000000,Canada,Québec,CA-QC,20.9,53.66,94.94,91.4,hydroquebec.com,false,""
2025-11-09T22:00:00.000000,Canada,Québec,CA-QC,19.69,52.04,95.25,92.08,hydroquebec.com,false,""
2025-11-09T23:00:00.000000,Canada,Québec,CA-QC,19.05,51.11,95.42,92.19,hydroquebec.com,false,""
2025-11-10T00:00:00.000000,Canada,Québec,CA-QC,20.26,52.68,95.12,91.73,hydroquebec.com,false,""
2025-11-10T01:00:00.000000,Canada,Québec,CA-QC,19.54,51.95,95.29,91.93,hydroquebec.com,false,""
2025-11-10T02:00:00.000000,Canada,Québec,CA-QC,21.86,54.8,94.78,90.99,hydroquebec.com,false,""
2025-11-10T03:00:00.000000,Canada,Québec,CA-QC,23.81,57.19,94.3,89.77,hydroquebec.com,false,""
2025-11-10T04:00:00.000000,Canada,Québec,CA-QC,24.05,57.6,94.22,89.41,hydroquebec.com,false,""
2025-11-10T05:00:00.000000,Canada,Québec,CA-QC,14.67,45.74,96.57,92.67,hydroquebec.com,false,""
2025-11-10T06:00:00.000000,Canada,Québec,CA-QC,13.81,44.38,96.81,92.89,hydroquebec.com,false,""
2025-11-10T07:00:00.000000,Canada,Québec,CA-QC,13.83,44.23,96.79,92.72,hydroquebec.com,false,""
2025-11-10T08:00:00.000000,Canada,Québec,CA-QC,14.0,44.35,96.76,92.85,hydroquebec.com,false,""
2025-11-10T09:00:00.000000,Canada,Québec,CA-QC,9.87,39.43,97.74,95.03,hydroquebec.com,false,""
2025-11-10T10:00:00.000000,Canada,Québec,CA-QC,9.53,38.82,97.83,95.28,hydroquebec.com,false,""
2025-11-10T11:00:00.000000,Canada,Québec,CA-QC,8.67,37.78,98.0,96.1,hydroquebec.com,false,""
2025-11-10T12:00:00.000000,Canada,Québec,CA-QC,8.74,37.92,97.96,96.35,hydroquebec.com,false,""
2025-11-10T13:00:00.000000,Canada,Québec,CA-QC,9.78,39.14,97.78,96.18,hydroquebec.com,false,""
2025-11-10T14:00:00.000000,Canada,Québec,CA-QC,10.28,39.81,97.67,95.9,hydroquebec.com,false,""
2025-11-10T15:00:00.000000,Canada,Québec,CA-QC,9.75,39.33,97.77,96.05,hydroquebec.com,false,""
2025-11-10T16:00:00.000000,Canada,Québec,CA-QC,10.11,39.78,97.74,96.17,hydroquebec.com,false,""
2025-11-10T17:00:00.000000,Canada,Québec,CA-QC,10.0,39.7,97.76,96.26,hydroquebec.com,false,""
2025-11-10T18:00:00.000000,Canada,Québec,CA-QC,11.12,41.09,97.55,96.38,hydroquebec.com,false,""
2025-11-10T19:00:00.000000,Canada,Québec,CA-QC,10.86,40.8,97.61,96.38,hydroquebec.com,false,""
2025-11-10T20:00:00.000000,Canada,Québec,CA-QC,10.95,40.92,97.6,96.54,hydroquebec.com,false,""
2025-11-10T21:00:00.000000,Canada,Québec,CA-QC,10.31,40.13,97.72,96.85,hydroquebec.com,false,""
2025-11-10T22:00:00.000000,Canada,Québec,CA-QC,9.8,39.42,97.82,97.03,hydroquebec.com,false,""
2025-11-10T23:00:00.000000,Canada,Québec,CA-QC,9.53,39.06,97.87,97.11,hydroquebec.com,false,""
2025-11-11T00:00:00.000000,Canada,Québec,CA-QC,10.05,39.64,97.75,96.89,hydroquebec.com,false,""
2025-11-11T01:00:00.000000,Canada,Québec,CA-QC,10.19,39.79,97.73,96.77,hydroquebec.com,false,""
2025-11-11T02:00:00.000000,Canada,Québec,CA-QC,9.37,38.75,97.85,96.4,hydroquebec.com,false,""
2025-11-11T03:00:00.000000,Canada,Québec,CA-QC,9.89,39.43,97.72,95.88,hydroquebec.com,false,""
2025-11-11T04:00:00.000000,Canada,Québec,CA-QC,9.35,38.9,97.81,95.53,hydroquebec.com,false,""
2025-11-11T05:00:00.000000,Canada,Québec,CA-QC,8.84,38.32,97.94,95.65,hydroquebec.com,false,""
2025-11-11T06:00:00.000000,Canada,Québec,CA-QC,8.48,37.86,98.03,95.68,hydroquebec.com,false,""
2025-11-11T07:00:00.000000,Canada,Québec,CA-QC,8.25,37.61,98.09,95.72,hydroquebec.com,false,""
2025-11-11T08:00:00.000000,Canada,Québec,CA-QC,7.45,36.65,98.27,95.89,hydroquebec.com,false,""
2025-11-11T09:00:00.000000,Canada,Québec,CA-QC,7.11,36.19,98.34,96.12,hydroquebec.com,false,""
2025-11-11T10:00:00.000000,Canada,Québec,CA-QC,7.56,36.63,98.22,95.91,hydroquebec.com,false,""
2025-11-11T11:00:00.000000,Canada,Québec,CA-QC,7.38,36.4,98.28,96.67,hydroquebec.com,false,""
2025-11-11T12:00:00.000000,Canada,Québec,CA-QC,8.12,37.15,98.12,96.73,hydroquebec.com,false,""
2025-11-11T13:00:00.000000,Canada,Québec,CA-QC,10.48,39.84,97.61,95.63,hydroquebec.com,false,""
2025-11-11T14:00:00.000000,Canada,Québec,CA-QC,9.24,38.55,97.91,96.43,hydroquebec.com,false,""
2025-11-11T15:00:00.000000,Canada,Québec,CA-QC,11.03,40.65,97.49,95.65,hydroquebec.com,false,""
2025-11-11T16:00:00.000000,Canada,Québec,CA-QC,11.32,40.99,97.46,95.63,hydroquebec.com,false,""
2025-11-11T17:00:00.000000,Canada,Québec,CA-QC,11.27,40.92,97.45,95.51,hydroquebec.com,false,""
2025-11-11T18:00:00.000000,Canada,Québec,CA-QC,10.23,39.69,97.62,95.23,hydroquebec.com,false,""
2025-11-11T19:00:00.000000,Canada,Québec,CA-QC,11.19,40.92,97.42,95.1,hydroquebec.com,false,""
2025-11-11T20:00:00.000000,Canada,Québec,CA-QC,11.81,41.71,97.3,95.32,hydroquebec.com,false,""
2025-11-11T21:00:00.000000,Canada,Québec,CA-QC,11.44,41.3,97.43,95.77,hydroquebec.com,false,""
2025-11-11T22:00:00.000000,Canada,Québec,CA-QC,9.82,39.31,97.76,96.34,hydroquebec.com,false,""
2025-11-11T23:00:00.000000,Canada,Québec,CA-QC,11.06,40.55,97.44,95.6,hydroquebec.com,false,""
2025-11-12T00:00:00.000000,Canada,Québec,CA-QC,10.4,39.73,97.61,96.06,hydroquebec.com,false,""
2025-11-12T01:00:00.000000,Canada,Québec,CA-QC,10.78,40.08,97.52,95.7,hydroquebec.com,false,""
2025-11-12T02:00:00.000000,Canada,Québec,CA-QC,10.54,39.73,97.6,95.83,hydroquebec.com,false,""
2025-11-12T03:00:00.000000,Canada,Québec,CA-QC,7.87,36.43,98.18,96.11,hydroquebec.com,false,""
2025-11-12T04:00:00.000000,Canada,Québec,CA-QC,6.26,34.61,98.54,96.66,hydroquebec.com,false,""
2025-11-12T05:00:00.000000,Canada,Québec,CA-QC,7.68,36.33,98.21,95.52,hydroquebec.com,false,""
2025-11-12T06:00:00.000000,Canada,Québec,CA-QC,15.96,46.76,96.19,92.23,hydroquebec.com,false,""
2025-11-12T07:00:00.000000,Canada,Québec,CA-QC,15.13,45.94,96.33,92.34,hydroquebec.com,false,""
2025-11-12T08:00:00.000000,Canada,Québec,CA-QC,17.02,48.15,95.9,91.74,hydroquebec.com,false,""
2025-11-12T09:00:00.000000,Canada,Québec,CA-QC,16.73,47.84,95.98,91.89,hydroquebec.com,false,""
2025-11-12T10:00:00.000000,Canada,Québec,CA-QC,16.3,47.36,96.1,92.51,hydroquebec.com,false,""
2025-11-12T11:00:00.000000,Canada,Québec,CA-QC,16.23,47.19,96.05,92.71,hydroquebec.com,false,""
2025-11-12T12:00:00.000000,Canada,Québec,CA-QC,16.85,47.81,95.92,92.95,hydroquebec.com,false,""
2025-11-12T13:00:00.000000,Canada,Québec,CA-QC,17.35,48.36,95.86,92.99,hydroquebec.com,false,""
2025-11-12T14:00:00.000000,Canada,Québec,CA-QC,17.04,48.11,95.95,93.26,hydroquebec.com,false,""
2025-11-12T15:00:00.000000,Canada,Québec,CA-QC,17.5,48.71,95.82,92.88,hydroquebec.com,false,""
2025-11-12T16:00:00.000000,Canada,Québec,CA-QC,16.97,48.17,95.95,93.05,hydroquebec.com,false,""
2025-11-12T17:00:00.000000,Canada,Québec,CA-QC,18.33,49.83,95.63,92.44,hydroquebec.com,false,""
2025-11-12T18:00:00.000000,Canada,Québec,CA-QC,20.5,52.47,95.15,91.78,hydroquebec.com,false,""
2025-11-12T19:00:00.000000,Canada,Québec,CA-QC,18.96,50.63,95.45,91.96,hydroquebec.com,false,""
2025-11-12T20:00:00.000000,Canada,Québec,CA-QC,19.38,51.23,95.35,91.9,hydroquebec.com,false,""
2025-11-12T21:00:00.000000,Canada,Québec,CA-QC,20.7,52.92,94.98,91.53,hydroquebec.com,false,""
2025-11-12T22:00:00.000000,Canada,Québec,CA-QC,20.25,52.4,95.1,92.14,hydroquebec.com,false,""
2025-11-12T23:00:00.000000,Canada,Québec,CA-QC,15.58,46.7,96.22,93.46,hydroquebec.com,false,""
2025-11-13T00:00:00.000000,Canada,Québec,CA-QC,18.5,50.46,95.55,92.66,hydroquebec.com,false,""
2025-11-13T01:00:00.000000,Canada,Québec,CA-QC,18.22,50.31,95.65,92.7,hydroquebec.com,false,""
2025-11-13T02:00:00.000000,Canada,Québec,CA-QC,18.47,50.76,95.55,91.95,hydroquebec.com,false,""
2025-11-13T03:00:00.000000,Canada,Québec,CA-QC,20.33,53.26,95.13,91.08,hydroquebec.com,false,""
2025-11-13T04:00:00.000000,Canada,Québec,CA-QC,20.5,53.69,95.1,90.79,hydroquebec.com,false,""
2025-11-13T05:00:00.000000,Canada,Québec,CA-QC,18.95,52.05,95.41,91.02,hydroquebec.com,false,""
2025-11-13T06:00:00.000000,Canada,Québec,CA-QC,17.93,50.96,95.65,91.2,hydroquebec.com,false,""
2025-11-13T07:00:00.000000,Canada,Québec,CA-QC,18.2,51.45,95.57,91.09,hydroquebec.com,false,""
2025-11-13T08:00:00.000000,Canada,Québec,CA-QC,18.89,52.25,95.43,90.81,hydroquebec.com,false,""
2025-11-13T09:00:00.000000,Canada,Québec,CA-QC,19.13,52.44,95.38,90.54,hydroquebec.com,false,""
2025-11-13T10:00:00.000000,Canada,Québec,CA-QC,17.58,50.62,95.69,91.38,hydroquebec.com,false,""
2025-11-13T11:00:00.000000,Canada,Québec,CA-QC,19.78,53.05,95.2,91.53,hydroquebec.com,false,""
2025-11-13T12:00:00.000000,Canada,Québec,CA-QC,17.65,50.23,95.71,92.53,hydroquebec.com,false,""
2025-11-13T13:00:00.000000,Canada,Québec,CA-QC,18.76,51.4,95.5,92.35,hydroquebec.com,false,""
2025-11-13T14:00:00.000000,Canada,Québec,CA-QC,19.57,52.42,95.3,91.84,hydroquebec.com,false,""
2025-11-13T15:00:00.000000,Canada,Québec,CA-QC,18.93,51.75,95.43,91.87,hydroquebec.com,false,""
2025-11-13T16:00:00.000000,Canada,Québec,CA-QC,21.06,54.34,94.89,90.88,hydroquebec.com,false,""
2025-11-13T17:00:00.000000,Canada,Québec,CA-QC,21.43,54.83,94.82,90.72,hydroquebec.com,false,""
2025-11-13T18:00:00.000000,Canada,Québec,CA-QC,19.81,52.97,95.17,91.2,hydroquebec.com,false,""
2025-11-13T19:00:00.000000,Canada,Québec,CA-QC,21.6,55.07,94.8,90.91,hydroquebec.com,false,""
2025-11-13T20:00:00.000000,Canada,Québec,CA-QC,23.15,56.92,94.45,90.63,hydroquebec.com,false,""
2025-11-13T21:00:00.000000,Canada,Québec,CA-QC,23.36,57.16,94.37,90.77,hydroquebec.com,false,""
2025-11-13T22:00:00.000000,Canada,Québec,CA-QC,20.57,53.71,95.07,92.3,hydroquebec.com,false,""
2025-11-13T23:00:00.000000,Canada,Québec,CA-QC,19.68,52.5,95.24,92.19,hydroquebec.com,false,""
2025-11-14T00:00:00.000000,Canada,Québec,CA-QC,19.12,51.9,95.39,92.56,hydroquebec.com,false,""
2025-11-14T01:00:00.000000,Canada,Québec,CA-QC,21.52,54.99,94.84,92.29,hydroquebec.com,false,""
2025-11-14T02:00:00.000000,Canada,Québec,CA-QC,23.71,57.75,94.31,91.13,hydroquebec.com,false,""
2025-11-14T03:00:00.000000,Canada,Québec,CA-QC,23.31,57.35,94.42,90.89,hydroquebec.com,false,""
2025-11-14T04:00:00.000000,Canada,Québec,CA-QC,24.05,58.14,94.33,90.06,hydroquebec.com,false,""
2025-11-14T05:00:00.000000,Canada,Québec,CA-QC,21.2,54.89,94.93,90.64,hydroquebec.com,false,""
2025-11-14T06:00:00.000000,Canada,Québec,CA-QC,21.68,55.54,94.76,90.16,hydroquebec.com,false,""
2025-11-14T07:00:00.000000,Canada,Québec,CA-QC,22.2,56.26,94.64,89.94,hydroquebec.com,false,""
2025-11-14T08:00:00.000000,Canada,Québec,CA-QC,22.62,56.84,94.49,89.8,hydroquebec.com,false,""
2025-11-14T09:00:00.000000,Canada,Québec,CA-QC,22.83,57.0,94.42,89.84,hydroquebec.com,false,""
2025-11-14T10:00:00.000000,Canada,Québec,CA-QC,22.27,56.19,94.56,90.31,hydroquebec.com,false,""
2025-11-14T11:00:00.000000,Canada,Québec,CA-QC,22.94,56.68,94.42,90.49,hydroquebec.com,false,""
2025-11-14T12:00:00.000000,Canada,Québec,CA-QC,21.81,55.11,94.68,91.05,hydroquebec.com,false,""
2025-11-14T13:00:00.000000,Canada,Québec,CA-QC,20.87,53.91,94.95,91.5,hydroquebec.com,false,""
2025-11-14T14:00:00.000000,Canada,Québec,CA-QC,21.54,54.77,94.79,91.2,hydroquebec.com,false,""
2025-11-14T15:00:00.000000,Canada,Québec,CA-QC,22.38,55.83,94.59,90.68,hydroquebec.com,false,""
2025-11-14T16:00:00.000000,Canada,Québec,CA-QC,20.56,53.67,95.0,91.12,hydroquebec.com,false,""
2025-11-14T17:00:00.000000,Canada,Québec,CA-QC,22.65,56.08,94.56,90.68,hydroquebec.com,false,""
2025-11-14T18:00:00.000000,Canada,Québec,CA-QC,12.32,43.32,97.17,95.08,hydroquebec.com,false,""
2025-11-14T19:00:00.000000,Canada,Québec,CA-QC,20.33,53.08,95.17,92.18,hydroquebec.com,false,""
2025-11-14T20:00:00.000000,Canada,Québec,CA-QC,24.43,58.06,94.12,90.3,hydroquebec.com,false,""
2025-11-14T21:00:00.000000,Canada,Québec,CA-QC,22.68,55.93,94.55,91.36,hydroquebec.com,false,""
2025-11-14T22:00:00.000000,Canada,Québec,CA-QC,22.62,55.67,94.63,91.57,hydroquebec.com,false,""
2025-11-14T23:00:00.000000,Canada,Québec,CA-QC,21.84,54.56,94.79,91.44,hydroquebec.com,false,""
2025-11-15T00:00:00.000000,Canada,Québec,CA-QC,23.04,56.01,94.49,90.91,hydroquebec.com,false,""
2025-11-15T01:00:00.000000,Canada,Québec,CA-QC,24.19,57.54,94.18,90.46,hydroquebec.com,false,""
2025-11-15T02:00:00.000000,Canada,Québec,CA-QC,24.89,58.4,94.02,90.03,hydroquebec.com,false,""
2025-11-15T03:00:00.000000,Canada,Québec,CA-QC,24.35,57.79,94.16,89.91,hydroquebec.com,false,""
2025-11-15T04:00:00.000000,Canada,Québec,CA-QC,25.07,58.75,93.99,89.36,hydroquebec.com,false,""
2025-11-15T05:00:00.000000,Canada,Québec,CA-QC,25.29,59.04,93.97,88.9,hydroquebec.com,false,""
2025-11-15T06:00:00.000000,Canada,Québec,CA-QC,25.59,59.43,93.92,88.66,hydroquebec.com,false,""
2025-11-15T07:00:00.000000,Canada,Québec,CA-QC,24.67,58.34,94.1,88.77,hydroquebec.com,false,""
2025-11-15T08:00:00.000000,Canada,Québec,CA-QC,23.82,57.22,94.28,89.05,hydroquebec.com,false,""
2025-11-15T09:00:00.000000,Canada,Québec,CA-QC,23.55,56.74,94.37,89.19,hydroquebec.com,false,""
2025-11-15T10:00:00.000000,Canada,Québec,CA-QC,23.01,56.01,94.46,89.42,hydroquebec.com,false,""
2025-11-15T11:00:00.000000,Canada,Québec,CA-QC,21.95,54.61,94.69,90.0,hydroquebec.com,false,""
2025-11-15T12:00:00.000000,Canada,Québec,CA-QC,20.89,53.19,94.95,90.56,hydroquebec.com,false,""
2025-11-15T13:00:00.000000,Canada,Québec,CA-QC,19.2,51.05,95.41,91.16,hydroquebec.com,false,""
2025-11-15T14:00:00.000000,Canada,Québec,CA-QC,20.2,52.39,95.18,90.92,hydroquebec.com,false,""
2025-11-15T15:00:00.000000,Canada,Québec,CA-QC,19.99,52.25,95.23,90.85,hydroquebec.com,false,""
2025-11-15T16:00:00.000000,Canada,Québec,CA-QC,19.96,52.33,95.23,90.91,hydroquebec.com,false,""
2025-11-15T17:00:00.000000,Canada,Québec,CA-QC,20.16,52.71,95.17,91.15,hydroquebec.com,false,""
2025-11-15T18:00:00.000000,Canada,Québec,CA-QC,20.52,53.32,95.05,91.24,hydroquebec.com,false,""
2025-11-15T19:00:00.000000,Canada,Québec,CA-QC,21.44,54.35,94.85,91.03,hydroquebec.com,false,""
2025-11-15T20:00:00.000000,Canada,Québec,CA-QC,21.78,54.75,94.78,91.22,hydroquebec.com,false,""
2025-11-15T21:00:00.000000,Canada,Québec,CA-QC,20.89,53.6,94.97,91.77,hydroquebec.com,false,""
2025-11-15T22:00:00.000000,Canada,Québec,CA-QC,19.01,51.12,95.42,92.14,hydroquebec.com,false,""
2025-11-15T23:00:00.000000,Canada,Québec,CA-QC,18.89,51.09,95.43,92.01,hydroquebec.com,false,""
2025-11-16T00:00:00.000000,Canada,Québec,CA-QC,20.5,53.23,95.06,91.32,hydroquebec.com,false,""
2025-11-16T01:00:00.000000,Canada,Québec,CA-QC,20.29,53.19,95.08,91.01,hydroquebec.com,false,""
2025-11-16T02:00:00.000000,Canada,Québec,CA-QC,21.19,54.47,94.86,90.6,hydroquebec.com,false,""
2025-11-16T03:00:00.000000,Canada,Québec,CA-QC,20.99,54.25,94.94,90.37,hydroquebec.com,false,""
2025-11-16T04:00:00.000000,Canada,Québec,CA-QC,17.54,50.26,95.73,91.26,hydroquebec.com,false,""
2025-11-16T05:00:00.000000,Canada,Québec,CA-QC,10.55,42.01,97.31,93.41,hydroquebec.com,false,""
2025-11-16T06:00:00.000000,Canada,Québec,CA-QC,10.13,41.45,97.42,93.41,hydroquebec.com,false,""
2025-11-16T07:00:00.000000,Canada,Québec,CA-QC,9.13,40.2,97.68,93.73,hydroquebec.com,false,""
2025-11-16T08:00:00.000000,Canada,Québec,CA-QC,9.38,40.52,97.61,93.71,hydroquebec.com,false,""
2025-11-16T09:00:00.000000,Canada,Québec,CA-QC,10.06,41.33,97.43,93.44,hydroquebec.com,false,""
2025-11-16T10:00:00.000000,Canada,Québec,CA-QC,9.5,40.5,97.61,93.68,hydroquebec.com,false,""
2025-11-16T11:00:00.000000,Canada,Québec,CA-QC,9.31,40.17,97.65,93.92,hydroquebec.com,false,""
2025-11-16T12:00:00.000000,Canada,Québec,CA-QC,9.2,39.92,97.67,94.12,hydroquebec.com,false,""
2025-11-16T13:00:00.000000,Canada,Québec,CA-QC,9.11,39.66,97.72,94.32,hydroquebec.com,false,""
2025-11-16T14:00:00.000000,Canada,Québec,CA-QC,8.35,38.67,97.9,94.54,hydroquebec.com,false,""
2025-11-16T15:00:00.000000,Canada,Québec,CA-QC,8.36,38.65,97.89,94.59,hydroquebec.com,false,""
2025-11-16T16:00:00.000000,Canada,Québec,CA-QC,8.94,39.34,97.74,94.46,hydroquebec.com,false,""
2025-11-16T17:00:00.000000,Canada,Québec,CA-QC,9.13,39.58,97.69,94.41,hydroquebec.com,false,""
2025-11-16T18:00:00.000000,Canada,Québec,CA-QC,9.44,39.89,97.63,94.38,hydroquebec.com,false,""
2025-11-16T19:00:00.000000,Canada,Québec,CA-QC,9.8,40.29,97.52,94.37,hydroquebec.com,false,""
2025-11-16T20:00:00.000000,Canada,Québec,CA-QC,10.11,40.6,97.41,94.41,hydroquebec.com,false,""
2025-11-16T21:00:00.000000,Canada,Québec,CA-QC,10.52,41.03,97.3,94.55,hydroquebec.com,false,""
2025-11-16T22:00:00.000000,Canada,Québec,CA-QC,10.42,40.74,97.32,94.75,hydroquebec.com,false,""
2025-11-16T23:00:00.000000,Canada,Québec,CA-QC,10.83,41.18,97.21,94.55,hydroquebec.com,false,""
2025-11-17T00:00:00.000000,Canada,Québec,CA-QC,11.13,41.66,97.13,94.52,hydroquebec.com,false,""
2025-11-17T01:00:00.000000,Canada,Québec,CA-QC,11.23,41.78,97.11,94.4,hydroquebec.com,false,""
2025-11-17T02:00:00.000000,Canada,Québec,CA-QC,11.33,41.9,97.08,94.15,hydroquebec.com,false,""
2025-11-17T03:00:00.000000,Canada,Québec,CA-QC,11.53,42.15,97.03,93.75,hydroquebec.com,false,""
2025-11-17T04:00:00.000000,Canada,Québec,CA-QC,11.23,41.84,97.12,93.55,hydroquebec.com,false,""
2025-11-17T05:00:00.000000,Canada,Québec,CA-QC,10.67,41.18,97.27,93.6,hydroquebec.com,false,""
2025-11-17T06:00:00.000000,Canada,Québec,CA-QC,10.38,40.76,97.35,93.55,hydroquebec.com,false,""
2025-11-17T07:00:00.000000,Canada,Québec,CA-QC,10.26,40.56,97.39,93.53,hydroquebec.com,false,""
2025-11-17T08:00:00.000000,Canada,Québec,CA-QC,10.22,40.46,97.39,93.6,hydroquebec.com,false,""
2025-11-17T09:00:00.000000,Canada,Québec,CA-QC,10.77,41.08,97.24,93.5,hydroquebec.com,false,""
2025-11-17T10:00:00.000000,Canada,Québec,CA-QC,11.13,41.46,97.14,93.58,hydroquebec.com,false,""
2025-11-17T11:00:00.000000,Canada,Québec,CA-QC,11.49,41.75,97.03,93.87,hydroquebec.com,false,""
2025-11-17T12:00:00.000000,Canada,Québec,CA-QC,11.16,41.23,97.12,94.32,hydroquebec.com,false,""
2025-11-17T13:00:00.000000,Canada,Québec,CA-QC,10.88,40.86,97.21,94.45,hydroquebec.com,false,""
2025-11-17T14:00:00.000000,Canada,Québec,CA-QC,11.01,41.17,97.17,94.46,hydroquebec.com,false,""
2025-11-17T15:00:00.000000,Canada,Québec,CA-QC,11.3,41.63,97.09,94.33,hydroquebec.com,false,""
2025-11-17T16:00:00.000000,Canada,Québec,CA-QC,10.98,41.3,97.18,94.43,hydroquebec.com,false,""
2025-11-17T17:00:00.000000,Canada,Québec,CA-QC,11.07,41.48,97.16,94.5,hydroquebec.com,false,""
2025-11-17T18:00:00.000000,Canada,Québec,CA-QC,10.6,40.79,97.28,94.6,hydroquebec.com,false,""
2025-11-17T19:00:00.000000,Canada,Québec,CA-QC,12.46,43.03,96.8,94.01,hydroquebec.com,false,""
2025-11-17T20:00:00.000000,Canada,Québec,CA-QC,13.23,43.86,96.61,93.78,hydroquebec.com,false,""
2025-11-17T21:00:00.000000,Canada,Québec,CA-QC,11.95,42.15,96.92,94.22,hydroquebec.com,false,""
2025-11-17T22:00:00.000000,Canada,Québec,CA-QC,10.13,39.89,97.4,95.48,hydroquebec.com,false,""
2025-11-17T23:00:00.000000,Canada,Québec,CA-QC,11.69,41.69,97.02,94.79,hydroquebec.com,false,""
2025-11-18T00:00:00.000000,Canada,Québec,CA-QC,12.32,42.48,96.86,94.29,hydroquebec.com,false,""
2025-11-18T01:00:00.000000,Canada,Québec,CA-QC,13.4,44.05,96.58,94.08,hydroquebec.com,false,""
2025-11-18T02:00:00.000000,Canada,Québec,CA-QC,13.66,44.51,96.52,93.97,hydroquebec.com,false,""
2025-11-18T03:00:00.000000,Canada,Québec,CA-QC,11.97,42.61,96.96,94.83,hydroquebec.com,false,""
2025-11-18T04:00:00.000000,Canada,Québec,CA-QC,13.8,44.79,96.52,93.37,hydroquebec.com,false,""
2025-11-18T05:00:00.000000,Canada,Québec,CA-QC,14.15,45.21,96.43,92.71,hydroquebec.com,false,""
2025-11-18T06:00:00.000000,Canada,Québec,CA-QC,14.04,45.13,96.45,92.63,hydroquebec.com,false,""
2025-11-18T07:00:00.000000,Canada,Québec,CA-QC,13.84,44.91,96.49,92.78,hydroquebec.com,false,""
2025-11-18T08:00:00.000000,Canada,Québec,CA-QC,13.89,44.92,96.5,92.82,hydroquebec.com,false,""
2025-11-18T09:00:00.000000,Canada,Québec,CA-QC,14.42,45.49,96.39,92.64,hydroquebec.com,false,""
2025-11-18T10:00:00.000000,Canada,Québec,CA-QC,14.25,45.2,96.45,92.93,hydroquebec.com,false,""
2025-11-18T11:00:00.000000,Canada,Québec,CA-QC,13.46,44.17,96.62,93.63,hydroquebec.com,false,""
2025-11-18T12:00:00.000000,Canada,Québec,CA-QC,11.12,41.23,97.18,94.88,hydroquebec.com,false,""
2025-11-18T13:00:00.000000,Canada,Québec,CA-QC,10.44,40.38,97.38,95.23,hydroquebec.com,false,""
2025-11-18T14:00:00.000000,Canada,Québec,CA-QC,11.99,42.42,97.01,94.7,hydroquebec.com,false,""
2025-11-18T15:00:00.000000,Canada,Québec,CA-QC,13.9,44.85,96.52,93.48,hydroquebec.com,false,""
2025-11-18T16:00:00.000000,Canada,Québec,CA-QC,15.01,46.33,96.27,92.98,hydroquebec.com,false,""
2025-11-18T17:00:00.000000,Canada,Québec,CA-QC,15.88,47.27,96.17,92.81,hydroquebec.com,false,""
2025-11-18T18:00:00.000000,Canada,Québec,CA-QC,16.02,47.29,96.16,92.81,hydroquebec.com,false,""
2025-11-18T19:00:00.000000,Canada,Québec,CA-QC,18.29,50.04,95.58,92.07,hydroquebec.com,false,""
2025-11-18T20:00:00.000000,Canada,Québec,CA-QC,18.42,50.18,95.54,92.44,hydroquebec.com,false,""
2025-11-18T21:00:00.000000,Canada,Québec,CA-QC,15.14,46.03,96.32,93.9,hydroquebec.com,false,""
2025-11-18T22:00:00.000000,Canada,Québec,CA-QC,12.1,42.14,96.97,95.03,hydroquebec.com,false,""
2025-11-18T23:00:00.000000,Canada,Québec,CA-QC,12.41,42.4,96.91,94.67,hydroquebec.com,false,""
2025-11-19T00:00:00.000000,Canada,Québec,CA-QC,14.32,44.87,96.4,93.76,hydroquebec.com,false,""
2025-11-19T01:00:00.000000,Canada,Québec,CA-QC,16.56,47.78,95.83,92.98,hydroquebec.com,false,""
2025-11-19T02:00:00.000000,Canada,Québec,CA-QC,16.59,47.89,95.83,92.89,hydroquebec.com,false,""
2025-11-19T03:00:00.000000,Canada,Québec,CA-QC,15.65,46.77,96.09,93.0,hydroquebec.com,false,""
2025-11-19T04:00:00.000000,Canada,Québec,CA-QC,15.19,46.35,96.16,92.93,hydroquebec.com,false,""
2025-11-19T05:00:00.000000,Canada,Québec,CA-QC,15.23,46.41,96.18,92.69,hydroquebec.com,false,""
2025-11-19T06:00:00.000000,Canada,Québec,CA-QC,16.55,48.14,95.85,92.15,hydroquebec.com,false,""
2025-11-19T07:00:00.000000,Canada,Québec,CA-QC,16.35,47.96,95.87,92.12,hydroquebec.com,false,""
2025-11-19T08:00:00.000000,Canada,Québec,CA-QC,16.38,47.95,95.87,92.17,hydroquebec.com,false,""
2025-11-19T09:00:00.000000,Canada,Québec,CA-QC,15.12,46.32,96.22,92.69,hydroquebec.com,false,""
2025-11-19T10:00:00.000000,Canada,Québec,CA-QC,15.73,46.96,96.09,92.64,hydroquebec.com,false,""
2025-11-19T11:00:00.000000,Canada,Québec,CA-QC,14.36,45.12,96.41,93.35,hydroquebec.com,false,""
2025-11-19T12:00:00.000000,Canada,Québec,CA-QC,13.58,44.01,96.67,93.9,hydroquebec.com,false,""
2025-11-19T13:00:00.000000,Canada,Québec,CA-QC,7.26,36.03,98.22,96.02,hydroquebec.com,false,""
2025-11-19T14:00:00.000000,Canada,Québec,CA-QC,6.93,35.75,98.28,96.03,hydroquebec.com,false,""
2025-11-19T15:00:00.000000,Canada,Québec,CA-QC,7.22,36.23,98.21,95.81,hydroquebec.com,false,""
2025-11-19T16:00:00.000000,Canada,Québec,CA-QC,7.16,36.28,98.2,95.7,hydroquebec.com,false,""
2025-11-19T17:00:00.000000,Canada,Québec,CA-QC,7.02,36.21,98.22,95.65,hydroquebec.com,false,""
2025-11-19T18:00:00.000000,Canada,Québec,CA-QC,6.98,36.21,98.23,95.63,hydroquebec.com,false,""
2025-11-19T19:00:00.000000,Canada,Québec,CA-QC,6.86,36.05,98.3,95.91,hydroquebec.com,false,""
2025-11-19T20:00:00.000000,Canada,Québec,CA-QC,7.69,36.9,98.12,95.63,hydroquebec.com,false,""
2025-11-19T21:00:00.000000,Canada,Québec,CA-QC,6.89,35.8,98.3,96.14,hydroquebec.com,false,""
2025-11-19T22:00:00.000000,Canada,Québec,CA-QC,5.01,33.43,98.77,97.29,hydroquebec.com,false,""
2025-11-19T23:00:00.000000,Canada,Québec,CA-QC,5.03,33.37,98.76,97.28,hydroquebec.com,false,""
2025-11-20T00:00:00.000000,Canada,Québec,CA-QC,6.82,35.51,98.3,96.23,hydroquebec.com,false,""
2025-11-20T01:00:00.000000,Canada,Québec,CA-QC,6.78,35.54,98.34,96.25,hydroquebec.com,false,""
2025-11-20T02:00:00.000000,Canada,Québec,CA-QC,6.72,35.58,98.36,96.25,hydroquebec.com,false,""
2025-11-20T03:00:00.000000,Canada,Québec,CA-QC,7.56,36.73,98.16,95.72,hydroquebec.com,false,""
2025-11-20T04:00:00.000000,Canada,Québec,CA-QC,7.7,37.02,98.13,95.52,hydroquebec.com,false,""
2025-11-20T05:00:00.000000,Canada,Québec,CA-QC,7.35,36.77,98.2,95.66,hydroquebec.com,false,""
2025-11-20T06:00:00.000000,Canada,Québec,CA-QC,7.44,36.93,98.16,95.5,hydroquebec.com,false,""
2025-11-20T07:00:00.000000,Canada,Québec,CA-QC,7.34,36.83,98.19,95.48,hydroquebec.com,false,""
2025-11-20T08:00:00.000000,Canada,Québec,CA-QC,7.29,36.77,98.21,95.51,hydroquebec.com,false,""
2025-11-20T09:00:00.000000,Canada,Québec,CA-QC,7.26,36.78,98.18,95.5,hydroquebec.com,false,""
2025-11-20T10:00:00.000000,Canada,Québec,CA-QC,7.02,36.49,98.23,95.65,hydroquebec.com,false,""
2025-11-20T11:00:00.000000,Canada,Québec,CA-QC,6.01,35.13,98.48,96.34,hydroquebec.com,false,""
2025-11-20T12:00:00.000000,Canada,Québec,CA-QC,5.36,34.24,98.63,96.79,hydroquebec.com,false,""
2025-11-20T13:00:00.000000,Canada,Québec,CA-QC,5.66,34.59,98.55,96.61,hydroquebec.com,false,""
2025-11-20T14:00:00.000000,Canada,Québec,CA-QC,6.1,35.24,98.46,96.35,hydroquebec.com,false,""
2025-11-20T15:00:00.000000,Canada,Québec,CA-QC,6.12,35.38,98.46,96.26,hydroquebec.com,false,""
2025-11-20T16:00:00.000000,Canada,Québec,CA-QC,6.16,35.48,98.45,96.2,hydroquebec.com,false,""
2025-11-20T17:00:00.000000,Canada,Québec,CA-QC,6.33,35.63,98.4,96.1,hydroquebec.com,false,""
2025-11-20T18:00:00.000000,Canada,Québec,CA-QC,6.34,35.6,98.41,96.11,hydroquebec.com,false,""
2025-11-20T19:00:00.000000,Canada,Québec,CA-QC,6.26,35.58,98.43,96.16,hydroquebec.com,false,""
2025-11-20T20:00:00.000000,Canada,Québec,CA-QC,6.59,35.91,98.39,96.15,hydroquebec.com,false,""
2025-11-20T21:00:00.000000,Canada,Québec,CA-QC,6.09,35.16,98.51,96.48,hydroquebec.com,false,""
2025-11-20T22:00:00.000000,Canada,Québec,CA-QC,5.77,34.57,98.58,96.67,hydroquebec.com,false,""
2025-11-20T23:00:00.000000,Canada,Québec,CA-QC,5.48,34.19,98.61,96.69,hydroquebec.com,false,""
2025-11-21T00:00:00.000000,Canada,Québec,CA-QC,5.58,34.29,98.59,96.61,hydroquebec.com,false,""
2025-11-21T01:00:00.000000,Canada,Québec,CA-QC,5.78,34.56,98.56,96.55,hydroquebec.com,false,""
2025-11-21T02:00:00.000000,Canada,Québec,CA-QC,8.79,38.42,97.75,95.33,hydroquebec.com,false,""
2025-11-21T03:00:00.000000,Canada,Québec,CA-QC,11.36,41.79,97.1,94.3,hydroquebec.com,false,""
2025-11-21T04:00:00.000000,Canada,Québec,CA-QC,7.76,37.4,98.01,95.38,hydroquebec.com,false,""
2025-11-21T05:00:00.000000,Canada,Québec,CA-QC,12.95,43.98,96.75,93.47,hydroquebec.com,false,""
2025-11-21T06:00:00.000000,Canada,Québec,CA-QC,12.99,44.13,96.67,93.25,hydroquebec.com,false,""
2025-11-21T07:00:00.000000,Canada,Québec,CA-QC,12.78,43.89,96.72,93.28,hydroquebec.com,false,""
2025-11-21T08:00:00.000000,Canada,Québec,CA-QC,13.07,44.28,96.64,93.3,hydroquebec.com,false,""
2025-11-21T09:00:00.000000,Canada,Québec,CA-QC,13.37,44.61,96.56,93.26,hydroquebec.com,false,""
2025-11-21T10:00:00.000000,Canada,Québec,CA-QC,13.49,44.63,96.52,93.33,hydroquebec.com,false,""
2025-11-21T11:00:00.000000,Canada,Québec,CA-QC,12.61,43.33,96.79,94.0,hydroquebec.com,false,""
2025-11-21T12:00:00.000000,Canada,Québec,CA-QC,12.4,42.79,96.86,94.25,hydroquebec.com,false,""
2025-11-21T13:00:00.000000,Canada,Québec,CA-QC,12.36,42.56,96.81,94.27,hydroquebec.com,false,""
2025-11-21T14:00:00.000000,Canada,Québec,CA-QC,12.86,43.14,96.69,94.1,hydroquebec.com,false,""
2025-11-21T15:00:00.000000,Canada,Québec,CA-QC,13.97,44.61,96.47,93.91,hydroquebec.com,false,""
2025-11-21T16:00:00.000000,Canada,Québec,CA-QC,13.38,43.98,96.58,93.95,hydroquebec.com,false,""
2025-11-21T17:00:00.000000,Canada,Québec,CA-QC,13.4,44.04,96.53,93.87,hydroquebec.com,false,""
2025-11-21T18:00:00.000000,Canada,Québec,CA-QC,13.75,44.43,96.48,93.81,hydroquebec.com,false,""
2025-11-21T19:00:00.000000,Canada,Québec,CA-QC,14.72,45.6,96.33,93.62,hydroquebec.com,false,""
2025-11-21T20:00:00.000000,Canada,Québec,CA-QC,14.12,44.8,96.42,93.74,hydroquebec.com,false,""
2025-11-21T21:00:00.000000,Canada,Québec,CA-QC,13.94,44.42,96.45,93.85,hydroquebec.com,false,""
2025-11-21T22:00:00.000000,Canada,Québec,CA-QC,13.82,44.17,96.5,93.95,hydroquebec.com,false,""
2025-11-21T23:00:00.000000,Canada,Québec,CA-QC,13.76,44.16,96.5,93.94,hydroquebec.com,false,""
2025-11-22T00:00:00.000000,Canada,Québec,CA-QC,14.4,45.04,96.34,93.71,hydroquebec.com,false,""
2025-11-22T01:00:00.000000,Canada,Québec,CA-QC,15.07,45.97,96.18,93.42,hydroquebec.com,false,""
2025-11-22T02:00:00.000000,Canada,Québec,CA-QC,15.47,46.62,96.07,93.12,hydroquebec.com,false,""
2025-11-22T03:00:00.000000,Canada,Québec,CA-QC,15.34,46.58,96.1,92.99,hydroquebec.com,false,""
2025-11-22T04:00:00.000000,Canada,Québec,CA-QC,14.97,46.18,96.22,92.95,hydroquebec.com,false,""
2025-11-22T05:00:00.000000,Canada,Québec,CA-QC,14.17,45.33,96.45,93.1,hydroquebec.com,false,""
2025-11-22T06:00:00.000000,Canada,Québec,CA-QC,14.46,45.61,96.41,92.7,hydroquebec.com,false,""
2025-11-22T07:00:00.000000,Canada,Québec,CA-QC,14.6,45.7,96.37,92.48,hydroquebec.com,false,""
2025-11-22T08:00:00.000000,Canada,Québec,CA-QC,14.62,45.74,96.31,92.46,hydroquebec.com,false,""
2025-11-22T09:00:00.000000,Canada,Québec,CA-QC,14.66,45.79,96.27,92.35,hydroquebec.com,false,""
2025-11-22T10:00:00.000000,Canada,Québec,CA-QC,14.52,45.61,96.28,92.51,hydroquebec.com,false,""
2025-11-22T11:00:00.000000,Canada,Québec,CA-QC,14.42,45.36,96.29,92.72,hydroquebec.com,false,""
2025-11-22T12:00:00.000000,Canada,Québec,CA-QC,14.43,45.19,96.3,92.98,hydroquebec.com,false,""
2025-11-22T13:00:00.000000,Canada,Québec,CA-QC,14.51,45.1,96.35,93.1,hydroquebec.com,false,""
2025-11-22T14:00:00.000000,Canada,Québec,CA-QC,14.67,45.28,96.32,93.11,hydroquebec.com,false,""
2025-11-22T15:00:00.000000,Canada,Québec,CA-QC,14.74,45.35,96.3,93.07,hydroquebec.com,false,""
2025-11-22T16:00:00.000000,Canada,Québec,CA-QC,14.77,45.35,96.3,93.02,hydroquebec.com,false,""
2025-11-22T17:00:00.000000,Canada,Québec,CA-QC,14.69,45.33,96.33,92.96,hydroquebec.com,false,""
2025-11-22T18:00:00.000000,Canada,Québec,CA-QC,15.0,45.88,96.24,92.73,hydroquebec.com,false,""
2025-11-22T19:00:00.000000,Canada,Québec,CA-QC,15.62,46.75,96.08,92.6,hydroquebec.com,false,""
2025-11-22T20:00:00.000000,Canada,Québec,CA-QC,15.2,46.31,96.18,93.22,hydroquebec.com,false,""
2025-11-22T21:00:00.000000,Canada,Québec,CA-QC,14.55,45.29,96.33,93.56,hydroquebec.com,false,""
2025-11-22T22:00:00.000000,Canada,Québec,CA-QC,11.84,41.88,97.0,95.07,hydroquebec.com,false,""
2025-11-22T23:00:00.000000,Canada,Québec,CA-QC,12.15,42.14,96.92,94.76,hydroquebec.com,false,""
2025-11-23T00:00:00.000000,Canada,Québec,CA-QC,14.29,44.71,96.38,93.62,hydroquebec.com,false,""
2025-11-23T01:00:00.000000,Canada,Québec,CA-QC,14.34,44.92,96.37,93.8,hydroquebec.com,false,""
2025-11-23T02:00:00.000000,Canada,Québec,CA-QC,15.32,46.12,96.12,93.13,hydroquebec.com,false,""
2025-11-23T03:00:00.000000,Canada,Québec,CA-QC,15.62,46.64,96.06,93.03,hydroquebec.com,false,""
2025-11-23T04:00:00.000000,Canada,Québec,CA-QC,16.62,47.87,95.82,92.29,hydroquebec.com,false,""
2025-11-23T05:00:00.000000,Canada,Québec,CA-QC,14.91,45.73,96.28,92.76,hydroquebec.com,false,""
2025-11-23T06:00:00.000000,Canada,Québec,CA-QC,14.41,45.19,96.37,92.78,hydroquebec.com,false,""
2025-11-23T07:00:00.000000,Canada,Québec,CA-QC,13.59,44.2,96.57,92.95,hydroquebec.com,false,""
2025-11-23T08:00:00.000000,Canada,Québec,CA-QC,12.78,43.14,96.77,93.17,hydroquebec.com,false,""
2025-11-23T09:00:00.000000,Canada,Québec,CA-QC,12.46,42.67,96.85,93.22,hydroquebec.com,false,""
2025-11-23T10:00:00.000000,Canada,Québec,CA-QC,12.46,42.65,96.84,93.32,hydroquebec.com,false,""
2025-11-23T11:00:00.000000,Canada,Québec,CA-QC,12.01,42.02,96.94,93.65,hydroquebec.com,false,""
2025-11-23T12:00:00.000000,Canada,Québec,CA-QC,12.31,42.36,96.87,93.69,hydroquebec.com,false,""
2025-11-23T13:00:00.000000,Canada,Québec,CA-QC,12.34,42.47,96.83,93.69,hydroquebec.com,false,""
2025-11-23T14:00:00.000000,Canada,Québec,CA-QC,12.23,42.4,96.86,93.79,hydroquebec.com,false,""
2025-11-23T15:00:00.000000,Canada,Québec,CA-QC,11.74,41.85,96.99,94.01,hydroquebec.com,false,""
2025-11-23T16:00:00.000000,Canada,Québec,CA-QC,11.74,41.89,96.99,94.0,hydroquebec.com,false,""
2025-11-23T17:00:00.000000,Canada,Québec,CA-QC,11.99,42.26,96.93,93.94,hydroquebec.com,false,""
2025-11-23T18:00:00.000000,Canada,Québec,CA-QC,12.56,43.1,96.77,93.76,hydroquebec.com,false,""
2025-11-23T19:00:00.000000,Canada,Québec,CA-QC,12.88,43.68,96.68,93.8,hydroquebec.com,false,""
2025-11-23T20:00:00.000000,Canada,Québec,CA-QC,13.0,43.85,96.67,93.94,hydroquebec.com,false,""
2025-11-23T21:00:00.000000,Canada,Québec,CA-QC,12.51,43.17,96.78,94.36,hydroquebec.com,false,""
2025-11-23T22:00:00.000000,Canada,Québec,CA-QC,11.0,41.17,97.18,95.13,hydroquebec.com,false,""
2025-11-23T23:00:00.000000,Canada,Québec,CA-QC,12.02,42.32,97.08,94.78,hydroquebec.com,false,""
2025-11-24T00:00:00.000000,Canada,Québec,CA-QC,11.96,42.35,97.03,94.61,hydroquebec.com,false,""
2025-11-24T01:00:00.000000,Canada,Québec,CA-QC,4.66,33.28,98.8,97.1,hydroquebec.com,false,""
2025-11-24T02:00:00.000000,Canada,Québec,CA-QC,10.94,41.24,97.21,94.61,hydroquebec.com,false,""
2025-11-24T03:00:00.000000,Canada,Québec,CA-QC,13.38,44.57,96.57,93.49,hydroquebec.com,false,""
2025-11-24T04:00:00.000000,Canada,Québec,CA-QC,14.12,45.7,96.36,92.94,hydroquebec.com,false,""
2025-11-24T05:00:00.000000,Canada,Québec,CA-QC,15.05,46.98,96.12,92.46,hydroquebec.com,false,""
2025-11-24T06:00:00.000000,Canada,Québec,CA-QC,15.54,47.68,95.99,92.22,hydroquebec.com,false,""
2025-11-24T07:00:00.000000,Canada,Québec,CA-QC,16.18,48.46,95.87,91.99,hydroquebec.com,false,""
2025-11-24T08:00:00.000000,Canada,Québec,CA-QC,16.44,48.78,95.8,91.91,hydroquebec.com,false,""
2025-11-24T09:00:00.000000,Canada,Québec,CA-QC,16.48,48.83,95.78,91.98,hydroquebec.com,false,""
2025-11-24T10:00:00.000000,Canada,Québec,CA-QC,15.51,47.45,96.07,92.55,hydroquebec.com,false,""
2025-11-24T11:00:00.000000,Canada,Québec,CA-QC,14.49,45.91,96.34,93.26,hydroquebec.com,false,""
2025-11-24T12:00:00.000000,Canada,Québec,CA-QC,13.17,43.99,96.67,93.99,hydroquebec.com,false,""
2025-11-24T13:00:00.000000,Canada,Québec,CA-QC,6.72,35.75,98.32,96.47,hydroquebec.com,false,""
2025-11-24T14:00:00.000000,Canada,Québec,CA-QC,6.28,35.15,98.42,96.42,hydroquebec.com,false,""
2025-11-24T15:00:00.000000,Canada,Québec,CA-QC,6.12,35.08,98.43,96.33,hydroquebec.com,false,""
2025-11-24T16:00:00.000000,Canada,Québec,CA-QC,5.54,34.4,98.57,96.47,hydroquebec.com,false,""
2025-11-24T17:00:00.000000,Canada,Québec,CA-QC,5.59,34.42,98.59,96.43,hydroquebec.com,false,""
2025-11-24T18:00:00.000000,Canada,Québec,CA-QC,6.09,35.08,98.45,96.32,hydroquebec.com,false,""
2025-11-24T19:00:00.000000,Canada,Québec,CA-QC,6.9,36.05,98.24,96.03,hydroquebec.com,false,""
2025-11-24T20:00:00.000000,Canada,Québec,CA-QC,6.61,35.57,98.34,96.27,hydroquebec.com,false,""
2025-11-24T21:00:00.000000,Canada,Québec,CA-QC,5.41,33.98,98.67,97.08,hydroquebec.com,false,""
2025-11-24T22:00:00.000000,Canada,Québec,CA-QC,5.04,33.35,98.76,97.35,hydroquebec.com,false,""
2025-11-24T23:00:00.000000,Canada,Québec,CA-QC,5.28,33.51,98.71,97.14,hydroquebec.com,false,""
2025-11-25T00:00:00.000000,Canada,Québec,CA-QC,5.71,34.03,98.58,96.72,hydroquebec.com,false,""
2025-11-25T01:00:00.000000,Canada,Québec,CA-QC,5.73,34.12,98.55,96.58,hydroquebec.com,false,""
2025-11-25T02:00:00.000000,Canada,Québec,CA-QC,5.27,33.62,98.68,96.78,hydroquebec.com,false,""
2025-11-25T03:00:00.000000,Canada,Québec,CA-QC,5.91,34.42,98.54,96.38,hydroquebec.com,false,""
2025-11-25T04:00:00.000000,Canada,Québec,CA-QC,6.14,34.85,98.42,95.98,hydroquebec.com,false,""
2025-11-25T05:00:00.000000,Canada,Québec,CA-QC,6.66,35.58,98.28,95.66,hydroquebec.com,false,""
2025-11-25T06:00:00.000000,Canada,Québec,CA-QC,6.74,35.67,98.24,95.46,hydroquebec.com,false,""
2025-11-25T07:00:00.000000,Canada,Québec,CA-QC,6.85,35.72,98.23,95.38,hydroquebec.com,false,""
2025-11-25T08:00:00.000000,Canada,Québec,CA-QC,6.8,35.57,98.24,95.34,hydroquebec.com,false,""
2025-11-25T09:00:00.000000,Canada,Québec,CA-QC,7.13,35.94,98.15,95.27,hydroquebec.com,false,""
2025-11-25T10:00:00.000000,Canada,Québec,CA-QC,7.25,36.0,98.16,95.38,hydroquebec.com,false,""
2025-11-25T11:00:00.000000,Canada,Québec,CA-QC,6.67,35.13,98.33,95.92,hydroquebec.com,false,""
2025-11-25T12:00:00.000000,Canada,Québec,CA-QC,6.68,34.99,98.36,96.23,hydroquebec.com,false,""
2025-11-25T13:00:00.000000,Canada,Québec,CA-QC,6.59,34.86,98.39,96.29,hydroquebec.com,false,""
2025-11-25T14:00:00.000000,Canada,Québec,CA-QC,6.1,34.43,98.52,96.6,hydroquebec.com,false,""
2025-11-25T15:00:00.000000,Canada,Québec,CA-QC,7.06,35.81,98.27,96.27,hydroquebec.com,false,""
2025-11-25T16:00:00.000000,Canada,Québec,CA-QC,8.08,37.16,98.0,95.8,hydroquebec.com,false,""
2025-11-25T17:00:00.000000,Canada,Québec,CA-QC,7.59,36.63,98.14,96.0,hydroquebec.com,false,""
2025-11-25T18:00:00.000000,Canada,Québec,CA-QC,6.91,35.8,98.31,96.34,hydroquebec.com,false,""
2025-11-25T19:00:00.000000,Canada,Québec,CA-QC,6.61,35.29,98.4,96.44,hydroquebec.com,false,""
2025-11-25T20:00:00.000000,Canada,Québec,CA-QC,6.62,35.33,98.4,96.41,hydroquebec.com,false,""
2025-11-25T21:00:00.000000,Canada,Québec,CA-QC,4.36,32.64,98.95,97.71,hydroquebec.com,false,""
2025-11-25T22:00:00.000000,Canada,Québec,CA-QC,9.43,39.04,97.66,96.13,hydroquebec.com,false,""
2025-11-25T23:00:00.000000,Canada,Québec,CA-QC,12.23,42.5,96.96,94.89,hydroquebec.com,false,""
2025-11-26T00:00:00.000000,Canada,Québec,CA-QC,14.25,44.96,96.47,93.68,hydroquebec.com,false,""
2025-11-26T01:00:00.000000,Canada,Québec,CA-QC,14.36,45.38,96.43,93.64,hydroquebec.com,false,""
2025-11-26T02:00:00.000000,Canada,Québec,CA-QC,14.53,45.85,96.36,93.39,hydroquebec.com,false,""
2025-11-26T03:00:00.000000,Canada,Québec,CA-QC,15.79,47.58,96.05,92.64,hydroquebec.com,false,""
2025-11-26T04:00:00.000000,Canada,Québec,CA-QC,16.39,48.49,95.89,92.07,hydroquebec.com,false,""
2025-11-26T05:00:00.000000,Canada,Québec,CA-QC,15.83,47.96,96.03,91.92,hydroquebec.com,false,""
2025-11-26T06:00:00.000000,Canada,Québec,CA-QC,15.38,47.59,96.09,91.78,hydroquebec.com,false,""
2025-11-26T07:00:00.000000,Canada,Québec,CA-QC,15.53,47.81,96.05,91.59,hydroquebec.com,false,""
2025-11-26T08:00:00.000000,Canada,Québec,CA-QC,15.77,48.18,95.99,91.45,hydroquebec.com,false,""
2025-11-26T09:00:00.000000,Canada,Québec,CA-QC,15.29,47.52,96.11,91.65,hydroquebec.com,false,""
2025-11-26T10:00:00.000000,Canada,Québec,CA-QC,14.3,46.11,96.36,92.17,hydroquebec.com,false,""
2025-11-26T11:00:00.000000,Canada,Québec,CA-QC,13.06,44.24,96.68,93.06,hydroquebec.com,false,""
2025-11-26T12:00:00.000000,Canada,Québec,CA-QC,12.46,43.21,96.82,93.74,hydroquebec.com,false,""
2025-11-26T13:00:00.000000,Canada,Québec,CA-QC,4.82,33.48,98.76,96.89,hydroquebec.com,false,""
2025-11-26T14:00:00.000000,Canada,Québec,CA-QC,4.24,32.61,98.9,97.02,hydroquebec.com,false,""
2025-11-26T15:00:00.000000,Canada,Québec,CA-QC,3.88,32.19,99.0,97.26,hydroquebec.com,false,""
2025-11-26T16:00:00.000000,Canada,Québec,CA-QC,3.42,31.72,99.13,97.63,hydroquebec.com,false,""
2025-11-26T17:00:00.000000,Canada,Québec,CA-QC,3.57,31.83,99.08,97.52,hydroquebec.com,false,""
2025-11-26T18:00:00.000000,Canada,Québec,CA-QC,3.46,31.64,99.11,97.6,hydroquebec.com,false,""
2025-11-26T19:00:00.000000,Canada,Québec,CA-QC,3.38,31.51,99.14,97.65,hydroquebec.com,false,""
2025-11-26T20:00:00.000000,Canada,Québec,CA-QC,3.78,31.85,99.04,97.37,hydroquebec.com,false,""
2025-11-26T21:00:00.000000,Canada,Québec,CA-QC,3.67,31.61,99.07,97.56,hydroquebec.com,false,""
2025-11-26T22:00:00.000000,Canada,Québec,CA-QC,5.29,33.48,98.62,96.92,hydroquebec.com,false,""
2025-11-26T23:00:00.000000,Canada,Québec,CA-QC,5.26,33.34,98.62,96.8,hydroquebec.com,false,""
2025-11-27T00:00:00.000000,Canada,Québec,CA-QC,4.59,32.46,98.82,96.88,hydroquebec.com,false,""
2025-11-27T01:00:00.000000,Canada,Québec,CA-QC,11.0,40.67,97.19,94.44,hydroquebec.com,false,""
2025-11-27T02:00:00.000000,Canada,Québec,CA-QC,12.09,42.15,96.94,93.92,hydroquebec.com,false,""
2025-11-27T03:00:00.000000,Canada,Québec,CA-QC,12.06,42.18,96.93,93.56,hydroquebec.com,false,""
2025-11-27T04:00:00.000000,Canada,Québec,CA-QC,12.7,43.03,96.84,93.1,hydroquebec.com,false,""
2025-11-27T05:00:00.000000,Canada,Québec,CA-QC,11.76,41.83,97.09,93.09,hydroquebec.com,false,""
2025-11-27T06:00:00.000000,Canada,Québec,CA-QC,11.31,41.27,97.18,93.08,hydroquebec.com,false,""
2025-11-27T07:00:00.000000,Canada,Québec,CA-QC,10.65,40.45,97.34,93.16,hydroquebec.com,false,""
2025-11-27T08:00:00.000000,Canada,Québec,CA-QC,10.87,40.69,97.29,93.04,hydroquebec.com,false,""
2025-11-27T09:00:00.000000,Canada,Québec,CA-QC,11.06,40.86,97.25,93.01,hydroquebec.com,false,""
2025-11-27T10:00:00.000000,Canada,Québec,CA-QC,10.28,39.76,97.46,93.54,hydroquebec.com,false,""
2025-11-27T11:00:00.000000,Canada,Québec,CA-QC,10.07,39.43,97.47,94.02,hydroquebec.com,false,""
2025-11-27T12:00:00.000000,Canada,Québec,CA-QC,10.34,39.67,97.39,94.33,hydroquebec.com,false,""
2025-11-27T13:00:00.000000,Canada,Québec,CA-QC,10.37,39.73,97.35,94.35,hydroquebec.com,false,""
2025-11-27T14:00:00.000000,Canada,Québec,CA-QC,10.54,40.05,97.3,94.21,hydroquebec.com,false,""
2025-11-27T15:00:00.000000,Canada,Québec,CA-QC,10.32,39.88,97.37,94.26,hydroquebec.com,false,""
2025-11-27T16:00:00.000000,Canada,Québec,CA-QC,10.35,40.08,97.37,94.46,hydroquebec.com,false,""
2025-11-27T17:00:00.000000,Canada,Québec,CA-QC,10.88,40.78,97.26,94.36,hydroquebec.com,false,""
2025-11-27T18:00:00.000000,Canada,Québec,CA-QC,11.49,41.59,97.11,94.17,hydroquebec.com,false,""
2025-11-27T19:00:00.000000,Canada,Québec,CA-QC,11.4,41.36,97.12,94.17,hydroquebec.com,false,""
2025-11-27T20:00:00.000000,Canada,Québec,CA-QC,12.0,42.04,96.95,93.95,hydroquebec.com,false,""
2025-11-27T21:00:00.000000,Canada,Québec,CA-QC,11.54,41.54,97.07,94.44,hydroquebec.com,false,""
2025-11-27T22:00:00.000000,Canada,Québec,CA-QC,12.2,42.31,96.89,94.3,hydroquebec.com,false,""
2025-11-27T23:00:00.000000,Canada,Québec,CA-QC,11.38,41.21,97.1,94.48,hydroquebec.com,false,""
2025-11-28T00:00:00.000000,Canada,Québec,CA-QC,12.57,42.87,96.82,94.23,hydroquebec.com,false,""
2025-11-28T01:00:00.000000,Canada,Québec,CA-QC,12.56,42.92,96.82,94.18,hydroquebec.com,false,""
2025-11-28T02:00:00.000000,Canada,Québec,CA-QC,12.73,43.17,96.78,93.88,hydroquebec.com,false,""
2025-11-28T03:00:00.000000,Canada,Québec,CA-QC,13.26,44.04,96.66,93.69,hydroquebec.com,false,""
2025-11-28T04:00:00.000000,Canada,Québec,CA-QC,12.07,42.52,96.97,93.61,hydroquebec.com,false,""
2025-11-28T05:00:00.000000,Canada,Québec,CA-QC,11.44,41.77,97.16,93.51,hydroquebec.com,false,""
2025-11-28T06:00:00.000000,Canada,Québec,CA-QC,11.25,41.54,97.22,93.44,hydroquebec.com,false,""
2025-11-28T07:00:00.000000,Canada,Québec,CA-QC,11.72,42.15,97.11,93.17,hydroquebec.com,false,""
2025-11-28T08:00:00.000000,Canada,Québec,CA-QC,11.57,42.03,97.09,93.08,hydroquebec.com,false,""
2025-11-28T09:00:00.000000,Canada,Québec,CA-QC,11.22,41.55,97.17,93.29,hydroquebec.com,false,""
2025-11-28T10:00:00.000000,Canada,Québec,CA-QC,11.81,42.22,97.0,93.39,hydroquebec.com,false,""
2025-11-28T11:00:00.000000,Canada,Québec,CA-QC,12.38,42.84,96.86,93.71,hydroquebec.com,false,""
2025-11-28T12:00:00.000000,Canada,Québec,CA-QC,11.39,41.5,97.09,94.25,hydroquebec.com,false,""
2025-11-28T13:00:00.000000,Canada,Québec,CA-QC,10.94,40.92,97.22,94.42,hydroquebec.com,false,""
2025-11-28T14:00:00.000000,Canada,Québec,CA-QC,10.87,41.02,97.25,94.39,hydroquebec.com,false,""
2025-11-28T15:00:00.000000,Canada,Québec,CA-QC,10.47,40.62,97.35,94.43,hydroquebec.com,false,""
2025-11-28T16:00:00.000000,Canada,Québec,CA-QC,10.39,40.46,97.37,94.44,hydroquebec.com,false,""
2025-11-28T17:00:00.000000,Canada,Québec,CA-QC,10.85,41.02,97.25,94.24,hydroquebec.com,false,""
2025-11-28T18:00:00.000000,Canada,Québec,CA-QC,4.9,33.43,98.73,96.71,hydroquebec.com,false,""
2025-11-28T19:00:00.000000,Canada,Québec,CA-QC,4.46,32.76,98.84,96.95,hydroquebec.com,false,""
2025-11-28T20:00:00.000000,Canada,Québec,CA-QC,4.65,32.92,98.78,96.9,hydroquebec.com,false,""
2025-11-28T21:00:00.000000,Canada,Québec,CA-QC,4.31,32.38,98.86,97.12,hydroquebec.com,false,""
2025-11-28T22:00:00.000000,Canada,Québec,CA-QC,4.27,32.26,98.88,97.23,hydroquebec.com,false,""
2025-11-28T23:00:00.000000,Canada,Québec,CA-QC,4.21,32.17,98.9,97.28,hydroquebec.com,false,""
2025-11-29T00:00:00.000000,Canada,Québec,CA-QC,4.38,32.4,98.85,97.22,hydroquebec.com,false,""
2025-11-29T01:00:00.000000,Canada,Québec,CA-QC,4.71,32.77,98.77,96.99,hydroquebec.com,false,""
2025-11-29T02:00:00.000000,Canada,Québec,CA-QC,4.56,32.61,98.83,97.24,hydroquebec.com,false,""
2025-11-29T03:00:00.000000,Canada,Québec,CA-QC,9.64,39.16,97.57,95.54,hydroquebec.com,false,""
2025-11-29T04:00:00.000000,Canada,Québec,CA-QC,11.67,41.71,97.05,94.29,hydroquebec.com,false,""
2025-11-29T05:00:00.000000,Canada,Québec,CA-QC,12.25,42.27,96.96,93.76,hydroquebec.com,false,""
2025-11-29T06:00:00.000000,Canada,Québec,CA-QC,12.55,42.71,96.83,93.42,hydroquebec.com,false,""
2025-11-29T07:00:00.000000,Canada,Québec,CA-QC,12.77,43.03,96.75,93.22,hydroquebec.com,false,""
2025-11-29T08:00:00.000000,Canada,Québec,CA-QC,13.22,43.58,96.63,93.04,hydroquebec.com,false,""
2025-11-29T09:00:00.000000,Canada,Québec,CA-QC,13.55,43.96,96.53,92.92,hydroquebec.com,false,""
2025-11-29T10:00:00.000000,Canada,Québec,CA-QC,14.0,44.44,96.44,92.97,hydroquebec.com,false,""
2025-11-29T11:00:00.000000,Canada,Québec,CA-QC,14.24,44.76,96.39,93.41,hydroquebec.com,false,""
2025-11-29T12:00:00.000000,Canada,Québec,CA-QC,13.34,43.43,96.64,93.8,hydroquebec.com,false,""
2025-11-29T13:00:00.000000,Canada,Québec,CA-QC,12.81,42.61,96.8,93.8,hydroquebec.com,false,""
2025-11-29T14:00:00.000000,Canada,Québec,CA-QC,12.23,41.97,96.92,93.85,hydroquebec.com,false,""
2025-11-29T15:00:00.000000,Canada,Québec,CA-QC,12.39,42.28,96.89,93.68,hydroquebec.com,false,""
2025-11-29T16:00:00.000000,Canada,Québec,CA-QC,14.23,44.74,96.46,93.08,hydroquebec.com,false,""
2025-11-29T17:00:00.000000,Canada,Québec,CA-QC,14.74,45.54,96.33,92.88,hydroquebec.com,false,""
2025-11-29T18:00:00.000000,Canada,Québec,CA-QC,15.91,47.07,96.06,92.43,hydroquebec.com,false,""
2025-11-29T19:00:00.000000,Canada,Québec,CA-QC,17.26,48.75,95.73,92.09,hydroquebec.com,false,""
2025-11-29T20:00:00.000000,Canada,Québec,CA-QC,17.56,49.08,95.65,92.34,hydroquebec.com,false,""
2025-11-29T21:00:00.000000,Canada,Québec,CA-QC,15.52,46.52,96.15,93.46,hydroquebec.com,false,""
2025-11-29T22:00:00.000000,Canada,Québec,CA-QC,12.96,43.31,96.77,94.6,hydroquebec.com,false,""
2025-11-29T23:00:00.000000,Canada,Québec,CA-QC,13.78,44.22,96.57,94.05,hydroquebec.com,false,""
2025-11-30T00:00:00.000000,Canada,Québec,CA-QC,13.18,43.58,96.71,94.11,hydroquebec.com,false,""
2025-11-30T01:00:00.000000,Canada,Québec,CA-QC,13.47,44.08,96.62,93.91,hydroquebec.com,false,""
2025-11-30T02:00:00.000000,Canada,Québec,CA-QC,15.38,46.66,96.12,93.14,hydroquebec.com,false,""
2025-11-30T03:00:00.000000,Canada,Québec,CA-QC,15.04,46.48,96.22,93.34,hydroquebec.com,false,""
2025-11-30T04:00:00.000000,Canada,Québec,CA-QC,13.77,45.08,96.54,93.63,hydroquebec.com,false,""
2025-11-30T05:00:00.000000,Canada,Québec,CA-QC,13.78,45.12,96.51,93.14,hydroquebec.com,false,""
2025-11-30T06:00:00.000000,Canada,Québec,CA-QC,13.29,44.59,96.63,93.11,hydroquebec.com,false,""
2025-11-30T07:00:00.000000,Canada,Québec,CA-QC,13.22,44.52,96.65,92.98,hydroquebec.com,false,""
2025-11-30T08:00:00.000000,Canada,Québec,CA-QC,12.37,43.46,96.87,93.24,hydroquebec.com,false,""
2025-11-30T09:00:00.000000,Canada,Québec,CA-QC,12.4,43.49,96.86,93.23,hydroquebec.com,false,""
2025-11-30T10:00:00.000000,Canada,Québec,CA-QC,11.55,42.4,97.07,93.64,hydroquebec.com,false,""
2025-11-30T11:00:00.000000,Canada,Québec,CA-QC,11.44,42.21,97.09,93.85,hydroquebec.com,false,""
2025-11-30T12:00:00.000000,Canada,Québec,CA-QC,11.28,41.89,97.12,94.09,hydroquebec.com,false,""
2025-11-30T13:00:00.000000,Canada,Québec,CA-QC,11.14,41.54,97.15,94.29,hydroquebec.com,false,""
2025-11-30T14:00:00.000000,Canada,Québec,CA-QC,10.79,40.99,97.25,94.61,hydroquebec.com,false,""
2025-11-30T15:00:00.000000,Canada,Québec,CA-QC,12.41,42.95,96.83,94.21,hydroquebec.com,false,""
2025-11-30T16:00:00.000000,Canada,Québec,CA-QC,12.64,43.08,96.79,94.22,hydroquebec.com,false,""
2025-11-30T17:00:00.000000,Canada,Québec,CA-QC,12.03,42.21,96.94,94.51,hydroquebec.com,false,""
2025-11-30T18:00:00.000000,Canada,Québec,CA-QC,12.4,42.63,96.83,94.22,hydroquebec.com,false,""
2025-11-30T19:00:00.000000,Canada,Québec,CA-QC,18.06,49.33,95.59,92.47,hydroquebec.com,false,""
2025-11-30T20:00:00.000000,Canada,Québec,CA-QC,18.41,49.56,95.56,92.42,hydroquebec.com,false,""
2025-11-30T21:00:00.000000,Canada,Québec,CA-QC,18.05,48.92,95.65,92.67,hydroquebec.com,false,""
2025-11-30T22:00:00.000000,Canada,Québec,CA-QC,18.08,48.83,95.65,92.75,hydroquebec.com,false,""
2025-11-30T23:00:00.000000,Canada,Québec,CA-QC,17.99,48.7,95.68,92.74,hydroquebec.com,false,""
2025-12-01T00:00:00.000000,Canada,Québec,CA-QC,18.92,49.93,95.44,92.34,hydroquebec.com,false,""
2025-12-01T01:00:00.000000,Canada,Québec,CA-QC,19.88,51.22,95.21,91.93,hydroquebec.com,false,""
2025-12-01T02:00:00.000000,Canada,Québec,CA-QC,19.98,51.48,95.19,91.69,hydroquebec.com,false,""
2025-12-01T03:00:00.000000,Canada,Québec,CA-QC,20.81,52.59,95.02,91.19,hydroquebec.com,false,""
2025-12-01T04:00:00.000000,Canada,Québec,CA-QC,23.04,55.52,94.52,90.15,hydroquebec.com,false,""
2025-12-01T05:00:00.000000,Canada,Québec,CA-QC,24.98,58.21,94.03,89.28,hydroquebec.com,false,""
2025-12-01T06:00:00.000000,Canada,Québec,CA-QC,25.15,58.59,93.99,89.18,hydroquebec.com,false,""
2025-12-01T07:00:00.000000,Canada,Québec,CA-QC,25.5,59.18,93.9,89.01,hydroquebec.com,false,""
2025-12-01T08:00:00.000000,Canada,Québec,CA-QC,24.89,58.59,94.03,89.19,hydroquebec.com,false,""
2025-12-01T09:00:00.000000,Canada,Québec,CA-QC,26.09,60.05,93.73,88.88,hydroquebec.com,false,""
2025-12-01T10:00:00.000000,Canada,Québec,CA-QC,26.15,59.93,93.72,89.24,hydroquebec.com,false,""
2025-12-01T11:00:00.000000,Canada,Québec,CA-QC,23.43,56.4,94.31,90.68,hydroquebec.com,false,""
2025-12-01T12:00:00.000000,Canada,Québec,CA-QC,22.05,54.32,94.66,91.64,hydroquebec.com,false,""
2025-12-01T13:00:00.000000,Canada,Québec,CA-QC,21.9,53.85,94.75,91.76,hydroquebec.com,false,""
2025-12-01T14:00:00.000000,Canada,Québec,CA-QC,21.68,53.5,94.83,91.76,hydroquebec.com,false,""
2025-12-01T15:00:00.000000,Canada,Québec,CA-QC,23.37,55.56,94.46,91.01,hydroquebec.com,false,""
2025-12-01T16:00:00.000000,Canada,Québec,CA-QC,24.0,56.43,94.29,90.67,hydroquebec.com,false,""
2025-12-01T17:00:00.000000,Canada,Québec,CA-QC,24.54,57.16,94.15,90.44,hydroquebec.com,false,""
2025-12-01T18:00:00.000000,Canada,Québec,CA-QC,25.98,58.95,93.78,89.97,hydroquebec.com,false,""
2025-12-01T19:00:00.000000,Canada,Québec,CA-QC,27.51,60.85,93.38,89.63,hydroquebec.com,false,""
2025-12-01T20:00:00.000000,Canada,Québec,CA-QC,26.53,59.59,93.62,90.32,hydroquebec.com,false,""
2025-12-01T21:00:00.000000,Canada,Québec,CA-QC,22.18,54.07,94.69,91.99,hydroquebec.com,false,""
2025-12-01T22:00:00.000000,Canada,Québec,CA-QC,14.0,43.77,96.75,94.95,hydroquebec.com,false,""
2025-12-01T23:00:00.000000,Canada,Québec,CA-QC,15.12,45.02,96.49,94.38,hydroquebec.com,false,""
2025-12-02T00:00:00.000000,Canada,Québec,CA-QC,21.39,53.09,94.9,92.31,hydroquebec.com,false,""
2025-12-02T01:00:00.000000,Canada,Québec,CA-QC,22.98,55.16,94.53,91.67,hydroquebec.com,false,""
2025-12-02T02:00:00.000000,Canada,Québec,CA-QC,23.97,56.58,94.26,91.23,hydroquebec.com,false,""
2025-12-02T03:00:00.000000,Canada,Québec,CA-QC,24.2,57.01,94.2,91.06,hydroquebec.com,false,""
2025-12-02T04:00:00.000000,Canada,Québec,CA-QC,24.02,56.94,94.24,91.0,hydroquebec.com,false,""
2025-12-02T05:00:00.000000,Canada,Québec,CA-QC,23.16,55.94,94.54,91.2,hydroquebec.com,false,""
2025-12-02T06:00:00.000000,Canada,Québec,CA-QC,22.97,55.77,94.56,91.02,hydroquebec.com,false,""
2025-12-02T07:00:00.000000,Canada,Québec,CA-QC,22.26,54.95,94.67,91.14,hydroquebec.com,false,""
2025-12-02T08:00:00.000000,Canada,Québec,CA-QC,20.74,53.1,95.03,91.66,hydroquebec.com,false,""
2025-12-02T09:00:00.000000,Canada,Québec,CA-QC,22.83,55.64,94.56,91.03,hydroquebec.com,false,""
2025-12-02T10:00:00.000000,Canada,Québec,CA-QC,21.52,53.91,94.89,91.6,hydroquebec.com,false,""
2025-12-02T11:00:00.000000,Canada,Québec,CA-QC,19.52,51.28,95.37,92.47,hydroquebec.com,false,""
2025-12-02T12:00:00.000000,Canada,Québec,CA-QC,17.97,49.18,95.74,93.18,hydroquebec.com,false,""
2025-12-02T13:00:00.000000,Canada,Québec,CA-QC,17.0,47.87,96.01,93.63,hydroquebec.com,false,""
2025-12-02T14:00:00.000000,Canada,Québec,CA-QC,17.55,48.56,95.89,93.52,hydroquebec.com,false,""
2025-12-02T15:00:00.000000,Canada,Québec,CA-QC,15.53,46.06,96.37,94.1,hydroquebec.com,false,""
2025-12-02T16:00:00.000000,Canada,Québec,CA-QC,15.34,45.8,96.46,94.18,hydroquebec.com,false,""
2025-12-02T17:00:00.000000,Canada,Québec,CA-QC,14.77,45.27,96.58,94.33,hydroquebec.com,false,""
2025-12-02T18:00:00.000000,Canada,Québec,CA-QC,14.82,45.38,96.59,94.29,hydroquebec.com,false,""
2025-12-02T19:00:00.000000,Canada,Québec,CA-QC,15.81,46.61,96.35,93.93,hydroquebec.com,false,""
2025-12-02T20:00:00.000000,Canada,Québec,CA-QC,14.22,44.65,96.73,94.41,hydroquebec.com,false,""
2025-12-02T21:00:00.000000,Canada,Québec,CA-QC,17.6,48.84,95.91,93.44,hydroquebec.com,false,""
2025-12-02T22:00:00.000000,Canada,Québec,CA-QC,13.43,43.63,96.92,94.93,hydroquebec.com,false,""
2025-12-02T23:00:00.000000,Canada,Québec,CA-QC,17.48,48.7,95.9,93.55,hydroquebec.com,false,""
2025-12-03T00:00:00.000000,Canada,Québec,CA-QC,14.18,44.57,96.71,94.55,hydroquebec.com,false,""
2025-12-03T01:00:00.000000,Canada,Québec,CA-QC,17.48,48.66,95.91,93.45,hydroquebec.com,false,""
2025-12-03T02:00:00.000000,Canada,Québec,CA-QC,18.44,49.95,95.67,92.99,hydroquebec.com,false,""
2025-12-03T03:00:00.000000,Canada,Québec,CA-QC,18.65,50.29,95.61,92.76,hydroquebec.com,false,""
2025-12-03T04:00:00.000000,Canada,Québec,CA-QC,17.53,48.9,95.89,92.87,hydroquebec.com,false,""
2025-12-03T05:00:00.000000,Canada,Québec,CA-QC,14.61,45.19,96.62,93.87,hydroquebec.com,false,""
2025-12-03T06:00:00.000000,Canada,Québec,CA-QC,15.18,45.84,96.48,93.53,hydroquebec.com,false,""
2025-12-03T07:00:00.000000,Canada,Québec,CA-QC,16.38,47.41,96.15,92.93,hydroquebec.com,false,""
2025-12-03T08:00:00.000000,Canada,Québec,CA-QC,16.27,47.27,96.16,92.81,hydroquebec.com,false,""
2025-12-03T09:00:00.000000,Canada,Québec,CA-QC,14.64,45.16,96.54,93.46,hydroquebec.com,false,""
2025-12-03T10:00:00.000000,Canada,Québec,CA-QC,12.07,41.8,97.18,94.52,hydroquebec.com,false,""
2025-12-03T11:00:00.000000,Canada,Québec,CA-QC,11.23,40.74,97.38,95.05,hydroquebec.com,false,""
2025-12-03T12:00:00.000000,Canada,Québec,CA-QC,11.08,40.56,97.4,95.19,hydroquebec.com,false,""
2025-12-03T13:00:00.000000,Canada,Québec,CA-QC,10.94,40.38,97.45,95.29,hydroquebec.com,false,""
2025-12-03T14:00:00.000000,Canada,Québec,CA-QC,10.43,39.83,97.55,95.31,hydroquebec.com,false,""
2025-12-03T15:00:00.000000,Canada,Québec,CA-QC,11.96,41.69,97.24,94.85,hydroquebec.com,false,""
2025-12-03T16:00:00.000000,Canada,Québec,CA-QC,11.53,41.28,97.3,94.96,hydroquebec.com,false,""
2025-12-03T17:00:00.000000,Canada,Québec,CA-QC,11.23,40.94,97.39,95.13,hydroquebec.com,false,""
2025-12-03T18:00:00.000000,Canada,Québec,CA-QC,11.27,40.92,97.4,95.13,hydroquebec.com,false,""
2025-12-03T19:00:00.000000,Canada,Québec,CA-QC,11.18,40.79,97.39,95.12,hydroquebec.com,false,""
2025-12-03T20:00:00.000000,Canada,Québec,CA-QC,11.16,40.7,97.39,95.11,hydroquebec.com,false,""
2025-12-03T21:00:00.000000,Canada,Québec,CA-QC,10.17,39.42,97.61,95.44,hydroquebec.com,false,""
2025-12-03T22:00:00.000000,Canada,Québec,CA-QC,11.01,40.32,97.43,95.26,hydroquebec.com,false,""
2025-12-03T23:00:00.000000,Canada,Québec,CA-QC,10.87,40.1,97.44,95.26,hydroquebec.com,false,""
2025-12-04T00:00:00.000000,Canada,Québec,CA-QC,9.8,38.82,97.68,95.61,hydroquebec.com,false,""
2025-12-04T01:00:00.000000,Canada,Québec,CA-QC,10.19,39.25,97.59,95.45,hydroquebec.com,false,""
2025-12-04T02:00:00.000000,Canada,Québec,CA-QC,17.8,48.64,95.81,92.86,hydroquebec.com,false,""
2025-12-04T03:00:00.000000,Canada,Québec,CA-QC,17.31,48.05,95.94,92.87,hydroquebec.com,false,""
2025-12-04T04:00:00.000000,Canada,Québec,CA-QC,18.7,49.84,95.63,92.18,hydroquebec.com,false,""
2025-12-04T05:00:00.000000,Canada,Québec,CA-QC,13.46,43.23,96.86,93.81,hydroquebec.com,false,""
2025-12-04T06:00:00.000000,Canada,Québec,CA-QC,13.35,42.97,96.91,93.8,hydroquebec.com,false,""
2025-12-04T07:00:00.000000,Canada,Québec,CA-QC,13.36,42.97,96.91,93.73,hydroquebec.com,false,""
2025-12-04T08:00:00.000000,Canada,Québec,CA-QC,12.9,42.37,97.04,93.85,hydroquebec.com,false,""
2025-12-04T09:00:00.000000,Canada,Québec,CA-QC,12.35,41.69,97.15,94.03,hydroquebec.com,false,""
2025-12-04T10:00:00.000000,Canada,Québec,CA-QC,11.78,41.01,97.28,94.31,hydroquebec.com,false,""
2025-12-04T11:00:00.000000,Canada,Québec,CA-QC,11.09,40.23,97.41,94.83,hydroquebec.com,false,""
2025-12-04T12:00:00.000000,Canada,Québec,CA-QC,11.29,40.44,97.35,94.98,hydroquebec.com,false,""
2025-12-04T13:00:00.000000,Canada,Québec,CA-QC,11.06,40.11,97.42,95.11,hydroquebec.com,false,""
2025-12-04T14:00:00.000000,Canada,Québec,CA-QC,11.33,40.46,97.34,94.98,hydroquebec.com,false,""
2025-12-04T15:00:00.000000,Canada,Québec,CA-QC,11.2,40.35,97.38,94.99,hydroquebec.com,false,""
2025-12-04T16:00:00.000000,Canada,Québec,CA-QC,11.4,40.55,97.35,94.86,hydroquebec.com,false,""
2025-12-04T17:00:00.000000,Canada,Québec,CA-QC,11.79,41.01,97.24,94.76,hydroquebec.com,false,""
2025-12-04T18:00:00.000000,Canada,Québec,CA-QC,11.58,40.69,97.28,94.83,hydroquebec.com,false,""
2025-12-04T19:00:00.000000,Canada,Québec,CA-QC,11.71,40.66,97.27,94.84,hydroquebec.com,false,""
2025-12-04T20:00:00.000000,Canada,Québec,CA-QC,11.82,40.57,97.27,94.99,hydroquebec.com,false,""
2025-12-04T21:00:00.000000,Canada,Québec,CA-QC,10.12,38.43,97.66,95.87,hydroquebec.com,false,""
2025-12-04T22:00:00.000000,Canada,Québec,CA-QC,11.68,40.15,97.32,95.37,hydroquebec.com,false,""
2025-12-04T23:00:00.000000,Canada,Québec,CA-QC,11.92,40.41,97.25,95.32,hydroquebec.com,false,""
2025-12-05T00:00:00.000000,Canada,Québec,CA-QC,13.09,41.88,97.03,95.02,hydroquebec.com,false,""
2025-12-05T01:00:00.000000,Canada,Québec,CA-QC,12.72,41.58,97.22,95.7,hydroquebec.com,false,""
2025-12-05T02:00:00.000000,Canada,Québec,CA-QC,13.26,42.2,97.09,95.38,hydroquebec.com,false,""
2025-12-05T03:00:00.000000,Canada,Québec,CA-QC,14.07,43.19,96.89,94.92,hydroquebec.com,false,""
2025-12-05T04:00:00.000000,Canada,Québec,CA-QC,12.32,40.98,97.16,95.0,hydroquebec.com,false,""
2025-12-05T05:00:00.000000,Canada,Québec,CA-QC,13.17,41.94,97.0,94.63,hydroquebec.com,false,""
2025-12-05T06:00:00.000000,Canada,Québec,CA-QC,12.7,41.39,97.1,94.66,hydroquebec.com,false,""
2025-12-05T07:00:00.000000,Canada,Québec,CA-QC,13.31,42.08,96.98,94.45,hydroquebec.com,false,""
2025-12-05T08:00:00.000000,Canada,Québec,CA-QC,12.72,41.4,97.1,94.6,hydroquebec.com,false,""
2025-12-05T09:00:00.000000,Canada,Québec,CA-QC,13.31,42.16,96.99,94.47,hydroquebec.com,false,""
2025-12-05T10:00:00.000000,Canada,Québec,CA-QC,11.62,40.13,97.34,95.01,hydroquebec.com,false,""
2025-12-05T11:00:00.000000,Canada,Québec,CA-QC,14.82,44.18,96.72,94.28,hydroquebec.com,false,""
2025-12-05T12:00:00.000000,Canada,Québec,CA-QC,11.15,39.74,97.39,95.3,hydroquebec.com,false,""
2025-12-05T13:00:00.000000,Canada,Québec,CA-QC,12.73,41.62,97.11,94.93,hydroquebec.com,false,""
2025-12-05T14:00:00.000000,Canada,Québec,CA-QC,11.52,40.12,97.32,95.17,hydroquebec.com,false,""
2025-12-05T15:00:00.000000,Canada,Québec,CA-QC,11.11,39.71,97.4,95.29,hydroquebec.com,false,""
2025-12-05T16:00:00.000000,Canada,Québec,CA-QC,11.21,39.85,97.38,95.26,hydroquebec.com,false,""
2025-12-05T17:00:00.000000,Canada,Québec,CA-QC,11.55,40.22,97.32,95.13,hydroquebec.com,false,""
2025-12-05T18:00:00.000000,Canada,Québec,CA-QC,12.05,40.85,97.24,95.0,hydroquebec.com,false,""
2025-12-05T19:00:00.000000,Canada,Québec,CA-QC,12.13,41.03,97.23,94.95,hydroquebec.com,false,""
2025-12-05T20:00:00.000000,Canada,Québec,CA-QC,11.69,40.56,97.3,95.09,hydroquebec.com,false,""
2025-12-05T21:00:00.000000,Canada,Québec,CA-QC,14.69,44.28,96.72,94.4,hydroquebec.com,false,""
2025-12-05T22:00:00.000000,Canada,Québec,CA-QC,16.57,46.57,96.38,94.02,hydroquebec.com,false,""
2025-12-05T23:00:00.000000,Canada,Québec,CA-QC,14.57,44.15,96.74,94.44,hydroquebec.com,false,""
2025-12-06T00:00:00.000000,Canada,Québec,CA-QC,12.47,41.6,97.14,94.93,hydroquebec.com,false,""
2025-12-06T01:00:00.000000,Canada,Québec,CA-QC,12.06,41.21,97.23,95.11,hydroquebec.com,false,""
2025-12-06T02:00:00.000000,Canada,Québec,CA-QC,11.82,40.89,97.26,94.96,hydroquebec.com,false,""
2025-12-06T03:00:00.000000,Canada,Québec,CA-QC,11.44,40.41,97.32,94.94,hydroquebec.com,false,""
2025-12-06T04:00:00.000000,Canada,Québec,CA-QC,11.47,40.5,97.33,94.81,hydroquebec.com,false,""
2025-12-06T05:00:00.000000,Canada,Québec,CA-QC,11.11,40.17,97.43,94.75,hydroquebec.com,false,""
2025-12-06T06:00:00.000000,Canada,Québec,CA-QC,10.89,39.98,97.48,94.71,hydroquebec.com,false,""
2025-12-06T07:00:00.000000,Canada,Québec,CA-QC,10.73,39.82,97.52,94.71,hydroquebec.com,false,""
2025-12-06T08:00:00.000000,Canada,Québec,CA-QC,11.08,40.29,97.45,94.57,hydroquebec.com,false,""
2025-12-06T09:00:00.000000,Canada,Québec,CA-QC,11.08,40.35,97.44,94.58,hydroquebec.com,false,""
2025-12-06T10:00:00.000000,Canada,Québec,CA-QC,11.3,40.64,97.37,94.58,hydroquebec.com,false,""
2025-12-06T11:00:00.000000,Canada,Québec,CA-QC,13.46,43.35,96.92,94.05,hydroquebec.com,false,""
2025-12-06T12:00:00.000000,Canada,Québec,CA-QC,14.2,44.26,96.79,93.98,hydroquebec.com,false,""
2025-12-06T13:00:00.000000,Canada,Québec,CA-QC,14.4,44.4,96.71,94.02,hydroquebec.com,false,""
2025-12-06T14:00:00.000000,Canada,Québec,CA-QC,14.88,45.0,96.61,93.94,hydroquebec.com,false,""
2025-12-06T15:00:00.000000,Canada,Québec,CA-QC,15.65,45.96,96.43,93.7,hydroquebec.com,false,""
2025-12-06T16:00:00.000000,Canada,Québec,CA-QC,12.68,42.23,97.03,94.5,hydroquebec.com,false,""
2025-12-06T17:00:00.000000,Canada,Québec,CA-QC,12.63,42.14,97.05,94.5,hydroquebec.com,false,""
2025-12-06T18:00:00.000000,Canada,Québec,CA-QC,12.83,42.39,97.02,94.45,hydroquebec.com,false,""
2025-12-06T19:00:00.000000,Canada,Québec,CA-QC,12.84,42.44,97.0,94.43,hydroquebec.com,false,""
2025-12-06T20:00:00.000000,Canada,Québec,CA-QC,12.67,42.19,97.03,94.48,hydroquebec.com,false,""
2025-12-06T21:00:00.000000,Canada,Québec,CA-QC,12.61,42.02,97.04,94.55,hydroquebec.com,false,""
2025-12-06T22:00:00.000000,Canada,Québec,CA-QC,14.05,43.84,96.76,94.35,hydroquebec.com,false,""
2025-12-06T23:00:00.000000,Canada,Québec,CA-QC,16.45,46.68,96.24,93.49,hydroquebec.com,false,""
2025-12-07T00:00:00.000000,Canada,Québec,CA-QC,17.36,47.88,96.03,93.15,hydroquebec.com,false,""
2025-12-07T01:00:00.000000,Canada,Québec,CA-QC,16.65,47.09,96.18,93.27,hydroquebec.com,false,""
2025-12-07T02:00:00.000000,Canada,Québec,CA-QC,16.84,47.34,96.13,93.13,hydroquebec.com,false,""
2025-12-07T03:00:00.000000,Canada,Québec,CA-QC,17.91,48.62,95.91,92.73,hydroquebec.com,false,""
2025-12-07T04:00:00.000000,Canada,Québec,CA-QC,18.91,49.97,95.66,92.26,hydroquebec.com,false,""
2025-12-07T05:00:00.000000,Canada,Québec,CA-QC,20.4,51.77,95.3,91.34,hydroquebec.com,false,""
2025-12-07T06:00:00.000000,Canada,Québec,CA-QC,19.59,50.84,95.43,91.59,hydroquebec.com,false,""
2025-12-07T07:00:00.000000,Canada,Québec,CA-QC,19.28,50.28,95.52,91.61,hydroquebec.com,false,""
2025-12-07T08:00:00.000000,Canada,Québec,CA-QC,18.82,49.71,95.58,91.72,hydroquebec.com,false,""
2025-12-07T09:00:00.000000,Canada,Québec,CA-QC,18.78,49.56,95.6,91.7,hydroquebec.com,false,""
2025-12-07T10:00:00.000000,Canada,Québec,CA-QC,18.08,48.71,95.73,91.99,hydroquebec.com,false,""
2025-12-07T11:00:00.000000,Canada,Québec,CA-QC,18.3,48.92,95.68,92.06,hydroquebec.com,false,""
2025-12-07T12:00:00.000000,Canada,Québec,CA-QC,17.12,47.47,95.99,92.85,hydroquebec.com,false,""
2025-12-07T13:00:00.000000,Canada,Québec,CA-QC,17.0,47.34,96.04,93.03,hydroquebec.com,false,""
2025-12-07T14:00:00.000000,Canada,Québec,CA-QC,17.46,47.98,95.94,92.91,hydroquebec.com,false,""
2025-12-07T15:00:00.000000,Canada,Québec,CA-QC,17.39,48.02,95.96,92.91,hydroquebec.com,false,""
2025-12-07T16:00:00.000000,Canada,Québec,CA-QC,19.1,50.26,95.55,92.37,hydroquebec.com,false,""
2025-12-07T17:00:00.000000,Canada,Québec,CA-QC,19.0,50.2,95.57,92.46,hydroquebec.com,false,""
2025-12-07T18:00:00.000000,Canada,Québec,CA-QC,19.33,50.66,95.53,92.45,hydroquebec.com,false,""
2025-12-07T19:00:00.000000,Canada,Québec,CA-QC,17.56,48.41,95.97,93.12,hydroquebec.com,false,""
2025-12-07T20:00:00.000000,Canada,Québec,CA-QC,16.34,46.97,96.22,93.52,hydroquebec.com,false,""
2025-12-07T21:00:00.000000,Canada,Québec,CA-QC,15.74,46.2,96.41,93.81,hydroquebec.com,false,""
2025-12-07T22:00:00.000000,Canada,Québec,CA-QC,15.57,45.97,96.46,93.96,hydroquebec.com,false,""
2025-12-07T23:00:00.000000,Canada,Québec,CA-QC,15.25,45.59,96.5,94.02,hydroquebec.com,false,""
2025-12-08T00:00:00.000000,Canada,Québec,CA-QC,15.68,46.22,96.39,93.88,hydroquebec.com,false,""
2025-12-08T01:00:00.000000,Canada,Québec,CA-QC,15.6,46.16,96.39,93.81,hydroquebec.com,false,""
2025-12-08T02:00:00.000000,Canada,Québec,CA-QC,15.58,46.14,96.4,93.71,hydroquebec.com,false,""
2025-12-08T03:00:00.000000,Canada,Québec,CA-QC,16.17,46.91,96.26,93.45,hydroquebec.com,false,""
2025-12-08T04:00:00.000000,Canada,Québec,CA-QC,16.23,47.0,96.26,93.21,hydroquebec.com,false,""
2025-12-08T05:00:00.000000,Canada,Québec,CA-QC,16.65,47.48,96.19,93.0,hydroquebec.com,false,""
2025-12-08T06:00:00.000000,Canada,Québec,CA-QC,16.96,47.89,96.1,92.84,hydroquebec.com,false,""
2025-12-08T07:00:00.000000,Canada,Québec,CA-QC,16.93,47.82,96.13,92.85,hydroquebec.com,false,""
2025-12-08T08:00:00.000000,Canada,Québec,CA-QC,16.82,47.6,96.16,92.94,hydroquebec.com,false,""
2025-12-08T09:00:00.000000,Canada,Québec,CA-QC,17.18,47.95,96.08,92.96,hydroquebec.com,false,""
2025-12-08T10:00:00.000000,Canada,Québec,CA-QC,17.23,47.82,96.1,93.14,hydroquebec.com,false,""
2025-12-08T11:00:00.000000,Canada,Québec,CA-QC,18.01,48.7,95.99,93.32,hydroquebec.com,false,""
2025-12-08T12:00:00.000000,Canada,Québec,CA-QC,17.64,48.16,96.03,93.51,hydroquebec.com,false,""
2025-12-08T13:00:00.000000,Canada,Québec,CA-QC,18.07,48.6,95.94,93.44,hydroquebec.com,false,""
2025-12-08T14:00:00.000000,Canada,Québec,CA-QC,20.23,51.06,95.39,92.13,hydroquebec.com,false,""
2025-12-08T15:00:00.000000,Canada,Québec,CA-QC,18.15,48.65,96.02,93.54,hydroquebec.com,false,""
2025-12-08T16:00:00.000000,Canada,Québec,CA-QC,19.27,50.11,95.85,93.43,hydroquebec.com,false,""
2025-12-08T17:00:00.000000,Canada,Québec,CA-QC,20.86,52.14,95.5,92.82,hydroquebec.com,false,""
2025-12-08T18:00:00.000000,Canada,Québec,CA-QC,19.97,51.03,95.68,93.1,hydroquebec.com,false,""
2025-12-08T19:00:00.000000,Canada,Québec,CA-QC,20.05,51.05,95.66,93.08,hydroquebec.com,false,""
2025-12-08T20:00:00.000000,Canada,Québec,CA-QC,20.37,51.42,95.61,93.08,hydroquebec.com,false,""
2025-12-08T21:00:00.000000,Canada,Québec,CA-QC,18.88,49.5,95.97,93.76,hydroquebec.com,false,""
2025-12-08T22:00:00.000000,Canada,Québec,CA-QC,16.96,47.01,96.36,94.39,hydroquebec.com,false,""
2025-12-08T23:00:00.000000,Canada,Québec,CA-QC,17.27,47.34,96.34,94.5,hydroquebec.com,false,""
2025-12-09T00:00:00.000000,Canada,Québec,CA-QC,17.67,47.83,96.26,94.33,hydroquebec.com,false,""
2025-12-09T01:00:00.000000,Canada,Québec,CA-QC,17.34,47.42,96.31,94.34,hydroquebec.com,false,""
2025-12-09T02:00:00.000000,Canada,Québec,CA-QC,16.89,46.85,96.35,94.28,hydroquebec.com,false,""
2025-12-09T03:00:00.000000,Canada,Québec,CA-QC,16.63,46.48,96.38,94.21,hydroquebec.com,false,""
2025-12-09T04:00:00.000000,Canada,Québec,CA-QC,16.73,46.61,96.3,93.92,hydroquebec.com,false,""
2025-12-09T05:00:00.000000,Canada,Québec,CA-QC,16.93,46.84,96.22,93.6,hydroquebec.com,false,""
2025-12-09T06:00:00.000000,Canada,Québec,CA-QC,16.77,46.6,96.27,93.59,hydroquebec.com,false,""
2025-12-09T07:00:00.000000,Canada,Québec,CA-QC,16.18,45.9,96.38,93.71,hydroquebec.com,false,""
2025-12-09T08:00:00.000000,Canada,Québec,CA-QC,15.93,45.59,96.44,93.81,hydroquebec.com,false,""
2025-12-09T09:00:00.000000,Canada,Québec,CA-QC,15.36,44.83,96.58,94.0,hydroquebec.com,false,""
2025-12-09T10:00:00.000000,Canada,Québec,CA-QC,15.29,44.78,96.63,94.21,hydroquebec.com,false,""
2025-12-09T11:00:00.000000,Canada,Québec,CA-QC,17.42,47.29,96.19,93.64,hydroquebec.com,false,""
2025-12-09T12:00:00.000000,Canada,Québec,CA-QC,15.69,45.3,96.54,94.28,hydroquebec.com,false,""
2025-12-09T13:00:00.000000,Canada,Québec,CA-QC,15.77,45.43,96.55,94.36,hydroquebec.com,false,""
2025-12-09T14:00:00.000000,Canada,Québec,CA-QC,17.14,47.19,96.28,93.95,hydroquebec.com,false,""
2025-12-09T15:00:00.000000,Canada,Québec,CA-QC,17.02,47.13,96.27,93.92,hydroquebec.com,false,""
2025-12-09T16:00:00.000000,Canada,Québec,CA-QC,18.93,49.57,95.89,93.33,hydroquebec.com,false,""
2025-12-09T17:00:00.000000,Canada,Québec,CA-QC,19.1,49.91,95.84,93.25,hydroquebec.com,false,""
2025-12-09T18:00:00.000000,Canada,Québec,CA-QC,20.79,51.88,95.51,92.92,hydroquebec.com,false,""
2025-12-09T19:00:00.000000,Canada,Québec,CA-QC,18.85,49.63,95.9,93.57,hydroquebec.com,false,""
2025-12-09T20:00:00.000000,Canada,Québec,CA-QC,20.04,50.99,95.72,93.35,hydroquebec.com,false,""
2025-12-09T21:00:00.000000,Canada,Québec,CA-QC,19.73,50.54,95.76,93.43,hydroquebec.com,false,""
2025-12-09T22:00:00.000000,Canada,Québec,CA-QC,18.38,48.82,96.07,93.88,hydroquebec.com,false,""
2025-12-09T23:00:00.000000,Canada,Québec,CA-QC,19.34,50.01,95.9,93.61,hydroquebec.com,false,""
2025-12-10T00:00:00.000000,Canada,Québec,CA-QC,19.89,50.55,95.78,93.36,hydroquebec.com,false,""
2025-12-10T01:00:00.000000,Canada,Québec,CA-QC,19.49,50.22,95.89,93.54,hydroquebec.com,false,""
2025-12-10T02:00:00.000000,Canada,Québec,CA-QC,18.49,49.0,96.06,93.62,hydroquebec.com,false,""
2025-12-10T03:00:00.000000,Canada,Québec,CA-QC,17.28,47.53,96.25,93.68,hydroquebec.com,false,""
2025-12-10T04:00:00.000000,Canada,Québec,CA-QC,17.38,47.66,96.15,93.32,hydroquebec.com,false,""
2025-12-10T05:00:00.000000,Canada,Québec,CA-QC,12.93,42.11,96.96,94.26,hydroquebec.com,false,""
2025-12-10T06:00:00.000000,Canada,Québec,CA-QC,12.96,42.29,96.95,94.21,hydroquebec.com,false,""
2025-12-10T07:00:00.000000,Canada,Québec,CA-QC,12.44,41.89,97.07,94.34,hydroquebec.com,false,""
2025-12-10T08:00:00.000000,Canada,Québec,CA-QC,13.08,42.66,96.94,94.08,hydroquebec.com,false,""
2025-12-10T09:00:00.000000,Canada,Québec,CA-QC,13.14,42.82,96.93,94.07,hydroquebec.com,false,""
2025-12-10T10:00:00.000000,Canada,Québec,CA-QC,12.45,42.03,97.09,94.31,hydroquebec.com,false,""
2025-12-10T11:00:00.000000,Canada,Québec,CA-QC,15.48,45.97,96.43,93.69,hydroquebec.com,false,""
2025-12-10T12:00:00.000000,Canada,Québec,CA-QC,16.16,46.92,96.28,93.77,hydroquebec.com,false,""
2025-12-10T13:00:00.000000,Canada,Québec,CA-QC,16.04,46.78,96.31,93.8,hydroquebec.com,false,""
2025-12-10T14:00:00.000000,Canada,Québec,CA-QC,15.72,46.48,96.35,93.81,hydroquebec.com,false,""
2025-12-10T15:00:00.000000,Canada,Québec,CA-QC,14.11,44.53,96.72,94.36,hydroquebec.com,false,""
2025-12-10T16:00:00.000000,Canada,Québec,CA-QC,12.61,42.74,97.04,94.77,hydroquebec.com,false,""
2025-12-10T17:00:00.000000,Canada,Québec,CA-QC,12.63,42.75,97.06,94.75,hydroquebec.com,false,""
2025-12-10T18:00:00.000000,Canada,Québec,CA-QC,13.15,43.36,96.94,94.62,hydroquebec.com,false,""
2025-12-10T19:00:00.000000,Canada,Québec,CA-QC,12.45,42.52,97.09,94.92,hydroquebec.com,false,""
2025-12-10T20:00:00.000000,Canada,Québec,CA-QC,12.1,42.02,97.16,95.03,hydroquebec.com,false,""
2025-12-10T21:00:00.000000,Canada,Québec,CA-QC,13.52,43.77,96.81,94.61,hydroquebec.com,false,""
2025-12-10T22:00:00.000000,Canada,Québec,CA-QC,12.44,42.38,97.07,95.05,hydroquebec.com,false,""
2025-12-10T23:00:00.000000,Canada,Québec,CA-QC,10.68,40.12,97.46,95.51,hydroquebec.com,false,""
2025-12-11T00:00:00.000000,Canada,Québec,CA-QC,10.89,40.28,97.41,95.35,hydroquebec.com,false,""
2025-12-11T01:00:00.000000,Canada,Québec,CA-QC,11.93,41.47,97.17,94.99,hydroquebec.com,false,""
2025-12-11T02:00:00.000000,Canada,Québec,CA-QC,12.15,41.8,97.12,94.83,hydroquebec.com,false,""
2025-12-11T03:00:00.000000,Canada,Québec,CA-QC,13.16,43.12,96.89,94.34,hydroquebec.com,false,""
2025-12-11T04:00:00.000000,Canada,Québec,CA-QC,13.17,43.23,96.91,94.34,hydroquebec.com,false,""
2025-12-11T05:00:00.000000,Canada,Québec,CA-QC,12.95,42.9,97.02,94.31,hydroquebec.com,false,""
2025-12-11T06:00:00.000000,Canada,Québec,CA-QC,14.07,44.01,96.76,93.68,hydroquebec.com,false,""
2025-12-11T07:00:00.000000,Canada,Québec,CA-QC,13.99,43.84,96.75,93.7,hydroquebec.com,false,""
2025-12-11T08:00:00.000000,Canada,Québec,CA-QC,13.68,43.54,96.8,93.74,hydroquebec.com,false,""
2025-12-11T09:00:00.000000,Canada,Québec,CA-QC,13.84,43.68,96.78,93.7,hydroquebec.com,false,""
2025-12-11T10:00:00.000000,Canada,Québec,CA-QC,13.16,42.76,96.97,94.05,hydroquebec.com,false,""
2025-12-11T11:00:00.000000,Canada,Québec,CA-QC,13.56,43.17,96.88,94.2,hydroquebec.com,false,""
2025-12-11T12:00:00.000000,Canada,Québec,CA-QC,10.92,40.05,97.43,95.32,hydroquebec.com,false,""
2025-12-11T13:00:00.000000,Canada,Québec,CA-QC,11.38,40.53,97.37,95.31,hydroquebec.com,false,""
2025-12-11T14:00:00.000000,Canada,Québec,CA-QC,12.02,41.35,97.21,94.97,hydroquebec.com,false,""
2025-12-11T15:00:00.000000,Canada,Québec,CA-QC,12.29,41.66,97.17,94.87,hydroquebec.com,false,""
2025-12-11T16:00:00.000000,Canada,Québec,CA-QC,8.76,37.37,97.96,95.88,hydroquebec.com,false,""
2025-12-11T17:00:00.000000,Canada,Québec,CA-QC,7.33,35.43,98.28,96.4,hydroquebec.com,false,""
2025-12-11T18:00:00.000000,Canada,Québec,CA-QC,7.61,35.65,98.23,96.41,hydroquebec.com,false,""
2025-12-11T19:00:00.000000,Canada,Québec,CA-QC,8.02,36.36,98.13,96.21,hydroquebec.com,false,""
2025-12-11T20:00:00.000000,Canada,Québec,CA-QC,10.81,39.98,97.45,95.36,hydroquebec.com,false,""
2025-12-11T21:00:00.000000,Canada,Québec,CA-QC,15.43,45.5,96.42,94.03,hydroquebec.com,false,""
2025-12-11T22:00:00.000000,Canada,Québec,CA-QC,14.94,44.88,96.51,94.28,hydroquebec.com,false,""
2025-12-11T23:00:00.000000,Canada,Québec,CA-QC,14.97,44.85,96.5,94.27,hydroquebec.com,false,""
2025-12-12T00:00:00.000000,Canada,Québec,CA-QC,12.31,41.51,97.13,95.08,hydroquebec.com,false,""
2025-12-12T01:00:00.000000,Canada,Québec,CA-QC,12.18,41.28,97.19,95.13,hydroquebec.com,false,""
2025-12-12T02:00:00.000000,Canada,Québec,CA-QC,11.72,40.8,97.27,95.22,hydroquebec.com,false,""
2025-12-12T03:00:00.000000,Canada,Québec,CA-QC,12.37,41.6,97.13,94.96,hydroquebec.com,false,""
2025-12-12T04:00:00.000000,Canada,Québec,CA-QC,13.76,43.21,96.88,94.55,hydroquebec.com,false,""
2025-12-12T05:00:00.000000,Canada,Québec,CA-QC,13.9,43.32,96.86,94.26,hydroquebec.com,false,""
2025-12-12T06:00:00.000000,Canada,Québec,CA-QC,14.06,43.48,96.82,94.19,hydroquebec.com,false,""
2025-12-12T07:00:00.000000,Canada,Québec,CA-QC,14.16,43.55,96.8,94.15,hydroquebec.com,false,""
2025-12-12T08:00:00.000000,Canada,Québec,CA-QC,13.76,42.94,96.9,94.21,hydroquebec.com,false,""
2025-12-12T09:00:00.000000,Canada,Québec,CA-QC,13.27,42.33,96.98,94.37,hydroquebec.com,false,""
2025-12-12T10:00:00.000000,Canada,Québec,CA-QC,13.16,42.14,97.0,94.57,hydroquebec.com,false,""
2025-12-12T11:00:00.000000,Canada,Québec,CA-QC,12.97,41.83,97.0,94.65,hydroquebec.com,false,""
2025-12-12T12:00:00.000000,Canada,Québec,CA-QC,11.85,40.42,97.22,95.08,hydroquebec.com,false,""
2025-12-12T13:00:00.000000,Canada,Québec,CA-QC,12.67,41.41,97.05,94.83,hydroquebec.com,false,""
2025-12-12T14:00:00.000000,Canada,Québec,CA-QC,12.61,41.28,97.1,94.89,hydroquebec.com,false,""
2025-12-12T15:00:00.000000,Canada,Québec,CA-QC,12.21,40.86,97.17,95.06,hydroquebec.com,false,""
2025-12-12T16:00:00.000000,Canada,Québec,CA-QC,15.11,44.46,96.5,93.88,hydroquebec.com,false,""
2025-12-12T17:00:00.000000,Canada,Québec,CA-QC,17.72,47.77,95.87,92.89,hydroquebec.com,false,""
2025-12-12T18:00:00.000000,Canada,Québec,CA-QC,18.02,48.19,95.78,92.77,hydroquebec.com,false,""
2025-12-12T19:00:00.000000,Canada,Québec,CA-QC,14.4,43.54,96.65,94.09,hydroquebec.com,false,""
2025-12-12T20:00:00.000000,Canada,Québec,CA-QC,14.33,43.31,96.7,94.22,hydroquebec.com,false,""
2025-12-12T21:00:00.000000,Canada,Québec,CA-QC,12.33,40.81,97.15,94.94,hydroquebec.com,false,""
2025-12-12T22:00:00.000000,Canada,Québec,CA-QC,11.26,39.54,97.35,95.27,hydroquebec.com,false,""
2025-12-12T23:00:00.000000,Canada,Québec,CA-QC,11.69,40.06,97.25,95.14,hydroquebec.com,false,""
2025-12-13T00:00:00.000000,Canada,Québec,CA-QC,11.86,40.28,97.22,95.08,hydroquebec.com,false,""
2025-12-13T01:00:00.000000,Canada,Québec,CA-QC,12.29,40.87,97.1,94.88,hydroquebec.com,false,""
2025-12-13T02:00:00.000000,Canada,Québec,CA-QC,12.97,41.76,96.98,94.82,hydroquebec.com,false,""
2025-12-13T03:00:00.000000,Canada,Québec,CA-QC,14.02,43.09,96.68,94.01,hydroquebec.com,false,""
2025-12-13T04:00:00.000000,Canada,Québec,CA-QC,14.82,44.1,96.5,93.5,hydroquebec.com,false,""
2025-12-13T05:00:00.000000,Canada,Québec,CA-QC,14.14,43.35,96.68,93.53,hydroquebec.com,false,""
2025-12-13T06:00:00.000000,Canada,Québec,CA-QC,13.53,42.62,96.84,93.68,hydroquebec.com,false,""
2025-12-13T07:00:00.000000,Canada,Québec,CA-QC,12.97,41.99,96.95,93.9,hydroquebec.com,false,""
2025-12-13T08:00:00.000000,Canada,Québec,CA-QC,12.93,41.94,96.94,93.71,hydroquebec.com,false,""
2025-12-13T09:00:00.000000,Canada,Québec,CA-QC,12.66,41.59,97.02,93.87,hydroquebec.com,false,""
2025-12-13T10:00:00.000000,Canada,Québec,CA-QC,12.24,41.06,97.13,94.08,hydroquebec.com,false,""
2025-12-13T11:00:00.000000,Canada,Québec,CA-QC,12.23,41.11,97.12,94.13,hydroquebec.com,false,""
2025-12-13T12:00:00.000000,Canada,Québec,CA-QC,12.43,41.49,97.04,94.23,hydroquebec.com,false,""
2025-12-13T13:00:00.000000,Canada,Québec,CA-QC,13.61,42.88,96.83,94.04,hydroquebec.com,false,""
2025-12-13T14:00:00.000000,Canada,Québec,CA-QC,12.39,41.55,97.07,94.43,hydroquebec.com,false,""
2025-12-13T15:00:00.000000,Canada,Québec,CA-QC,12.91,42.34,96.92,94.26,hydroquebec.com,false,""
2025-12-13T16:00:00.000000,Canada,Québec,CA-QC,13.28,42.9,96.82,94.15,hydroquebec.com,false,""
2025-12-13T17:00:00.000000,Canada,Québec,CA-QC,12.9,42.51,96.93,94.24,hydroquebec.com,false,""
2025-12-13T18:00:00.000000,Canada,Québec,CA-QC,12.92,42.57,96.95,94.15,hydroquebec.com,false,""
2025-12-13T19:00:00.000000,Canada,Québec,CA-QC,13.36,43.14,96.84,94.03,hydroquebec.com,false,""
2025-12-13T20:00:00.000000,Canada,Québec,CA-QC,15.89,46.38,96.2,93.26,hydroquebec.com,false,""
2025-12-13T21:00:00.000000,Canada,Québec,CA-QC,16.03,46.53,96.17,93.32,hydroquebec.com,false,""
2025-12-13T22:00:00.000000,Canada,Québec,CA-QC,14.64,44.78,96.5,93.84,hydroquebec.com,false,""
2025-12-13T23:00:00.000000,Canada,Québec,CA-QC,13.4,43.23,96.79,94.21,hydroquebec.com,false,""
2025-12-14T00:00:00.000000,Canada,Québec,CA-QC,12.84,42.64,96.91,94.35,hydroquebec.com,false,""
2025-12-14T01:00:00.000000,Canada,Québec,CA-QC,14.06,44.14,96.64,93.91,hydroquebec.com,false,""
2025-12-14T02:00:00.000000,Canada,Québec,CA-QC,14.37,44.63,96.55,93.73,hydroquebec.com,false,""
2025-12-14T03:00:00.000000,Canada,Québec,CA-QC,15.36,45.86,96.34,93.33,hydroquebec.com,false,""
2025-12-14T04:00:00.000000,Canada,Québec,CA-QC,14.94,45.41,96.43,93.3,hydroquebec.com,false,""
2025-12-14T05:00:00.000000,Canada,Québec,CA-QC,15.12,45.65,96.41,93.06,hydroquebec.com,false,""
2025-12-14T06:00:00.000000,Canada,Québec,CA-QC,15.18,45.78,96.4,92.99,hydroquebec.com,false,""
2025-12-14T07:00:00.000000,Canada,Québec,CA-QC,18.06,49.43,95.68,91.89,hydroquebec.com,false,""
2025-12-14T08:00:00.000000,Canada,Québec,CA-QC,17.12,48.29,95.92,92.16,hydroquebec.com,false,""
2025-12-14T09:00:00.000000,Canada,Québec,CA-QC,17.8,49.18,95.74,91.94,hydroquebec.com,false,""
2025-12-14T10:00:00.000000,Canada,Québec,CA-QC,16.0,46.89,96.18,92.66,hydroquebec.com,false,""
2025-12-14T11:00:00.000000,Canada,Québec,CA-QC,18.36,49.9,95.59,91.97,hydroquebec.com,false,""
2025-12-14T12:00:00.000000,Canada,Québec,CA-QC,18.08,49.53,95.65,92.27,hydroquebec.com,false,""
2025-12-14T13:00:00.000000,Canada,Québec,CA-QC,17.48,48.68,95.82,92.67,hydroquebec.com,false,""
2025-12-14T14:00:00.000000,Canada,Québec,CA-QC,17.45,48.66,95.84,92.77,hydroquebec.com,false,""
2025-12-14T15:00:00.000000,Canada,Québec,CA-QC,17.92,49.42,95.77,92.88,hydroquebec.com,false,""
2025-12-14T16:00:00.000000,Canada,Québec,CA-QC,18.52,50.2,95.71,92.96,hydroquebec.com,false,""
2025-12-14T17:00:00.000000,Canada,Québec,CA-QC,14.96,45.78,96.56,94.09,hydroquebec.com,false,""
2025-12-14T18:00:00.000000,Canada,Québec,CA-QC,14.47,45.21,96.6,93.96,hydroquebec.com,false,""
2025-12-14T19:00:00.000000,Canada,Québec,CA-QC,14.59,45.39,96.54,93.95,hydroquebec.com,false,""
2025-12-14T20:00:00.000000,Canada,Québec,CA-QC,13.83,44.35,96.71,94.25,hydroquebec.com,false,""
2025-12-14T21:00:00.000000,Canada,Québec,CA-QC,16.22,47.14,96.17,93.52,hydroquebec.com,false,""
2025-12-14T22:00:00.000000,Canada,Québec,CA-QC,15.6,46.24,96.32,93.83,hydroquebec.com,false,""
2025-12-14T23:00:00.000000,Canada,Québec,CA-QC,14.98,45.29,96.44,94.02,hydroquebec.com,false,""
2025-12-15T00:00:00.000000,Canada,Québec,CA-QC,14.69,44.87,96.48,94.06,hydroquebec.com,false,""
2025-12-15T01:00:00.000000,Canada,Québec,CA-QC,15.65,46.01,96.28,93.77,hydroquebec.com,false,""
2025-12-15T02:00:00.000000,Canada,Québec,CA-QC,16.79,47.47,95.99,93.3,hydroquebec.com,false,""
2025-12-15T03:00:00.000000,Canada,Québec,CA-QC,14.38,44.43,96.58,93.97,hydroquebec.com,false,""
2025-12-15T04:00:00.000000,Canada,Québec,CA-QC,15.51,45.7,96.37,93.57,hydroquebec.com,false,""
2025-12-15T05:00:00.000000,Canada,Québec,CA-QC,15.1,45.25,96.4,93.52,hydroquebec.com,false,""
2025-12-15T06:00:00.000000,Canada,Québec,CA-QC,15.21,45.3,96.37,93.43,hydroquebec.com,false,""
2025-12-15T07:00:00.000000,Canada,Québec,CA-QC,15.03,44.97,96.42,93.46,hydroquebec.com,false,""
2025-12-15T08:00:00.000000,Canada,Québec,CA-QC,14.34,43.98,96.58,93.65,hydroquebec.com,false,""
2025-12-15T09:00:00.000000,Canada,Québec,CA-QC,13.42,42.77,96.81,94.29,hydroquebec.com,false,""
2025-12-15T10:00:00.000000,Canada,Québec,CA-QC,13.05,42.22,96.89,94.48,hydroquebec.com,false,""
2025-12-15T11:00:00.000000,Canada,Québec,CA-QC,14.54,44.13,96.55,94.18,hydroquebec.com,false,""
2025-12-15T12:00:00.000000,Canada,Québec,CA-QC,16.91,47.03,96.05,93.67,hydroquebec.com,false,""
2025-12-15T13:00:00.000000,Canada,Québec,CA-QC,16.96,46.99,96.1,93.84,hydroquebec.com,false,""
2025-12-15T14:00:00.000000,Canada,Québec,CA-QC,15.54,45.18,96.39,94.17,hydroquebec.com,false,""
2025-12-15T15:00:00.000000,Canada,Québec,CA-QC,11.45,40.06,97.29,95.32,hydroquebec.com,false,""
2025-12-15T16:00:00.000000,Canada,Québec,CA-QC,12.16,40.89,97.12,95.09,hydroquebec.com,false,""
2025-12-15T17:00:00.000000,Canada,Québec,CA-QC,11.88,40.6,97.17,95.15,hydroquebec.com,false,""
2025-12-15T18:00:00.000000,Canada,Québec,CA-QC,12.7,41.66,96.99,94.84,hydroquebec.com,false,""
2025-12-15T19:00:00.000000,Canada,Québec,CA-QC,13.22,42.15,96.89,94.72,hydroquebec.com,false,""
2025-12-15T20:00:00.000000,Canada,Québec,CA-QC,11.22,39.73,97.31,95.31,hydroquebec.com,false,""
2025-12-15T21:00:00.000000,Canada,Québec,CA-QC,14.41,43.65,96.62,94.47,hydroquebec.com,false,""
2025-12-15T22:00:00.000000,Canada,Québec,CA-QC,14.35,43.6,96.63,94.55,hydroquebec.com,false,""
2025-12-15T23:00:00.000000,Canada,Québec,CA-QC,14.49,43.78,96.6,94.52,hydroquebec.com,false,""
2025-12-16T00:00:00.000000,Canada,Québec,CA-QC,15.32,44.83,96.41,94.24,hydroquebec.com,false,""
2025-12-16T01:00:00.000000,Canada,Québec,CA-QC,12.13,40.96,97.11,95.09,hydroquebec.com,false,""
2025-12-16T02:00:00.000000,Canada,Québec,CA-QC,15.57,45.3,96.37,94.03,hydroquebec.com,false,""
2025-12-16T03:00:00.000000,Canada,Québec,CA-QC,12.76,41.93,96.95,94.67,hydroquebec.com,false,""
2025-12-16T04:00:00.000000,Canada,Québec,CA-QC,14.17,43.73,96.63,94.11,hydroquebec.com,false,""
2025-12-16T05:00:00.000000,Canada,Québec,CA-QC,15.52,45.45,96.35,93.51,hydroquebec.com,false,""
2025-12-16T06:00:00.000000,Canada,Québec,CA-QC,16.11,46.26,96.24,93.26,hydroquebec.com,false,""
2025-12-16T07:00:00.000000,Canada,Québec,CA-QC,16.63,46.96,96.14,93.07,hydroquebec.com,false,""
2025-12-16T08:00:00.000000,Canada,Québec,CA-QC,16.91,47.41,96.06,92.98,hydroquebec.com,false,""
2025-12-16T09:00:00.000000,Canada,Québec,CA-QC,15.83,46.14,96.27,93.32,hydroquebec.com,false,""
2025-12-16T10:00:00.000000,Canada,Québec,CA-QC,15.73,45.94,96.31,93.45,hydroquebec.com,false,""
2025-12-16T11:00:00.000000,Canada,Québec,CA-QC,14.33,44.15,96.62,94.1,hydroquebec.com,false,""
2025-12-16T12:00:00.000000,Canada,Québec,CA-QC,12.32,41.67,97.06,94.85,hydroquebec.com,false,""
2025-12-16T13:00:00.000000,Canada,Québec,CA-QC,12.48,41.88,97.03,94.86,hydroquebec.com,false,""
2025-12-16T14:00:00.000000,Canada,Québec,CA-QC,13.5,43.2,96.81,94.54,hydroquebec.com,false,""
2025-12-16T15:00:00.000000,Canada,Québec,CA-QC,14.4,44.38,96.58,94.21,hydroquebec.com,false,""
2025-12-16T16:00:00.000000,Canada,Québec,CA-QC,14.75,44.89,96.48,94.09,hydroquebec.com,false,""
2025-12-16T17:00:00.000000,Canada,Québec,CA-QC,17.01,47.47,96.03,93.49,hydroquebec.com,false,""
2025-12-16T18:00:00.000000,Canada,Québec,CA-QC,16.51,46.91,96.11,93.56,hydroquebec.com,false,""
2025-12-16T19:00:00.000000,Canada,Québec,CA-QC,15.64,45.84,96.28,93.81,hydroquebec.com,false,""
2025-12-16T20:00:00.000000,Canada,Québec,CA-QC,14.1,43.91,96.62,94.32,hydroquebec.com,false,""
2025-12-16T21:00:00.000000,Canada,Québec,CA-QC,12.68,41.99,96.98,94.84,hydroquebec.com,false,""
2025-12-16T22:00:00.000000,Canada,Québec,CA-QC,12.04,41.1,97.14,95.27,hydroquebec.com,false,""
2025-12-16T23:00:00.000000,Canada,Québec,CA-QC,11.63,40.47,97.21,95.24,hydroquebec.com,false,""
2025-12-17T00:00:00.000000,Canada,Québec,CA-QC,12.0,40.89,97.12,95.13,hydroquebec.com,false,""
2025-12-17T01:00:00.000000,Canada,Québec,CA-QC,13.1,42.16,96.86,94.73,hydroquebec.com,false,""
2025-12-17T02:00:00.000000,Canada,Québec,CA-QC,13.9,43.11,96.69,94.38,hydroquebec.com,false,""
2025-12-17T03:00:00.000000,Canada,Québec,CA-QC,14.91,44.37,96.45,93.89,hydroquebec.com,false,""
2025-12-17T04:00:00.000000,Canada,Québec,CA-QC,14.53,43.83,96.55,93.79,hydroquebec.com,false,""
2025-12-17T05:00:00.000000,Canada,Québec,CA-QC,12.51,41.29,97.04,94.23,hydroquebec.com,false,""
2025-12-17T06:00:00.000000,Canada,Québec,CA-QC,12.23,40.87,97.13,94.25,hydroquebec.com,false,""
2025-12-17T07:00:00.000000,Canada,Québec,CA-QC,11.94,40.49,97.19,94.29,hydroquebec.com,false,""
2025-12-17T08:00:00.000000,Canada,Québec,CA-QC,11.59,40.06,97.27,94.39,hydroquebec.com,false,""
2025-12-17T09:00:00.000000,Canada,Québec,CA-QC,11.67,40.2,97.24,94.37,hydroquebec.com,false,""
2025-12-17T10:00:00.000000,Canada,Québec,CA-QC,11.92,40.52,97.17,94.42,hydroquebec.com,false,""
2025-12-17T11:00:00.000000,Canada,Québec,CA-QC,10.42,38.68,97.5,95.11,hydroquebec.com,false,""
2025-12-17T12:00:00.000000,Canada,Québec,CA-QC,10.51,38.78,97.47,95.46,hydroquebec.com,false,""
2025-12-17T13:00:00.000000,Canada,Québec,CA-QC,11.03,39.35,97.34,95.2,hydroquebec.com,false,""
2025-12-17T14:00:00.000000,Canada,Québec,CA-QC,11.92,40.49,97.14,94.88,hydroquebec.com,false,""
2025-12-17T15:00:00.000000,Canada,Québec,CA-QC,12.6,41.44,96.98,94.62,hydroquebec.com,false,""
2025-12-17T16:00:00.000000,Canada,Québec,CA-QC,12.29,41.21,97.03,94.71,hydroquebec.com,false,""
2025-12-17T17:00:00.000000,Canada,Québec,CA-QC,12.41,41.37,97.01,94.63,hydroquebec.com,false,""
2025-12-17T18:00:00.000000,Canada,Québec,CA-QC,12.91,41.98,96.89,94.52,hydroquebec.com,false,""
2025-12-17T19:00:00.000000,Canada,Québec,CA-QC,12.83,41.97,96.89,94.54,hydroquebec.com,false,""
2025-12-17T20:00:00.000000,Canada,Québec,CA-QC,13.39,42.68,96.77,94.38,hydroquebec.com,false,""
2025-12-17T21:00:00.000000,Canada,Québec,CA-QC,13.31,42.54,96.81,94.56,hydroquebec.com,false,""
2025-12-17T22:00:00.000000,Canada,Québec,CA-QC,12.27,41.14,97.1,95.02,hydroquebec.com,false,""
2025-12-17T23:00:00.000000,Canada,Québec,CA-QC,12.49,41.31,97.06,94.93,hydroquebec.com,false,""
2025-12-18T00:00:00.000000,Canada,Québec,CA-QC,12.78,41.65,96.97,94.8,hydroquebec.com,false,""
2025-12-18T01:00:00.000000,Canada,Québec,CA-QC,12.98,41.87,96.93,94.7,hydroquebec.com,false,""
2025-12-18T02:00:00.000000,Canada,Québec,CA-QC,13.37,42.3,96.85,94.46,hydroquebec.com,false,""
2025-12-18T03:00:00.000000,Canada,Québec,CA-QC,13.92,42.96,96.74,94.22,hydroquebec.com,false,""
2025-12-18T04:00:00.000000,Canada,Québec,CA-QC,12.81,41.81,96.97,94.38,hydroquebec.com,false,""
2025-12-18T05:00:00.000000,Canada,Québec,CA-QC,6.73,34.89,98.27,95.93,hydroquebec.com,false,""
2025-12-18T06:00:00.000000,Canada,Québec,CA-QC,20.09,51.46,95.05,91.21,hydroquebec.com,false,""
2025-12-18T07:00:00.000000,Canada,Québec,CA-QC,23.03,54.99,94.41,90.11,hydroquebec.com,false,""
2025-12-18T08:00:00.000000,Canada,Québec,CA-QC,22.27,53.97,94.61,90.25,hydroquebec.com,false,""
2025-12-18T09:00:00.000000,Canada,Québec,CA-QC,21.28,52.75,94.83,90.7,hydroquebec.com,false,""
2025-12-18T10:00:00.000000,Canada,Québec,CA-QC,20.52,51.71,95.01,91.26,hydroquebec.com,false,""
2025-12-18T11:00:00.000000,Canada,Québec,CA-QC,20.56,51.67,94.99,91.66,hydroquebec.com,false,""
2025-12-18T12:00:00.000000,Canada,Québec,CA-QC,14.13,43.58,96.59,94.11,hydroquebec.com,false,""
2025-12-18T13:00:00.000000,Canada,Québec,CA-QC,17.48,47.93,95.71,92.91,hydroquebec.com,false,""
2025-12-18T14:00:00.000000,Canada,Québec,CA-QC,19.98,51.2,95.1,91.9,hydroquebec.com,false,""
2025-12-18T15:00:00.000000,Canada,Québec,CA-QC,19.89,51.27,95.1,91.67,hydroquebec.com,false,""
2025-12-18T16:00:00.000000,Canada,Québec,CA-QC,19.31,50.69,95.29,91.68,hydroquebec.com,false,""
2025-12-18T17:00:00.000000,Canada,Québec,CA-QC,20.2,51.88,95.08,91.21,hydroquebec.com,false,""
2025-12-18T18:00:00.000000,Canada,Québec,CA-QC,21.4,53.32,94.73,90.81,hydroquebec.com,false,""
2025-12-18T19:00:00.000000,Canada,Québec,CA-QC,20.18,51.46,95.03,91.33,hydroquebec.com,false,""
2025-12-18T20:00:00.000000,Canada,Québec,CA-QC,20.51,51.57,94.94,91.39,hydroquebec.com,false,""
2025-12-18T21:00:00.000000,Canada,Québec,CA-QC,18.84,49.24,95.39,92.14,hydroquebec.com,false,""
2025-12-18T22:00:00.000000,Canada,Québec,CA-QC,17.5,47.42,95.73,92.76,hydroquebec.com,false,""
2025-12-18T23:00:00.000000,Canada,Québec,CA-QC,17.58,47.35,95.69,92.27,hydroquebec.com,false,""
2025-12-19T00:00:00.000000,Canada,Québec,CA-QC,18.1,47.99,95.55,91.92,hydroquebec.com,false,""
2025-12-19T01:00:00.000000,Canada,Québec,CA-QC,20.4,50.89,94.96,91.04,hydroquebec.com,false,""
2025-12-19T02:00:00.000000,Canada,Québec,CA-QC,21.35,52.1,94.75,90.47,hydroquebec.com,false,""
2025-12-19T03:00:00.000000,Canada,Québec,CA-QC,21.2,51.93,94.81,90.21,hydroquebec.com,false,""
2025-12-19T04:00:00.000000,Canada,Québec,CA-QC,21.68,52.52,94.73,89.69,hydroquebec.com,false,""
2025-12-19T05:00:00.000000,Canada,Québec,CA-QC,20.41,50.94,95.08,89.62,hydroquebec.com,false,""
2025-12-19T06:00:00.000000,Canada,Québec,CA-QC,21.67,52.54,94.77,88.83,hydroquebec.com,false,""
2025-12-19T07:00:00.000000,Canada,Québec,CA-QC,22.6,53.7,94.55,88.28,hydroquebec.com,false,""
2025-12-19T08:00:00.000000,Canada,Québec,CA-QC,22.53,53.63,94.56,88.28,hydroquebec.com,false,""
2025-12-19T09:00:00.000000,Canada,Québec,CA-QC,23.38,54.73,94.34,88.09,hydroquebec.com,false,""
2025-12-19T10:00:00.000000,Canada,Québec,CA-QC,22.0,52.98,94.68,88.83,hydroquebec.com,false,""
2025-12-19T11:00:00.000000,Canada,Québec,CA-QC,20.11,50.79,95.14,90.66,hydroquebec.com,false,""
2025-12-19T12:00:00.000000,Canada,Québec,CA-QC,18.87,49.16,95.42,91.61,hydroquebec.com,false,""
2025-12-19T13:00:00.000000,Canada,Québec,CA-QC,19.29,49.61,95.34,91.55,hydroquebec.com,false,""
2025-12-19T14:00:00.000000,Canada,Québec,CA-QC,19.46,49.79,95.31,91.41,hydroquebec.com,false,""
2025-12-19T15:00:00.000000,Canada,Québec,CA-QC,19.98,50.46,95.17,91.28,hydroquebec.com,false,""
2025-12-19T16:00:00.000000,Canada,Québec,CA-QC,20.38,51.05,95.04,91.16,hydroquebec.com,false,""
2025-12-19T17:00:00.000000,Canada,Québec,CA-QC,20.0,50.53,95.15,91.33,hydroquebec.com,false,""
2025-12-19T18:00:00.000000,Canada,Québec,CA-QC,20.2,50.73,95.09,90.7,hydroquebec.com,false,""
2025-12-19T19:00:00.000000,Canada,Québec,CA-QC,21.04,51.88,94.88,90.31,hydroquebec.com,false,""
2025-12-19T20:00:00.000000,Canada,Québec,CA-QC,20.16,50.79,95.09,90.7,hydroquebec.com,false,""
2025-12-19T21:00:00.000000,Canada,Québec,CA-QC,19.04,49.46,95.35,91.26,hydroquebec.com,false,""
2025-12-19T22:00:00.000000,Canada,Québec,CA-QC,17.32,47.42,95.78,92.17,hydroquebec.com,false,""
2025-12-19T23:00:00.000000,Canada,Québec,CA-QC,17.73,47.93,95.67,91.94,hydroquebec.com,false,""
2025-12-20T00:00:00.000000,Canada,Québec,CA-QC,19.16,49.73,95.32,91.43,hydroquebec.com,false,""
2025-12-20T01:00:00.000000,Canada,Québec,CA-QC,20.64,51.64,94.95,90.87,hydroquebec.com,false,""
2025-12-20T02:00:00.000000,Canada,Québec,CA-QC,22.2,53.7,94.53,89.91,hydroquebec.com,false,""
2025-12-20T03:00:00.000000,Canada,Québec,CA-QC,23.02,54.76,94.32,89.38,hydroquebec.com,false,""
2025-12-20T04:00:00.000000,Canada,Québec,CA-QC,24.72,56.84,93.95,88.56,hydroquebec.com,false,""
2025-12-20T05:00:00.000000,Canada,Québec,CA-QC,24.31,56.28,94.08,88.39,hydroquebec.com,false,""
2025-12-20T06:00:00.000000,Canada,Québec,CA-QC,23.84,55.56,94.24,88.35,hydroquebec.com,false,""
2025-12-20T07:00:00.000000,Canada,Québec,CA-QC,23.06,54.52,94.43,88.56,hydroquebec.com,false,""
2025-12-20T08:00:00.000000,Canada,Québec,CA-QC,22.42,53.71,94.61,88.78,hydroquebec.com,false,""
2025-12-20T09:00:00.000000,Canada,Québec,CA-QC,21.47,52.49,94.89,89.22,hydroquebec.com,false,""
2025-12-20T10:00:00.000000,Canada,Québec,CA-QC,21.17,52.14,94.92,89.5,hydroquebec.com,false,""
2025-12-20T11:00:00.000000,Canada,Québec,CA-QC,20.4,51.29,95.1,90.69,hydroquebec.com,false,""
2025-12-20T12:00:00.000000,Canada,Québec,CA-QC,19.27,49.81,95.37,91.41,hydroquebec.com,false,""
2025-12-20T13:00:00.000000,Canada,Québec,CA-QC,18.9,49.31,95.48,91.67,hydroquebec.com,false,""
2025-12-20T14:00:00.000000,Canada,Québec,CA-QC,17.25,47.35,95.89,92.14,hydroquebec.com,false,""
2025-12-20T15:00:00.000000,Canada,Québec,CA-QC,16.85,46.94,96.0,92.13,hydroquebec.com,false,""
2025-12-20T16:00:00.000000,Canada,Québec,CA-QC,17.2,47.52,95.9,91.99,hydroquebec.com,false,""
2025-12-20T17:00:00.000000,Canada,Québec,CA-QC,16.67,46.92,96.04,92.12,hydroquebec.com,false,""
2025-12-20T18:00:00.000000,Canada,Québec,CA-QC,16.84,47.19,95.98,92.22,hydroquebec.com,false,""
2025-12-20T19:00:00.000000,Canada,Québec,CA-QC,17.46,47.94,95.8,92.22,hydroquebec.com,false,""
2025-12-20T20:00:00.000000,Canada,Québec,CA-QC,16.83,47.11,95.94,92.57,hydroquebec.com,false,""
2025-12-20T21:00:00.000000,Canada,Québec,CA-QC,15.24,44.99,96.35,93.17,hydroquebec.com,false,""
2025-12-20T22:00:00.000000,Canada,Québec,CA-QC,15.16,44.84,96.37,93.31,hydroquebec.com,false,""
2025-12-20T23:00:00.000000,Canada,Québec,CA-QC,15.57,45.31,96.27,92.68,hydroquebec.com,false,""
2025-12-21T00:00:00.000000,Canada,Québec,CA-QC,16.64,46.69,96.01,92.07,hydroquebec.com,false,""
2025-12-21T01:00:00.000000,Canada,Québec,CA-QC,17.23,47.52,95.86,91.77,hydroquebec.com,false,""
2025-12-21T02:00:00.000000,Canada,Québec,CA-QC,18.15,48.77,95.62,91.26,hydroquebec.com,false,""
2025-12-21T03:00:00.000000,Canada,Québec,CA-QC,18.09,48.72,95.65,91.02,hydroquebec.com,false,""
2025-12-21T04:00:00.000000,Canada,Québec,CA-QC,17.96,48.51,95.71,90.69,hydroquebec.com,false,""
2025-12-21T05:00:00.000000,Canada,Québec,CA-QC,16.87,46.96,96.03,90.59,hydroquebec.com,false,""
2025-12-21T06:00:00.000000,Canada,Québec,CA-QC,16.64,46.58,96.09,90.4,hydroquebec.com,false,""
2025-12-21T07:00:00.000000,Canada,Québec,CA-QC,16.74,46.68,96.06,90.23,hydroquebec.com,false,""
2025-12-21T08:00:00.000000,Canada,Québec,CA-QC,16.85,46.86,96.02,90.19,hydroquebec.com,false,""
2025-12-21T09:00:00.000000,Canada,Québec,CA-QC,17.1,47.21,95.96,90.16,hydroquebec.com,false,""
2025-12-21T10:00:00.000000,Canada,Québec,CA-QC,18.1,48.57,95.69,89.98,hydroquebec.com,false,""
2025-12-21T11:00:00.000000,Canada,Québec,CA-QC,18.4,49.21,95.6,90.71,hydroquebec.com,false,""
2025-12-21T12:00:00.000000,Canada,Québec,CA-QC,18.15,48.89,95.65,91.17,hydroquebec.com,false,""
2025-12-21T13:00:00.000000,Canada,Québec,CA-QC,17.82,48.44,95.73,91.45,hydroquebec.com,false,""
2025-12-21T14:00:00.000000,Canada,Québec,CA-QC,16.67,46.97,96.02,91.78,hydroquebec.com,false,""
2025-12-21T15:00:00.000000,Canada,Québec,CA-QC,15.1,44.96,96.4,92.24,hydroquebec.com,false,""
2025-12-21T16:00:00.000000,Canada,Québec,CA-QC,15.5,45.46,96.31,92.13,hydroquebec.com,false,""
2025-12-21T17:00:00.000000,Canada,Québec,CA-QC,16.09,46.27,96.15,92.02,hydroquebec.com,false,""
2025-12-21T18:00:00.000000,Canada,Québec,CA-QC,16.77,47.1,95.98,91.87,hydroquebec.com,false,""
2025-12-21T19:00:00.000000,Canada,Québec,CA-QC,17.94,48.51,95.65,91.68,hydroquebec.com,false,""
2025-12-21T20:00:00.000000,Canada,Québec,CA-QC,18.62,49.3,95.47,91.69,hydroquebec.com,false,""
2025-12-21T21:00:00.000000,Canada,Québec,CA-QC,18.23,48.72,95.56,92.15,hydroquebec.com,false,""
2025-12-21T22:00:00.000000,Canada,Québec,CA-QC,17.81,48.06,95.67,92.51,hydroquebec.com,false,""
2025-12-21T23:00:00.000000,Canada,Québec,CA-QC,18.57,48.76,95.5,91.98,hydroquebec.com,false,""
2025-12-22T00:00:00.000000,Canada,Québec,CA-QC,19.12,49.33,95.39,91.58,hydroquebec.com,false,""
2025-12-22T01:00:00.000000,Canada,Québec,CA-QC,20.22,50.75,95.11,91.15,hydroquebec.com,false,""
2025-12-22T02:00:00.000000,Canada,Québec,CA-QC,20.29,50.91,95.07,91.0,hydroquebec.com,false,""
2025-12-22T03:00:00.000000,Canada,Québec,CA-QC,20.36,51.05,95.07,90.8,hydroquebec.com,false,""
2025-12-22T04:00:00.000000,Canada,Québec,CA-QC,15.9,45.26,96.21,92.24,hydroquebec.com,false,""
2025-12-22T05:00:00.000000,Canada,Québec,CA-QC,14.39,43.14,96.65,92.75,hydroquebec.com,false,""
2025-12-22T06:00:00.000000,Canada,Québec,CA-QC,13.91,42.55,96.76,92.93,hydroquebec.com,false,""
2025-12-22T07:00:00.000000,Canada,Québec,CA-QC,13.97,42.72,96.68,92.85,hydroquebec.com,false,""
2025-12-22T08:00:00.000000,Canada,Québec,CA-QC,13.83,42.51,96.71,92.9,hydroquebec.com,false,""
2025-12-22T09:00:00.000000,Canada,Québec,CA-QC,13.51,42.03,96.8,92.97,hydroquebec.com,false,""
2025-12-22T10:00:00.000000,Canada,Québec,CA-QC,12.54,40.83,97.03,93.48,hydroquebec.com,false,""
2025-12-22T11:00:00.000000,Canada,Québec,CA-QC,11.93,40.17,97.14,94.02,hydroquebec.com,false,""
2025-12-22T12:00:00.000000,Canada,Québec,CA-QC,12.03,40.35,97.11,94.26,hydroquebec.com,false,""
2025-12-22T13:00:00.000000,Canada,Québec,CA-QC,12.12,40.49,97.11,94.34,hydroquebec.com,false,""
2025-12-22T14:00:00.000000,Canada,Québec,CA-QC,12.04,40.44,97.16,94.27,hydroquebec.com,false,""
2025-12-22T15:00:00.000000,Canada,Québec,CA-QC,12.33,40.88,97.09,94.11,hydroquebec.com,false,""
2025-12-22T16:00:00.000000,Canada,Québec,CA-QC,12.32,40.93,97.1,94.02,hydroquebec.com,false,""
2025-12-22T17:00:00.000000,Canada,Québec,CA-QC,11.97,40.68,97.2,94.16,hydroquebec.com,false,""
2025-12-22T18:00:00.000000,Canada,Québec,CA-QC,12.14,41.01,97.15,94.04,hydroquebec.com,false,""
2025-12-22T19:00:00.000000,Canada,Québec,CA-QC,12.68,41.69,97.01,93.93,hydroquebec.com,false,""
2025-12-22T20:00:00.000000,Canada,Québec,CA-QC,13.32,42.56,96.82,93.75,hydroquebec.com,false,""
2025-12-22T21:00:00.000000,Canada,Québec,CA-QC,16.98,47.25,95.9,92.65,hydroquebec.com,false,""
2025-12-22T22:00:00.000000,Canada,Québec,CA-QC,16.83,47.09,95.92,92.74,hydroquebec.com,false,""
2025-12-22T23:00:00.000000,Canada,Québec,CA-QC,15.47,45.33,96.26,93.14,hydroquebec.com,false,""
2025-12-23T00:00:00.000000,Canada,Québec,CA-QC,15.02,44.77,96.4,93.24,hydroquebec.com,false,""
2025-12-23T01:00:00.000000,Canada,Québec,CA-QC,15.11,44.95,96.36,93.12,hydroquebec.com,false,""
2025-12-23T02:00:00.000000,Canada,Québec,CA-QC,16.73,47.08,95.95,92.53,hydroquebec.com,false,""
2025-12-23T03:00:00.000000,Canada,Québec,CA-QC,18.62,49.52,95.48,91.69,hydroquebec.com,false,""
2025-12-23T04:00:00.000000,Canada,Québec,CA-QC,18.59,49.53,95.51,91.47,hydroquebec.com,false,""
2025-12-23T05:00:00.000000,Canada,Québec,CA-QC,17.93,48.71,95.7,91.48,hydroquebec.com,false,""
2025-12-23T06:00:00.000000,Canada,Québec,CA-QC,18.14,49.03,95.64,91.28,hydroquebec.com,false,""
2025-12-23T07:00:00.000000,Canada,Québec,CA-QC,18.56,49.63,95.52,90.98,hydroquebec.com,false,""
2025-12-23T08:00:00.000000,Canada,Québec,CA-QC,18.46,49.48,95.56,90.94,hydroquebec.com,false,""
2025-12-23T09:00:00.000000,Canada,Québec,CA-QC,18.0,48.91,95.66,91.17,hydroquebec.com,false,""
2025-12-23T10:00:00.000000,Canada,Québec,CA-QC,18.99,50.16,95.39,90.99,hydroquebec.com,false,""
2025-12-23T11:00:00.000000,Canada,Québec,CA-QC,19.7,50.85,95.27,91.12,hydroquebec.com,false,""
2025-12-23T12:00:00.000000,Canada,Québec,CA-QC,17.19,47.86,95.81,92.23,hydroquebec.com,false,""
2025-12-23T13:00:00.000000,Canada,Québec,CA-QC,16.49,46.97,95.98,92.59,hydroquebec.com,false,""
2025-12-23T14:00:00.000000,Canada,Québec,CA-QC,16.52,47.06,95.97,92.64,hydroquebec.com,false,""
2025-12-23T15:00:00.000000,Canada,Québec,CA-QC,16.87,47.61,95.88,92.6,hydroquebec.com,false,""
2025-12-23T16:00:00.000000,Canada,Québec,CA-QC,18.07,49.19,95.57,92.19,hydroquebec.com,false,""
2025-12-23T17:00:00.000000,Canada,Québec,CA-QC,18.35,49.72,95.49,92.04,hydroquebec.com,false,""
2025-12-23T18:00:00.000000,Canada,Québec,CA-QC,18.63,50.2,95.43,91.92,hydroquebec.com,false,""
2025-12-23T19:00:00.000000,Canada,Québec,CA-QC,18.0,49.41,95.6,92.1,hydroquebec.com,false,""
2025-12-23T20:00:00.000000,Canada,Québec,CA-QC,17.82,49.12,95.67,92.19,hydroquebec.com,false,""
2025-12-23T21:00:00.000000,Canada,Québec,CA-QC,16.24,47.05,96.06,92.77,hydroquebec.com,false,""
2025-12-23T22:00:00.000000,Canada,Québec,CA-QC,15.33,45.8,96.28,93.12,hydroquebec.com,false,""
2025-12-23T23:00:00.000000,Canada,Québec,CA-QC,14.58,44.79,96.48,93.3,hydroquebec.com,false,""
2025-12-24T00:00:00.000000,Canada,Québec,CA-QC,14.85,45.12,96.42,93.15,hydroquebec.com,false,""
2025-12-24T01:00:00.000000,Canada,Québec,CA-QC,15.37,45.77,96.3,92.9,hydroquebec.com,false,""
2025-12-24T02:00:00.000000,Canada,Québec,CA-QC,15.17,45.55,96.36,92.81,hydroquebec.com,false,""
2025-12-24T03:00:00.000000,Canada,Québec,CA-QC,15.46,45.92,96.3,92.43,hydroquebec.com,false,""
2025-12-24T04:00:00.000000,Canada,Québec,CA-QC,15.61,46.09,96.28,91.98,hydroquebec.com,false,""
2025-12-24T05:00:00.000000,Canada,Québec,CA-QC,14.81,45.04,96.5,91.94,hydroquebec.com,false,""
2025-12-24T06:00:00.000000,Canada,Québec,CA-QC,14.72,44.85,96.52,91.81,hydroquebec.com,false,""
2025-12-24T07:00:00.000000,Canada,Québec,CA-QC,14.65,44.73,96.54,91.7,hydroquebec.com,false,""
2025-12-24T08:00:00.000000,Canada,Québec,CA-QC,14.57,44.66,96.54,91.67,hydroquebec.com,false,""
2025-12-24T09:00:00.000000,Canada,Québec,CA-QC,14.85,45.04,96.46,91.6,hydroquebec.com,false,""
2025-12-24T10:00:00.000000,Canada,Québec,CA-QC,14.6,44.81,96.5,91.8,hydroquebec.com,false,""
2025-12-24T11:00:00.000000,Canada,Québec,CA-QC,16.11,46.83,96.09,91.73,hydroquebec.com,false,""
2025-12-24T12:00:00.000000,Canada,Québec,CA-QC,16.18,46.96,96.06,91.95,hydroquebec.com,false,""
2025-12-24T13:00:00.000000,Canada,Québec,CA-QC,16.86,47.89,95.91,91.95,hydroquebec.com,false,""
2025-12-24T14:00:00.000000,Canada,Québec,CA-QC,17.43,48.72,95.75,91.8,hydroquebec.com,false,""
2025-12-24T15:00:00.000000,Canada,Québec,CA-QC,18.95,50.74,95.36,91.26,hydroquebec.com,false,""
2025-12-24T16:00:00.000000,Canada,Québec,CA-QC,19.99,52.14,95.12,90.82,hydroquebec.com,false,""
2025-12-24T17:00:00.000000,Canada,Québec,CA-QC,18.08,49.97,95.61,91.34,hydroquebec.com,false,""
2025-12-24T18:00:00.000000,Canada,Québec,CA-QC,18.3,50.42,95.56,91.23,hydroquebec.com,false,""
2025-12-24T19:00:00.000000,Canada,Québec,CA-QC,18.81,51.11,95.43,91.14,hydroquebec.com,false,""
2025-12-24T20:00:00.000000,Canada,Québec,CA-QC,18.87,51.1,95.4,91.3,hydroquebec.com,false,""
2025-12-24T21:00:00.000000,Canada,Québec,CA-QC,19.72,52.0,95.19,91.26,hydroquebec.com,false,""
2025-12-24T22:00:00.000000,Canada,Québec,CA-QC,19.47,51.67,95.24,91.45,hydroquebec.com,false,""
2025-12-24T23:00:00.000000,Canada,Québec,CA-QC,19.56,51.83,95.21,91.28,hydroquebec.com,false,""
2025-12-25T00:00:00.000000,Canada,Québec,CA-QC,20.91,53.58,94.87,90.66,hydroquebec.com,false,""
2025-12-25T01:00:00.000000,Canada,Québec,CA-QC,21.24,53.96,94.8,90.4,hydroquebec.com,false,""
2025-12-25T02:00:00.000000,Canada,Québec,CA-QC,20.87,53.5,94.9,90.37,hydroquebec.com,false,""
2025-12-25T03:00:00.000000,Canada,Québec,CA-QC,20.24,52.72,95.07,90.44,hydroquebec.com,false,""
2025-12-25T04:00:00.000000,Canada,Québec,CA-QC,19.46,51.68,95.28,90.46,hydroquebec.com,false,""
2025-12-25T05:00:00.000000,Canada,Québec,CA-QC,18.15,49.98,95.63,90.64,hydroquebec.com,false,""
2025-12-25T06:00:00.000000,Canada,Québec,CA-QC,16.51,47.88,96.06,91.02,hydroquebec.com,false,""
2025-12-25T07:00:00.000000,Canada,Québec,CA-QC,16.27,47.56,96.11,91.02,hydroquebec.com,false,""
2025-12-25T08:00:00.000000,Canada,Québec,CA-QC,16.22,47.38,96.13,91.0,hydroquebec.com,false,""
2025-12-25T09:00:00.000000,Canada,Québec,CA-QC,15.85,46.85,96.21,91.12,hydroquebec.com,false,""
2025-12-25T10:00:00.000000,Canada,Québec,CA-QC,16.03,47.0,96.21,91.08,hydroquebec.com,false,""
2025-12-25T11:00:00.000000,Canada,Québec,CA-QC,16.1,47.11,96.16,91.12,hydroquebec.com,false,""
2025-12-25T12:00:00.000000,Canada,Québec,CA-QC,16.16,47.16,96.12,91.28,hydroquebec.com,false,""
2025-12-25T13:00:00.000000,Canada,Québec,CA-QC,16.1,46.99,96.17,91.5,hydroquebec.com,false,""
2025-12-25T14:00:00.000000,Canada,Québec,CA-QC,15.74,46.56,96.23,91.8,hydroquebec.com,false,""
2025-12-25T15:00:00.000000,Canada,Québec,CA-QC,15.49,46.26,96.27,91.93,hydroquebec.com,false,""
2025-12-25T16:00:00.000000,Canada,Québec,CA-QC,14.32,44.69,96.6,92.26,hydroquebec.com,false,""
2025-12-25T17:00:00.000000,Canada,Québec,CA-QC,14.8,45.28,96.48,92.0,hydroquebec.com,false,""
2025-12-25T18:00:00.000000,Canada,Québec,CA-QC,14.98,45.49,96.43,91.92,hydroquebec.com,false,""
2025-12-25T19:00:00.000000,Canada,Québec,CA-QC,15.29,45.8,96.35,91.94,hydroquebec.com,false,""
2025-12-25T20:00:00.000000,Canada,Québec,CA-QC,15.19,45.51,96.36,92.16,hydroquebec.com,false,""
2025-12-25T21:00:00.000000,Canada,Québec,CA-QC,15.23,45.3,96.36,92.43,hydroquebec.com,false,""
2025-12-25T22:00:00.000000,Canada,Québec,CA-QC,15.38,45.37,96.3,92.51,hydroquebec.com,false,""
2025-12-25T23:00:00.000000,Canada,Québec,CA-QC,15.5,45.51,96.26,92.42,hydroquebec.com,false,""
2025-12-26T00:00:00.000000,Canada,Québec,CA-QC,15.51,45.5,96.28,92.38,hydroquebec.com,false,""
2025-12-26T01:00:00.000000,Canada,Québec,CA-QC,15.93,45.95,96.18,92.22,hydroquebec.com,false,""
2025-12-26T02:00:00.000000,Canada,Québec,CA-QC,16.03,46.03,96.15,92.14,hydroquebec.com,false,""
2025-12-26T03:00:00.000000,Canada,Québec,CA-QC,17.02,47.27,95.93,91.74,hydroquebec.com,false,""
2025-12-26T04:00:00.000000,Canada,Québec,CA-QC,17.32,47.68,95.87,91.55,hydroquebec.com,false,""
2025-12-26T05:00:00.000000,Canada,Québec,CA-QC,15.51,45.38,96.34,92.15,hydroquebec.com,false,""
2025-12-26T06:00:00.000000,Canada,Québec,CA-QC,14.9,44.66,96.46,92.19,hydroquebec.com,false,""
2025-12-26T07:00:00.000000,Canada,Québec,CA-QC,14.41,44.04,96.59,92.31,hydroquebec.com,false,""
2025-12-26T08:00:00.000000,Canada,Québec,CA-QC,14.13,43.65,96.68,92.44,hydroquebec.com,false,""
2025-12-26T09:00:00.000000,Canada,Québec,CA-QC,14.55,44.2,96.54,92.34,hydroquebec.com,false,""
2025-12-26T10:00:00.000000,Canada,Québec,CA-QC,14.73,44.42,96.48,92.41,hydroquebec.com,false,""
2025-12-26T11:00:00.000000,Canada,Québec,CA-QC,13.45,42.89,96.77,93.08,hydroquebec.com,false,""
2025-12-26T12:00:00.000000,Canada,Québec,CA-QC,10.95,39.76,97.39,94.19,hydroquebec.com,false,""
2025-12-26T13:00:00.000000,Canada,Québec,CA-QC,11.64,40.65,97.22,94.02,hydroquebec.com,false,""
2025-12-26T14:00:00.000000,Canada,Québec,CA-QC,14.23,44.06,96.57,93.25,hydroquebec.com,false,""
2025-12-26T15:00:00.000000,Canada,Québec,CA-QC,14.89,45.09,96.42,93.16,hydroquebec.com,false,""
2025-12-26T16:00:00.000000,Canada,Québec,CA-QC,16.15,46.78,96.12,92.8,hydroquebec.com,false,""
2025-12-26T17:00:00.000000,Canada,Québec,CA-QC,16.65,47.52,95.97,92.65,hydroquebec.com,false,""
2025-12-26T18:00:00.000000,Canada,Québec,CA-QC,14.39,44.65,96.55,93.52,hydroquebec.com,false,""
2025-12-26T19:00:00.000000,Canada,Québec,CA-QC,13.79,43.92,96.71,93.95,hydroquebec.com,false,""
2025-12-26T20:00:00.000000,Canada,Québec,CA-QC,14.69,45.01,96.44,93.45,hydroquebec.com,false,""
2025-12-26T21:00:00.000000,Canada,Québec,CA-QC,15.34,45.82,96.26,93.26,hydroquebec.com,false,""
2025-12-26T22:00:00.000000,Canada,Québec,CA-QC,14.49,44.63,96.49,93.7,hydroquebec.com,false,""
2025-12-26T23:00:00.000000,Canada,Québec,CA-QC,14.43,44.5,96.5,93.7,hydroquebec.com,false,""
2025-12-27T00:00:00.000000,Canada,Québec,CA-QC,14.72,44.89,96.43,93.47,hydroquebec.com,false,""
2025-12-27T01:00:00.000000,Canada,Québec,CA-QC,15.53,45.91,96.23,93.15,hydroquebec.com,false,""
2025-12-27T02:00:00.000000,Canada,Québec,CA-QC,14.86,45.05,96.4,93.27,hydroquebec.com,false,""
2025-12-27T03:00:00.000000,Canada,Québec,CA-QC,15.42,45.71,96.3,93.03,hydroquebec.com,false,""
2025-12-27T04:00:00.000000,Canada,Québec,CA-QC,15.12,45.34,96.38,93.05,hydroquebec.com,false,""
2025-12-27T05:00:00.000000,Canada,Québec,CA-QC,15.16,45.39,96.37,92.9,hydroquebec.com,false,""
2025-12-27T06:00:00.000000,Canada,Québec,CA-QC,15.34,45.73,96.3,92.69,hydroquebec.com,false,""
2025-12-27T07:00:00.000000,Canada,Québec,CA-QC,15.64,46.14,96.23,92.55,hydroquebec.com,false,""
2025-12-27T08:00:00.000000,Canada,Québec,CA-QC,15.69,46.23,96.23,92.51,hydroquebec.com,false,""
2025-12-27T09:00:00.000000,Canada,Québec,CA-QC,14.92,45.39,96.41,92.77,hydroquebec.com,false,""
2025-12-27T10:00:00.000000,Canada,Québec,CA-QC,15.77,46.55,96.19,92.48,hydroquebec.com,false,""
2025-12-27T11:00:00.000000,Canada,Québec,CA-QC,16.85,47.96,95.91,92.21,hydroquebec.com,false,""
2025-12-27T12:00:00.000000,Canada,Québec,CA-QC,16.53,47.52,95.99,92.46,hydroquebec.com,false,""
2025-12-27T13:00:00.000000,Canada,Québec,CA-QC,15.31,45.91,96.32,93.04,hydroquebec.com,false,""
2025-12-27T14:00:00.000000,Canada,Québec,CA-QC,14.9,45.46,96.41,93.25,hydroquebec.com,false,""
2025-12-27T15:00:00.000000,Canada,Québec,CA-QC,15.18,45.9,96.32,93.17,hydroquebec.com,false,""
2025-12-27T16:00:00.000000,Canada,Québec,CA-QC,15.55,46.43,96.24,93.1,hydroquebec.com,false,""
2025-12-27T17:00:00.000000,Canada,Québec,CA-QC,16.37,47.47,96.07,92.79,hydroquebec.com,false,""
2025-12-27T18:00:00.000000,Canada,Québec,CA-QC,16.77,48.0,95.98,92.63,hydroquebec.com,false,""
2025-12-27T19:00:00.000000,Canada,Québec,CA-QC,17.03,48.25,95.93,92.51,hydroquebec.com,false,""
2025-12-27T20:00:00.000000,Canada,Québec,CA-QC,16.24,47.16,96.12,92.82,hydroquebec.com,false,""
2025-12-27T21:00:00.000000,Canada,Québec,CA-QC,15.22,45.68,96.37,93.27,hydroquebec.com,false,""
2025-12-27T22:00:00.000000,Canada,Québec,CA-QC,14.48,44.61,96.51,93.6,hydroquebec.com,false,""
2025-12-27T23:00:00.000000,Canada,Québec,CA-QC,14.43,44.48,96.5,93.58,hydroquebec.com,false,""
2025-12-28T00:00:00.000000,Canada,Québec,CA-QC,14.86,44.91,96.4,93.39,hydroquebec.com,false,""
2025-12-28T01:00:00.000000,Canada,Québec,CA-QC,14.45,44.41,96.47,93.44,hydroquebec.com,false,""
2025-12-28T02:00:00.000000,Canada,Québec,CA-QC,14.62,44.58,96.43,93.33,hydroquebec.com,false,""
2025-12-28T03:00:00.000000,Canada,Québec,CA-QC,15.28,45.32,96.3,93.08,hydroquebec.com,false,""
2025-12-28T04:00:00.000000,Canada,Québec,CA-QC,15.75,45.87,96.2,92.83,hydroquebec.com,false,""
2025-12-28T05:00:00.000000,Canada,Québec,CA-QC,15.76,45.84,96.2,92.67,hydroquebec.com,false,""
2025-12-28T06:00:00.000000,Canada,Québec,CA-QC,15.51,45.5,96.26,92.65,hydroquebec.com,false,""
2025-12-28T07:00:00.000000,Canada,Québec,CA-QC,15.43,45.39,96.25,92.61,hydroquebec.com,false,""
2025-12-28T08:00:00.000000,Canada,Québec,CA-QC,15.71,45.66,96.19,92.46,hydroquebec.com,false,""
2025-12-28T09:00:00.000000,Canada,Québec,CA-QC,14.87,44.55,96.4,92.69,hydroquebec.com,false,""
2025-12-28T10:00:00.000000,Canada,Québec,CA-QC,16.83,47.0,95.92,92.05,hydroquebec.com,false,""
2025-12-28T11:00:00.000000,Canada,Québec,CA-QC,16.78,46.97,95.93,92.16,hydroquebec.com,false,""
2025-12-28T12:00:00.000000,Canada,Québec,CA-QC,17.24,47.57,95.81,92.19,hydroquebec.com,false,""
2025-12-28T13:00:00.000000,Canada,Québec,CA-QC,17.01,47.28,95.87,92.36,hydroquebec.com,false,""
2025-12-28T14:00:00.000000,Canada,Québec,CA-QC,16.59,46.85,95.99,92.5,hydroquebec.com,false,""
2025-12-28T15:00:00.000000,Canada,Québec,CA-QC,14.6,44.52,96.47,93.15,hydroquebec.com,false,""
2025-12-28T16:00:00.000000,Canada,Québec,CA-QC,16.59,47.19,95.98,92.43,hydroquebec.com,false,""
2025-12-28T17:00:00.000000,Canada,Québec,CA-QC,18.05,49.1,95.62,91.92,hydroquebec.com,false,""
2025-12-28T18:00:00.000000,Canada,Québec,CA-QC,16.4,47.02,96.02,92.49,hydroquebec.com,false,""
2025-12-28T19:00:00.000000,Canada,Québec,CA-QC,17.83,48.71,95.71,92.09,hydroquebec.com,false,""
2025-12-28T20:00:00.000000,Canada,Québec,CA-QC,18.02,48.9,95.63,92.06,hydroquebec.com,false,""
2025-12-28T21:00:00.000000,Canada,Québec,CA-QC,16.15,46.43,96.11,92.79,hydroquebec.com,false,""
2025-12-28T22:00:00.000000,Canada,Québec,CA-QC,15.08,45.04,96.4,93.23,hydroquebec.com,false,""
2025-12-28T23:00:00.000000,Canada,Québec,CA-QC,14.33,44.15,96.59,93.41,hydroquebec.com,false,""
2025-12-29T00:00:00.000000,Canada,Québec,CA-QC,13.33,42.91,96.83,93.66,hydroquebec.com,false,""
2025-12-29T01:00:00.000000,Canada,Québec,CA-QC,13.25,42.85,96.83,93.53,hydroquebec.com,false,""
2025-12-29T02:00:00.000000,Canada,Québec,CA-QC,15.47,45.7,96.28,92.62,hydroquebec.com,false,""
2025-12-29T03:00:00.000000,Canada,Québec,CA-QC,16.05,46.57,96.15,92.23,hydroquebec.com,false,""
2025-12-29T04:00:00.000000,Canada,Québec,CA-QC,16.02,46.68,96.16,91.95,hydroquebec.com,false,""
2025-12-29T05:00:00.000000,Canada,Québec,CA-QC,15.43,45.93,96.34,91.8,hydroquebec.com,false,""
2025-12-29T06:00:00.000000,Canada,Québec,CA-QC,15.22,45.84,96.42,92.31,hydroquebec.com,false,""
2025-12-29T07:00:00.000000,Canada,Québec,CA-QC,15.65,46.29,96.32,92.15,hydroquebec.com,false,""
2025-12-29T08:00:00.000000,Canada,Québec,CA-QC,15.67,46.28,96.31,92.07,hydroquebec.com,false,""
2025-12-29T09:00:00.000000,Canada,Québec,CA-QC,15.4,45.96,96.37,92.21,hydroquebec.com,false,""
2025-12-29T10:00:00.000000,Canada,Québec,CA-QC,15.2,45.74,96.41,92.39,hydroquebec.com,false,""
2025-12-29T11:00:00.000000,Canada,Québec,CA-QC,14.41,44.77,96.59,92.85,hydroquebec.com,false,""
2025-12-29T12:00:00.000000,Canada,Québec,CA-QC,14.25,44.43,96.61,93.03,hydroquebec.com,false,""
2025-12-29T13:00:00.000000,Canada,Québec,CA-QC,14.41,44.51,96.57,93.14,hydroquebec.com,false,""
2025-12-29T14:00:00.000000,Canada,Québec,CA-QC,12.45,41.98,97.07,93.94,hydroquebec.com,false,""
2025-12-29T15:00:00.000000,Canada,Québec,CA-QC,10.6,39.47,97.53,94.76,hydroquebec.com,false,""
2025-12-29T16:00:00.000000,Canada,Québec,CA-QC,10.4,39.09,97.58,94.96,hydroquebec.com,false,""
2025-12-29T17:00:00.000000,Canada,Québec,CA-QC,10.3,38.98,97.6,94.94,hydroquebec.com,false,""
2025-12-29T18:00:00.000000,Canada,Québec,CA-QC,10.25,38.93,97.61,94.92,hydroquebec.com,false,""
2025-12-29T19:00:00.000000,Canada,Québec,CA-QC,10.93,39.78,97.43,94.68,hydroquebec.com,false,""
2025-12-29T20:00:00.000000,Canada,Québec,CA-QC,11.32,40.31,97.33,94.58,hydroquebec.com,false,""
2025-12-29T21:00:00.000000,Canada,Québec,CA-QC,11.09,40.0,97.38,94.69,hydroquebec.com,false,""
2025-12-29T22:00:00.000000,Canada,Québec,CA-QC,13.42,42.92,96.77,94.0,hydroquebec.com,false,""
2025-12-29T23:00:00.000000,Canada,Québec,CA-QC,14.26,43.92,96.56,93.67,hydroquebec.com,false,""
2025-12-30T00:00:00.000000,Canada,Québec,CA-QC,13.39,42.87,96.79,93.9,hydroquebec.com,false,""
2025-12-30T01:00:00.000000,Canada,Québec,CA-QC,15.2,45.21,96.35,93.25,hydroquebec.com,false,""
2025-12-30T02:00:00.000000,Canada,Québec,CA-QC,16.41,46.74,96.07,92.72,hydroquebec.com,false,""
2025-12-30T03:00:00.000000,Canada,Québec,CA-QC,17.35,47.94,95.87,92.23,hydroquebec.com,false,""
2025-12-30T04:00:00.000000,Canada,Québec,CA-QC,16.53,46.98,96.1,92.25,hydroquebec.com,false,""
2025-12-30T05:00:00.000000,Canada,Québec,CA-QC,19.13,50.19,95.43,90.65,hydroquebec.com,false,""
2025-12-30T06:00:00.000000,Canada,Québec,CA-QC,19.07,50.15,95.46,90.38,hydroquebec.com,false,""
2025-12-30T07:00:00.000000,Canada,Québec,CA-QC,18.38,49.28,95.64,90.54,hydroquebec.com,false,""
2025-12-30T08:00:00.000000,Canada,Québec,CA-QC,17.65,48.37,95.81,90.83,hydroquebec.com,false,""
2025-12-30T09:00:00.000000,Canada,Québec,CA-QC,17.41,48.05,95.87,91.03,hydroquebec.com,false,""
2025-12-30T10:00:00.000000,Canada,Québec,CA-QC,15.64,45.86,96.29,91.95,hydroquebec.com,false,""
2025-12-30T11:00:00.000000,Canada,Québec,CA-QC,14.99,45.09,96.41,92.56,hydroquebec.com,false,""
2025-12-30T12:00:00.000000,Canada,Québec,CA-QC,14.54,44.41,96.5,92.98,hydroquebec.com,false,""
2025-12-30T13:00:00.000000,Canada,Québec,CA-QC,16.52,46.79,95.99,92.41,hydroquebec.com,false,""
2025-12-30T14:00:00.000000,Canada,Québec,CA-QC,14.52,44.22,96.51,93.13,hydroquebec.com,false,""
2025-12-30T15:00:00.000000,Canada,Québec,CA-QC,13.14,42.39,96.86,93.62,hydroquebec.com,false,""
2025-12-30T16:00:00.000000,Canada,Québec,CA-QC,12.8,41.82,96.95,93.75,hydroquebec.com,false,""
2025-12-30T17:00:00.000000,Canada,Québec,CA-QC,12.34,41.16,97.08,93.89,hydroquebec.com,false,""
2025-12-30T18:00:00.000000,Canada,Québec,CA-QC,12.18,40.87,97.12,93.98,hydroquebec.com,false,""
2025-12-30T19:00:00.000000,Canada,Québec,CA-QC,12.23,40.84,97.1,94.02,hydroquebec.com,false,""
2025-12-30T20:00:00.000000,Canada,Québec,CA-QC,11.25,39.56,97.34,94.49,hydroquebec.com,false,""
2025-12-30T21:00:00.000000,Canada,Québec,CA-QC,12.25,40.78,97.07,94.29,hydroquebec.com,false,""
2025-12-30T22:00:00.000000,Canada,Québec,CA-QC,11.88,40.29,97.15,94.52,hydroquebec.com,false,""
2025-12-30T23:00:00.000000,Canada,Québec,CA-QC,12.16,40.63,97.09,94.42,hydroquebec.com,false,""
2025-12-31T00:00:00.000000,Canada,Québec,CA-QC,11.48,39.78,97.26,94.61,hydroquebec.com,false,""
2025-12-31T01:00:00.000000,Canada,Québec,CA-QC,11.22,39.43,97.33,94.66,hydroquebec.com,false,""
2025-12-31T02:00:00.000000,Canada,Québec,CA-QC,11.8,40.18,97.2,94.36,hydroquebec.com,false,""
2025-12-31T03:00:00.000000,Canada,Québec,CA-QC,13.93,42.88,96.69,93.42,hydroquebec.com,false,""
2025-12-31T04:00:00.000000,Canada,Québec,CA-QC,14.36,43.47,96.6,93.06,hydroquebec.com,false,""
2025-12-31T05:00:00.000000,Canada,Québec,CA-QC,14.43,43.47,96.64,92.89,hydroquebec.com,false,""
2025-12-31T06:00:00.000000,Canada,Québec,CA-QC,13.99,42.93,96.74,92.91,hydroquebec.com,false,""
2025-12-31T07:00:00.000000,Canada,Québec,CA-QC,14.12,43.13,96.7,92.8,hydroquebec.com,false,""
2025-12-31T08:00:00.000000,Canada,Québec,CA-QC,14.76,44.03,96.53,92.55,hydroquebec.com,false,""
2025-12-31T09:00:00.000000,Canada,Québec,CA-QC,15.07,44.52,96.44,92.6,hydroquebec.com,false,""
2025-12-31T10:00:00.000000,Canada,Québec,CA-QC,15.68,45.34,96.29,92.49,hydroquebec.com,false,""
2025-12-31T11:00:00.000000,Canada,Québec,CA-QC,12.91,41.92,96.93,93.7,hydroquebec.com,false,""
2025-12-31T12:00:00.000000,Canada,Québec,CA-QC,13.42,42.61,96.78,93.71,hydroquebec.com,false,""
2025-12-31T13:00:00.000000,Canada,Québec,CA-QC,14.39,43.84,96.55,93.44,hydroquebec.com,false,""
2025-12-31T14:00:00.000000,Canada,Québec,CA-QC,14.54,44.02,96.52,93.33,hydroquebec.com,false,""
2025-12-31T15:00:00.000000,Canada,Québec,CA-QC,15.64,45.4,96.26,92.92,hydroquebec.com,false,""
2025-12-31T16:00:00.000000,Canada,Québec,CA-QC,15.78,45.65,96.22,92.82,hydroquebec.com,false,""
2025-12-31T17:00:00.000000,Canada,Québec,CA-QC,16.03,46.0,96.17,92.7,hydroquebec.com,false,""
2025-12-31T18:00:00.000000,Canada,Québec,CA-QC,16.13,46.2,96.13,92.67,hydroquebec.com,false,""
2025-12-31T19:00:00.000000,Canada,Québec,CA-QC,16.2,46.37,96.1,92.71,hydroquebec.com,false,""
2025-12-31T20:00:00.000000,Canada,Québec,CA-QC,15.63,45.64,96.24,92.98,hydroquebec.com,false,""
2025-12-31T21:00:00.000000,Canada,Québec,CA-QC,14.88,44.64,96.42,93.32,hydroquebec.com,false,""
2025-12-31T22:00:00.000000,Canada,Québec,CA-QC,14.21,43.71,96.59,93.6,hydroquebec.com,false,""
2025-12-31T23:00:00.000000,Canada,Québec,CA-QC,14.37,43.87,96.57,93.45,hydroquebec.com,false,""
